scene,pair,mirror_side,episode,step,obs_00,obs_01,obs_02,obs_03,obs_04,obs_05,obs_06,obs_07,obs_08,obs_09,obs_10,obs_11,obs_12,obs_13,obs_14,obs_15,residual_linear,residual_angular,cmd_linear,cmd_angular,gate_active,gate_switches_cumulative,residual_angular_sign_switches_cumulative,cmd_angular_sign_switches_cumulative,min_lidar,robot_x,robot_y,robot_yaw_deg,goal_distance,goal_relative_angle_deg,entered_040,terminal_reason
recovery_pair01_positive,1,positive,1,236,0.466518372297287,0.5154977440834045,0.6672406196594238,1.0,1.0,1.0,1.0,1.0,0.2362280935049057,1.0,0.7995249629020691,-0.9184427261352539,0.037305548787117004,0.7201879620552063,0.6937789916992188,0.2559444308280945,0.7878074645996094,-0.9192150831222534,0.08349349349737167,0.6000000238418579,0,38,0,37,0.8267983198165894,2.309652798442113,-0.10706037328739386,102.0,0.389565248194104,40.64,1,running
recovery_pair01_positive,1,positive,1,237,0.47368302941322327,0.5539223551750183,0.7690569758415222,1.0,1.0,1.0,1.0,0.26409947872161865,0.24306289851665497,1.0,0.8065500259399414,-0.9218456149101257,0.03624529391527176,0.6513041257858276,0.7588167786598206,0.2257777750492096,0.7939485311508179,-0.9127289652824402,0.08159420639276505,0.567441463470459,0,38,0,37,0.8468050956726074,2.3056594884058126,-0.0921469921943783,108.0,0.37745975039703966,36.07,1,running
recovery_pair01_positive,1,positive,1,238,0.4907810389995575,0.6006694436073303,0.9061588644981384,1.0,1.0,1.0,1.0,0.2419443130493164,0.2531140446662903,1.0,0.7878074645996094,-0.9192150831222534,0.03511899709701538,0.5887731909751892,0.8082982897758484,0.20038889348506927,0.8057969212532043,-0.9182242751121521,0.07957662642002106,0.5036321878433228,0,38,0,37,0.8164779543876648,2.300176324590774,-0.07802923400276168,114.0,0.36482874030688817,31.36,1,running
recovery_pair01_positive,1,positive,1,239,0.5148912072181702,0.6567890048027039,1.0,1.0,1.0,1.0,1.0,0.23327942192554474,1.0,1.0,0.7939485311508179,-0.9127289652824402,0.03394380584359169,0.5204136371612549,0.8539143204689026,0.1742222160100937,0.8487403988838196,-0.9360901713371277,0.07747145742177963,0.4378682076931,0,38,0,37,0.7902059555053711,2.293885778823371,-0.06565168058475943,120.0,0.35268010674650724,26.44,1,running
recovery_pair01_positive,1,positive,1,240,0.5403482913970947,0.7432745695114136,1.0,1.0,1.0,1.0,1.0,0.22577312588691711,1.0,1.0,0.8057969212532043,-0.9182242751121521,0.032813478261232376,0.4452604055404663,0.895401120185852,0.1468888819217682,0.8526297807693481,-0.9377941489219666,0.11807817220687866,-0.28133824467658997,1,39,0,38,0.7902059555053711,2.285798917842549,-0.052723812395855135,123.0,0.33885305321436493,24.5,1,running
recovery_pair01_positive,1,positive,1,241,0.5602573752403259,0.7776581645011902,1.0,1.0,1.0,1.0,0.28291431069374084,0.22940747439861298,1.0,1.0,0.8487403988838196,-0.9360901713371277,0.031527020037174225,0.4146932363510132,0.9099612832069397,0.13611111044883728,0.8764621019363403,-0.9479420185089111,0.11696527898311615,-0.2843826115131378,1,39,0,38,0.7776978611946106,2.2735754553796492,-0.032891338335133975,120.0,0.3180509752385477,29.33,1,running
recovery_pair01_positive,1,positive,1,242,0.5501431822776794,0.7320134043693542,1.0,1.0,1.0,1.0,1.0,0.22219939529895782,1.0,1.0,0.8526297807693481,-0.9377941489219666,0.02959158457815647,0.48983898758888245,0.8718129396438599,0.16294445097446442,0.8576722145080566,-0.9397183060646057,0.1125587746500969,-0.2819155156612396,1,39,0,38,0.7622809410095215,2.2624977168094453,-0.012447194568492807,117.0,0.29833423593468245,34.63,1,running
recovery_pair01_positive,1,positive,1,243,0.5348647236824036,0.6984580159187317,1.0,1.0,1.0,1.0,1.0,0.21779455244541168,0.2847588062286377,1.0,0.8764621019363403,-0.9479420185089111,0.027757124975323677,0.5682746767997742,0.8228389620780945,0.1923888921737671,0.8305023312568665,-0.9285092353820801,0.10791415721178055,-0.278552770614624,1,39,0,38,0.7622809410095215,2.2530296459469943,0.007648717228927362,114.0,0.280763572946578,40.32,1,running
recovery_pair01_positive,1,positive,1,244,0.524071991443634,0.6636204719543457,1.0,1.0,1.0,1.0,1.0,0.2218499332666397,0.23361945152282715,1.0,0.8576722145080566,-0.9397183060646057,0.02612234279513359,0.647055983543396,0.7624425292015076,0.2240000069141388,0.8314723968505859,-0.928821861743927,0.10503421723842621,-0.2786465585231781,1,39,0,38,0.7554259300231934,2.2449058281310084,0.027590834616721738,111.0,0.26519412282651433,46.44,1,running
recovery_pair01_positive,1,positive,1,245,0.5168393850326538,0.6407152414321899,0.9795776009559631,1.0,1.0,1.0,1.0,0.22723691165447235,0.21583597362041473,1.0,0.8305023312568665,-0.9285092353820801,0.024673746898770332,0.7246531248092651,0.6891137957572937,0.257999986410141,0.8347224593162537,-0.9300311803817749,0.10260181128978729,-0.2790093719959259,1,39,0,38,0.7347432971000671,2.238046240443522,0.04748573788173683,107.0,0.25172017821289966,54.03,1,running
recovery_pair01_positive,1,positive,1,246,0.5074298977851868,0.6115490794181824,0.8994707465171814,1.0,1.0,1.0,1.0,0.25138059258461,0.20992664992809296,1.0,0.8314723968505859,-0.928821861743927,0.02342013083398342,0.8093246221542358,0.5873615741729736,0.30016666650772095,0.8366235494613647,-0.930439829826355,0.10045120120048523,-0.2791319489479065,1,39,0,38,0.7149926424026489,2.2324281146636773,0.06738885167080508,104.0,0.24053781139043354,61.08,1,running
recovery_pair01_positive,1,positive,1,247,0.49825984239578247,0.5845714211463928,0.8240418434143066,1.0,1.0,1.0,1.0,1.0,0.20428360998630524,1.0,0.8347224593162537,-0.9300311803817749,0.022379722446203232,0.8752957582473755,0.48358795046806335,0.33933332562446594,0.8368759751319885,-0.9372178316116333,0.0986001044511795,-0.28116536140441895,1,39,0,38,0.7095406651496887,2.2280464504686806,0.08716010514818878,101.0,0.23191105561004896,68.53,1,running
recovery_pair01_positive,1,positive,1,248,0.4992408752441406,0.5781852006912231,0.7725196480751038,1.0,1.0,1.0,1.0,1.0,0.20272590219974518,0.2388913333415985,0.8366235494613647,-0.930439829826355,0.02157708629965782,0.9306093454360962,0.3660140037536621,0.3807222247123718,0.8625079393386841,-0.9429581761360168,0.0984439104795456,-0.28288745880126953,1,39,0,38,0.7095406651496887,2.224795849869504,0.10689848397558646,98.0,0.22591137710194864,76.3,1,running
recovery_pair01_positive,1,positive,1,249,0.4934755861759186,0.5552356839179993,0.7266756892204285,1.0,1.0,1.0,1.0,1.0,0.2045242041349411,0.21371780335903168,0.8368759751319885,-0.9372178316116333,0.021018873900175095,0.9715490937232971,0.23683814704418182,0.4238888919353485,0.867526113986969,-0.9440752267837524,0.04337630793452263,-0.28322258591651917,1,39,0,38,0.7124057412147522,2.223279426555046,0.11989855330958561,95.0,0.2234781594461371,82.58,1,running
recovery_pair01_positive,1,positive,1,250,0.4904184639453888,0.5468255281448364,0.6847255825996399,1.0,1.0,1.0,1.0,1.0,0.21593280136585236,0.2035444974899292,0.8625079393386841,-0.9429581761360168,0.02079249545931816,0.9916261434555054,0.12914174795150757,0.4587777853012085,0.8718506097793579,-0.9450441598892212,0.043592531234025955,-0.28351324796676636,1,39,0,38,0.697800874710083,2.22273258822718,0.1291283007999439,92.0,0.22273267171927033,87.95,1,running
recovery_pair01_positive,1,positive,1,251,0.4918093979358673,0.5314100980758667,0.6577765345573425,1.0,1.0,1.0,1.0,1.0,0.23732201755046844,0.19937168061733246,0.867526113986969,-0.9440752267837524,0.020723124966025352,0.9993599653244019,0.03577161580324173,0.488611102104187,0.8755342364311218,-0.9459456205368042,0.04377671331167221,-0.2837837040424347,1,39,0,38,0.6827121376991272,2.222706551590539,0.1384648234847623,88.0,0.22289417845866327,94.35,1,running
recovery_pair01_positive,1,positive,1,252,0.49272480607032776,0.5194875597953796,0.6251482963562012,0.9293914437294006,1.0,1.0,1.0,1.0,1.0,0.1950606107711792,0.8718506097793579,-0.9450441598892212,0.020738156512379646,0.9971193075180054,-0.07584890723228455,0.5241666436195374,0.8973072171211243,-0.9543117880821228,0.04486536234617233,-0.28629353642463684,1,39,0,38,0.6824979782104492,2.223226952703639,0.14802267911235942,85.0,0.22400897171632794,99.79,1,running
recovery_pair01_positive,1,positive,1,253,0.4952714741230011,0.5133625864982605,0.6004277467727661,0.8572856187820435,1.0,1.0,1.0,1.0,1.0,0.19499942660331726,0.8755342364311218,-0.9459456205368042,0.02084188349545002,0.9854375720024109,-0.17003750801086426,0.5543888807296753,0.89613276720047,-0.9533292055130005,0.04480664059519768,-0.28599876165390015,1,39,0,38,0.6824979782104492,2.2242996756944593,0.15756598586410886,82.0,0.2260710396645085,105.18,1,running
recovery_pair01_positive,1,positive,1,254,0.4960756301879883,0.49827900528907776,0.579075276851654,0.7957123517990112,1.0,1.0,1.0,1.0,1.0,0.1985667198896408,0.8973072171211243,-0.9543117880821228,0.02103373222053051,0.9651079773902893,-0.26185229420661926,0.5843333601951599,0.8949241042137146,-0.9522411823272705,0.04474620521068573,-0.2856723666191101,1,39,0,38,0.6949835419654846,2.2258497326660835,0.16672463985102895,79.0,0.22892601950892325,110.4,1,running
recovery_pair01_positive,1,positive,1,255,0.5045130848884583,0.5010956525802612,0.5580993294715881,0.7454415559768677,1.0,1.0,1.0,1.0,1.0,0.20947329699993134,0.89613276720047,-0.9533292055130005,0.021299351006746292,0.9372819662094116,-0.3485720455646515,0.6133333444595337,0.8948747515678406,-0.9517503380775452,0.04474373906850815,-0.2855251133441925,1,39,0,38,0.7331565618515015,2.227875274654423,0.17575181165746973,76.0,0.23255740507761488,115.52,1,running
recovery_pair01_positive,1,positive,1,256,0.5089084506034851,0.49422532320022583,0.5428970456123352,0.7018929123878479,1.0,1.0,1.0,1.0,1.0,0.22252993285655975,0.8949241042137146,-0.9522411823272705,0.021637223660945892,0.9024349451065063,-0.4308261275291443,0.641777753829956,0.894145667552948,-0.9509519338607788,0.0447072833776474,-0.2852855920791626,1,39,0,38,0.7788547873497009,2.2304343197456986,0.18481638615552837,73.0,0.23702256511504902,120.54,1,running
recovery_pair01_positive,1,positive,1,257,0.5196390151977539,0.4930146634578705,0.5345250964164734,0.6608719229698181,1.0,1.0,1.0,1.0,1.0,1.0,0.8948747515678406,-0.9517503380775452,0.022052673622965813,0.8612746000289917,-0.5081397891044617,0.6696666479110718,0.8789188265800476,-0.9467466473579407,0.04394594207406044,-0.2840240001678467,1,39,0,38,1.7238422632217407,2.2334593814912,0.19363706361594182,69.0,0.242156599909212,126.4,1,running
recovery_pair01_positive,1,positive,1,258,0.5279819369316101,0.4925263524055481,0.5241076350212097,0.6340125799179077,0.9650954008102417,1.0,1.0,1.0,1.0,1.0,0.894145667552948,-0.9509519338607788,0.022530347108840942,0.8048937916755676,-0.5934188961982727,0.7022222280502319,0.8808720707893372,-0.9467978477478027,0.04404360428452492,-0.28403937816619873,1,39,0,38,1.7238422632217407,2.2369918521896617,0.20232956708173938,66.0,0.2479825925493046,131.12,1,running
recovery_pair01_positive,1,positive,1,259,0.5369812250137329,0.49374035000801086,0.5103235840797424,0.6128352880477905,0.8771281242370605,1.0,1.0,1.0,1.0,1.0,0.8789188265800476,-0.9467466473579407,0.023072393611073494,0.7533338665962219,-0.6576382517814636,0.7284444570541382,0.8833287954330444,-0.9470888376235962,0.0,0.6000000238418579,0,40,0,39,1.724558711051941,2.238442382485758,0.20550140743592157,68.0,0.25031620122119014,129.72,1,running
recovery_pair01_positive,1,positive,1,260,0.5281628370285034,0.4927310645580292,0.520093560218811,0.6286599040031433,0.9616279006004333,1.0,1.0,1.0,1.0,1.0,0.8808720707893372,-0.9467978477478027,0.02328951470553875,0.7691765427589417,-0.6390363574028015,0.7206666469573975,0.8814984560012817,-0.946718156337738,0.0,0.6000000238418579,0,40,0,39,0.8210285305976868,2.2381216078214536,0.2044378742803945,75.0,0.24968864931050586,122.51,1,running
recovery_pair01_positive,1,positive,1,261,0.5105752348899841,0.49469342827796936,0.541350781917572,0.7110727429389954,1.0,1.0,1.0,1.0,1.0,0.23457957804203033,0.8833287954330444,-0.9470888376235962,0.023231113329529762,0.8432976603507996,-0.5374467968940735,0.6806111335754395,0.897419273853302,-0.9517681002616882,0.0,0.6000000238418579,0,40,0,39,0.7383338809013367,2.23792508890242,0.20332175687285234,82.0,0.24916748779652503,115.28,1,running
recovery_pair01_positive,1,positive,1,262,0.4928456246852875,0.5026955008506775,0.580887496471405,0.815697968006134,1.0,1.0,1.0,1.0,1.0,0.2109525352716446,0.8814984560012817,-0.946718156337738,0.02318263053894043,0.9042316675186157,-0.42704224586486816,0.6404444575309753,0.9010066390037537,-0.953987717628479,0.04505033418536186,-0.2861963212490082,1,41,0,40,0.7202244997024536,2.238343932513969,0.2072281607579261,83.0,0.2507535277493933,115.1,1,running
recovery_pair01_positive,1,positive,1,263,0.4948168396949768,0.5065019726753235,0.586100697517395,0.8150330185890198,1.0,1.0,1.0,1.0,1.0,0.20577843487262726,0.897419273853302,-0.9517681002616882,0.02333020232617855,0.9055687785148621,-0.4241994321346283,0.6394444704055786,0.9017852544784546,-0.954311192035675,0.04508926346898079,-0.2862933576107025,1,41,0,40,0.7202244997024536,2.2397305209082856,0.21664299727295866,80.0,0.2551388381944523,120.01,1,running
recovery_pair01_positive,1,positive,1,264,0.4953838884830475,0.493442565202713,0.5614098310470581,0.756035327911377,1.0,1.0,1.0,1.0,1.0,0.22091631591320038,0.9010066390037537,-0.953987717628479,0.02373821660876274,0.865938127040863,-0.5001511573791504,0.6667222380638123,0.8990458250045776,-0.9526368379592896,0.04495229199528694,-0.2857910692691803,1,41,0,40,0.7732071280479431,2.241665091786988,0.22599256959839006,77.0,0.26028326674441743,124.8,1,running
recovery_pair01_positive,1,positive,1,265,0.5004755854606628,0.49197062849998474,0.5440384149551392,0.7050460577011108,1.0,1.0,1.0,1.0,1.0,0.2518295347690582,0.9017852544784546,-0.954311192035675,0.024216853082180023,0.8211492300033569,-0.5707135796546936,0.6933333277702332,0.8972652554512024,-0.9514713883399963,0.0448632650077343,-0.28544142842292786,1,41,0,40,0.881403386592865,2.2441438308938317,0.23522896057353143,73.0,0.26612529642859767,130.45,1,running
recovery_pair01_positive,1,positive,1,266,0.515872597694397,0.4860897362232208,0.5329620242118835,0.6719247698783875,1.0,1.0,1.0,1.0,1.0,1.0,0.8990458250045776,-0.9526368379592896,0.02476038597524166,0.7609724402427673,-0.6487842202186584,0.7247222065925598,0.8830153942108154,-0.9473669528961182,0.04415076971054077,-0.28421008586883545,1,41,0,40,1.701314091682434,2.2471036721169764,0.2441607904621107,70.0,0.2724855346567996,134.93,1,running
recovery_pair01_positive,1,positive,1,267,0.5246066451072693,0.49182993173599243,0.5179065465927124,0.6338260769844055,0.9737063050270081,1.0,1.0,1.0,1.0,1.0,0.8972652554512024,-0.9514713883399963,0.025352155789732933,0.707970142364502,-0.7062423825263977,0.7496111392974854,0.8829650282859802,-0.9467807412147522,0.04414825141429901,-0.28403422236442566,1,41,0,40,1.7108935117721558,2.2504064211173587,0.25255698778055735,67.0,0.27908859913069745,139.2,1,running
recovery_pair01_positive,1,positive,1,268,0.5336906313896179,0.488826721906662,0.5029081702232361,0.6059317588806152,0.8904716372489929,1.0,1.0,1.0,1.0,1.0,0.8830153942108154,-0.9473669528961182,0.02596651203930378,0.653420627117157,-0.7569950819015503,0.7733333110809326,0.8838321566581726,-0.9464781284332275,0.0,0.6000000238418579,0,42,0,41,1.7108935117721558,2.253431851879086,0.25950664992146844,67.0,0.2849139634672631,140.19,1,running
recovery_pair01_positive,1,positive,1,269,0.5263621211051941,0.48949551582336426,0.5161381959915161,0.6187300682067871,0.9166483283042908,1.0,1.0,1.0,1.0,1.0,0.8829650282859802,-0.9467807412147522,0.026508495211601257,0.6402437686920166,-0.7681717872619629,0.7788333296775818,0.8843372464179993,-0.9467184543609619,0.0,0.6000000238418579,0,42,0,41,1.7056018114089966,2.254404879153781,0.26204480752175147,72.0,0.2869449606086217,135.55,1,running
recovery_pair01_positive,1,positive,1,270,0.5092163681983948,0.48731479048728943,0.5280202031135559,0.6524271965026855,1.0,1.0,1.0,1.0,1.0,1.0,0.8838321566581726,-0.9464781284332275,0.02669745497405529,0.7002865672111511,-0.7138618230819702,0.7530555725097656,0.8823413252830505,-0.9465672373771667,0.0,0.6000000238418579,0,42,0,41,0.8808210492134094,2.2544826065276093,0.2621559031021748,78.0,0.2870652665703833,129.56,1,running
recovery_pair01_positive,1,positive,1,271,0.4982161521911621,0.4887106120586395,0.5571120381355286,0.7392319440841675,1.0,1.0,1.0,1.0,1.0,0.2516631484031677,0.8843372464179993,-0.9467184543609619,0.02670864947140217,0.7709580659866333,-0.636885941028595,0.7197777628898621,0.9005997180938721,-0.952582061290741,0.0,0.6000000238418579,0,42,0,41,0.7537840604782104,2.254378857424067,0.261247901214283,85.0,0.2865541299896486,122.41,1,running
recovery_pair01_positive,1,positive,1,272,0.48366257548332214,0.4992900788784027,0.5939469337463379,0.8582110404968262,1.0,1.0,1.0,1.0,1.0,0.21536687016487122,0.8823413252830505,-0.9465672373771667,0.026661096140742302,0.8442344069480896,-0.5359741449356079,0.680055558681488,0.905785858631134,-0.9554540514945984,0.0452892929315567,-0.28663623332977295,1,43,0,42,0.7537840604782104,2.2545137738298977,0.2639692268189219,87.0,0.28793638925217185,120.88,1,running
recovery_pair01_positive,1,positive,1,273,0.4882271885871887,0.5121899843215942,0.604681670665741,0.8869606256484985,1.0,1.0,1.0,1.0,1.0,0.21826915442943573,0.9005997180938721,-0.952582061290741,0.026789704337716103,0.8582441210746765,-0.513241708278656,0.6715555787086487,0.9081821441650391,-0.9566586017608643,0.04540910944342613,-0.28699758648872375,1,43,0,42,0.7639420628547668,2.255267495765198,0.2734387944523882,84.0,0.29314056070998684,125.45,1,running
recovery_pair01_positive,1,positive,1,274,0.48427847027778625,0.495667040348053,0.5834723114967346,0.8215131163597107,1.0,1.0,1.0,1.0,1.0,0.21988645195960999,0.905785858631134,-0.9554540514945984,0.027273893356323242,0.8146219849586487,-0.5799922943115234,0.6969444155693054,0.90480637550354,-0.9546961188316345,0.04524032026529312,-0.28640884160995483,1,43,0,42,0.7696025967597961,2.256507897595034,0.2824340658485414,81.0,0.2987304218372428,129.83,1,running
recovery_pair01_positive,1,positive,1,275,0.4946098327636719,0.4941476285457611,0.5627613067626953,0.7639296650886536,1.0,1.0,1.0,1.0,1.0,0.24929603934288025,0.9081821441650391,-0.9566586017608643,0.027793986722826958,0.7679482698440552,-0.6405118703842163,0.7212777733802795,0.9026933312416077,-0.9534400701522827,0.04513466730713844,-0.2860320210456848,1,43,0,42,0.8725361227989197,2.2582648779915897,0.29167875000508736,78.0,0.3050585776367813,134.16,1,running
recovery_pair01_positive,1,positive,1,276,0.4963546693325043,0.4910197854042053,0.5467892289161682,0.7152224779129028,1.0,1.0,1.0,1.0,1.0,1.0,0.90480637550354,-0.9546961188316345,0.02838275581598282,0.717397153377533,-0.6966644525527954,0.7453333139419556,0.8863879442214966,-0.9484419226646423,0.04431939870119095,-0.2845325767993927,1,43,0,42,1.697527527809143,2.260514947291721,0.30070560094661014,74.0,0.3118343566717247,139.34,1,running
recovery_pair01_positive,1,positive,1,277,0.509407639503479,0.4850078523159027,0.5291479825973511,0.6774777770042419,1.0,1.0,1.0,1.0,1.0,1.0,0.9026933312416077,-0.9534400701522827,0.02901318669319153,0.6515689492225647,-0.7585893869400024,0.7741110920906067,0.8851114511489868,-0.9473531246185303,0.0442555733025074,-0.28420594334602356,1,43,0,42,1.697527527809143,2.26327669923178,0.30959145893858336,71.0,0.31907993162010195,143.4,1,running
recovery_pair01_positive,1,positive,1,278,0.5154101848602295,0.4866175949573517,0.5178353190422058,0.6377424001693726,0.9871252775192261,1.0,1.0,1.0,1.0,1.0,0.8863879442214966,-0.9484419226646423,0.029687322676181793,0.5962249040603638,-0.8028174638748169,0.79666668176651,0.8835077881813049,-0.9462440013885498,0.0,0.6000000238418579,0,44,0,43,1.6974215507507324,2.2644998632100015,0.31298394057756684,74.0,0.32201272702325806,140.78,1,running
recovery_pair01_positive,1,positive,1,279,0.501693069934845,0.4849775731563568,0.5334169864654541,0.6793660521507263,1.0,1.0,1.0,1.0,1.0,1.0,0.8851114511489868,-0.9473531246185303,0.029960183426737785,0.6322997808456421,-0.7747238278388977,0.7821111083030701,0.8848239183425903,-0.9471401572227478,0.0,0.6000000238418579,0,44,0,43,0.9115532636642456,2.2642802341773502,0.3118909925049119,81.0,0.32120988101957765,133.64,1,running
recovery_pair01_positive,1,positive,1,280,0.48529717326164246,0.4911849796772003,0.5642187595367432,0.7784712910652161,1.0,1.0,1.0,1.0,1.0,0.260443776845932,0.8835077881813049,-0.9462440013885498,0.029885493218898773,0.7236902117729187,-0.6901249289512634,0.7424444556236267,0.9030987620353699,-0.9533659219741821,0.0,0.6000000238418579,0,44,0,43,0.7843801975250244,2.2641919351115223,0.3107650447073501,88.0,0.32049846116915437,126.48,1,running
recovery_pair01_positive,1,positive,1,281,0.476042777299881,0.5056535601615906,0.6172754168510437,0.919212281703949,1.0,1.0,1.0,1.0,1.0,0.22410862147808075,0.8848239183425903,-0.9471401572227478,0.029819289222359657,0.8040644526481628,-0.5945421457290649,0.7026666402816772,0.9106667637825012,-0.9573338031768799,0.04553334042429924,-0.2872001528739929,1,45,0,44,0.7666795253753662,2.264206911000361,0.31408847819698144,89.0,0.32240387011012805,125.97,1,running
recovery_pair01_positive,1,positive,1,282,0.4848434627056122,0.5115156769752502,0.6180711984634399,0.928595244884491,1.0,1.0,1.0,1.0,1.0,0.2190512865781784,0.9030987620353699,-0.9533659219741821,0.02999657206237316,0.8093246221542358,-0.5873615741729736,0.699833333492279,0.9121012091636658,-0.9579905867576599,0.04560505971312523,-0.287397176027298,1,45,0,44,0.7666795253753662,2.264607227219816,0.32370452409272266,86.0,0.3283319643179822,130.3,1,running
recovery_pair01_positive,1,positive,1,283,0.4797213673591614,0.4998076856136322,0.5947532057762146,0.84736567735672,1.0,1.0,1.0,1.0,1.0,0.2366311103105545,0.9106667637825012,-0.9573338031768799,0.03054812178015709,0.7626683115959167,-0.6467897891998291,0.7238888740539551,0.9077523946762085,-0.9556694626808167,0.045387621968984604,-0.2867008447647095,1,45,0,44,0.828208863735199,2.2655596256495514,0.3333038750526768,83.0,0.33485947017694356,134.53,1,running
recovery_pair01_positive,1,positive,1,284,0.4842357933521271,0.496709406375885,0.5693677663803101,0.792210578918457,1.0,1.0,1.0,1.0,1.0,0.27473270893096924,0.9121012091636658,-0.9579905867576599,0.031155450269579887,0.7128833532333374,-0.7012826204299927,0.7473888993263245,0.9047135710716248,-0.9540213346481323,0.04523567855358124,-0.2862064242362976,1,45,0,44,0.9615644812583923,2.2670662736671194,0.3428490394309221,79.0,0.3419335489065547,139.64,1,running
recovery_pair01_positive,1,positive,1,285,0.4956330955028534,0.48670458793640137,0.5530375242233276,0.7341561317443848,1.0,1.0,1.0,1.0,1.0,1.0,0.9077523946762085,-0.9556694626808167,0.031813621520996094,0.6475880742073059,-0.7619906067848206,0.7757777571678162,0.8889422416687012,-0.94905024766922,0.04444711282849312,-0.28471508622169495,1,45,0,44,1.7034660577774048,2.2690941226766785,0.35217071596114896,76.0,0.3493902883360246,143.63,1,running
recovery_pair01_positive,1,positive,1,286,0.5002377033233643,0.49025359749794006,0.5315796732902527,0.6929205060005188,1.0,1.0,1.0,1.0,1.0,1.0,0.9047135710716248,-0.9540213346481323,0.032507408410310745,0.5929973721504211,-0.8052043914794922,0.7979444265365601,0.8866078853607178,-0.9476143717765808,0.04433039575815201,-0.2842843234539032,1,45,0,44,1.7080439329147339,2.2715814891301416,0.36114549422432896,73.0,0.35707006230555205,147.48,1,running
recovery_pair01_positive,1,positive,1,287,0.5050601363182068,0.48801255226135254,0.5221925377845764,0.6530226469039917,1.0,1.0,1.0,1.0,1.0,1.0,0.8889422416687012,-0.94905024766922,0.03322192281484604,0.5375939607620239,-0.8432038426399231,0.8193333148956299,0.8841938376426697,-0.9462221264839172,0.0,0.6000000238418579,0,46,0,45,1.676092505455017,2.2742706078394996,0.36960334911274806,73.0,0.3646366671477013,148.22,1,running
recovery_pair01_positive,1,positive,1,288,0.507843554019928,0.4788835644721985,0.5242687463760376,0.656616747379303,1.0,1.0,1.0,1.0,1.0,1.0,0.8866078853607178,-0.9476143717765808,0.03392592445015907,0.5266590714454651,-0.8500765562057495,0.8234444260597229,0.8841817378997803,-0.9461726546287537,0.0,0.6000000238418579,0,46,0,45,1.676092505455017,2.2760899572843107,0.37565544790296906,75.0,0.37000844350763795,146.74,1,running
recovery_pair01_positive,1,positive,1,289,0.49442943930625916,0.4842531085014343,0.5303840041160583,0.68367999792099,1.0,1.0,1.0,1.0,1.0,1.0,0.8841938376426697,-0.9462221264839172,0.03442571684718132,0.5484392046928406,-0.8361904621124268,0.8152222037315369,0.8851876854896545,-0.9467570185661316,0.0,0.6000000238418579,0,46,0,45,1.6948858499526978,2.2761868122273343,0.3758377757651541,81.0,0.37020210622763283,140.75,1,running
recovery_pair01_positive,1,positive,1,290,0.48582854866981506,0.48533913493156433,0.562173068523407,0.7707735896110535,1.0,1.0,1.0,1.0,1.0,1.0,0.8841817378997803,-0.9461726546287537,0.03444373235106468,0.6327053308486938,-0.7743926644325256,0.7819444537162781,0.8904964327812195,-0.9497140645980835,0.0,0.6000000238418579,0,46,0,45,0.8491927981376648,2.2761092507127922,0.3748187146188713,88.0,0.3694663313511105,133.64,1,running
recovery_pair01_positive,1,positive,1,291,0.48111793398857117,0.5080332159996033,0.6090660095214844,0.911906361579895,1.0,1.0,1.0,1.0,1.0,0.24262651801109314,0.8851876854896545,-0.9467570185661316,0.034375280141830444,0.7236902117729187,-0.6901249289512634,0.7424444556236267,0.9121348857879639,-0.9574987292289734,0.0,0.6000000238418579,0,46,0,45,0.7744324207305908,2.27615462140374,0.3737499191452135,94.0,0.3687909916995105,127.51,1,running
recovery_pair01_positive,1,positive,1,292,0.48501402139663696,0.5218634605407715,0.6751686930656433,1.0,1.0,1.0,1.0,1.0,1.0,0.22126640379428864,0.8904964327812195,-0.9497140645980835,0.03431244194507599,0.7932471036911011,-0.6088998913764954,0.7083888649940491,0.9180657267570496,-0.9606857299804688,0.0459032878279686,-0.28820574283599854,1,47,0,46,0.7664713263511658,2.275705847005818,0.378005335938628,95.0,0.3712917125589853,127.05,1,running
recovery_pair01_positive,1,positive,1,293,0.48197582364082336,0.5249435305595398,0.6772679686546326,1.0,1.0,1.0,1.0,1.0,1.0,0.21899180114269257,0.9121348857879639,-0.9574987292289734,0.034545112401247025,0.7981100082397461,-0.6025117635726929,0.7058333158493042,0.9182602167129517,-0.9607627987861633,0.04591301083564758,-0.288228839635849,1,47,0,46,0.7664713263511658,2.275081015527503,0.3877200825738859,92.0,0.37741167279703525,131.21,1,running
recovery_pair01_positive,1,positive,1,294,0.48095184564590454,0.5173192620277405,0.6441147923469543,1.0,1.0,1.0,1.0,1.0,1.0,0.23612801730632782,0.9180657267570496,-0.9606857299804688,0.03511451557278633,0.7522999048233032,-0.6588207483291626,0.7289444208145142,0.9175884127616882,-0.960122287273407,0.04587941989302635,-0.2880367040634155,1,47,0,46,0.8264480829238892,2.2750309640005395,0.3974106894496793,89.0,0.38407555184469805,135.27,1,running
recovery_pair01_positive,1,positive,1,295,0.4818461835384369,0.5049799680709839,0.6105450987815857,0.9093838930130005,1.0,1.0,1.0,1.0,1.0,0.25002428889274597,0.9182602167129517,-0.9607627987861633,0.035734523087739944,0.7037667632102966,-0.7104310989379883,0.7515000104904175,0.9127434492111206,-0.9576122164726257,0.04563717171549797,-0.28728368878364563,1,47,0,46,0.8750849962234497,2.2754939933063505,0.40659580800219286,85.0,0.3908684860994799,140.18,1,running
recovery_pair01_positive,1,positive,1,296,0.4795483648777008,0.49552449584007263,0.583925187587738,0.8394047021865845,1.0,1.0,1.0,1.0,1.0,1.0,0.9175884127616882,-0.960122287273407,0.036366552114486694,0.6403778195381165,-0.768060028553009,0.7787777781486511,0.8960157036781311,-0.9521476030349731,0.044800784438848495,-0.2856442928314209,1,47,0,46,1.6784192323684692,2.2764795059549696,0.4159380449573101,82.0,0.3982337990404711,144.03,1,running
recovery_pair01_positive,1,positive,1,297,0.4888555109500885,0.48940178751945496,0.5640546679496765,0.7756693959236145,1.0,1.0,1.0,1.0,1.0,1.0,0.9127434492111206,-0.9576122164726257,0.03705181926488876,0.5873615741729736,-0.8093246221542358,0.800166666507721,0.8924354910850525,-0.9502330422401428,0.044621776789426804,-0.28506991267204285,1,47,0,46,1.7001396417617798,2.277986453824006,0.42518416028584893,79.0,0.40596968640371606,147.78,1,running
recovery_pair01_positive,1,positive,1,298,0.489641010761261,0.48575419187545776,0.5466740131378174,0.7278910875320435,1.0,1.0,1.0,1.0,1.0,1.0,0.8960157036781311,-0.9521476030349731,0.037771571427583694,0.5331715941429138,-0.8460071086883545,0.8209999799728394,0.8888490200042725,-0.948323130607605,0.0,0.6000000238418579,0,48,0,47,1.6990758180618286,2.278762031787191,0.4289137454402899,82.0,0.4092236436027952,145.06,1,running
recovery_pair01_positive,1,positive,1,299,0.48545023798942566,0.49038901925086975,0.5674754977226257,0.7862297892570496,1.0,1.0,1.0,1.0,1.0,1.0,0.8924354910850525,-0.9502330422401428,0.038074322044849396,0.5727183222770691,-0.8197522163391113,0.8058888912200928,0.892842173576355,-0.9503874182701111,0.0,0.6000000238418579,0,48,0,47,0.8957905173301697,2.2787011638883032,0.42780411867915485,89.0,0.40837044240562603,137.96,1,running
recovery_pair01_positive,1,positive,1,300,0.4790272116661072,0.5069628357887268,0.6179737448692322,0.9449897408485413,1.0,1.0,1.0,1.0,1.0,0.25594013929367065,0.8888490200042725,-0.948323130607605,0.037994928658008575,0.6696492433547974,-0.7426775097846985,0.7664444446563721,0.9144912958145142,-0.9582988619804382,0.0,0.6000000238418579,0,48,0,47,0.8064733147621155,2.278777052397895,0.4266857526766855,96.0,0.40760562896841684,130.85,1,general_timeout
recovery_pair01_positive,1,positive,2,238,0.5280488729476929,0.48424673080444336,0.49793335795402527,0.5850616097450256,0.8355623483657837,1.0,1.0,1.0,1.0,0.23159410059452057,0.827916145324707,-0.9300252795219421,0.03793197497725487,0.9315009117126465,0.363739013671875,0.3815000057220459,0.8459160327911377,-0.935738205909729,0.12691143155097961,-0.2807214856147766,1,43,0,42,0.8105793595314026,2.2931634861548873,-0.1423571077751519,62.0,0.3996922668707298,75.18,1,running
recovery_pair01_positive,1,positive,2,239,0.5406001210212708,0.47891965508461,0.48583078384399414,0.5591486692428589,0.7712898850440979,1.0,1.0,1.0,1.0,0.24481548368930817,0.8362779021263123,-0.9327181577682495,0.037187520414590836,0.9667341709136963,0.25578323006629944,0.4176666736602783,0.8544899821281433,-0.9384236931800842,0.042724501341581345,-0.2815271317958832,1,43,0,42,0.8568542003631592,2.3028552002607183,-0.12469899394598405,62.0,0.39528155598905723,78.01,1,running
recovery_pair01_positive,1,positive,2,240,0.5407787561416626,0.48198816180229187,0.4855731427669525,0.5625469088554382,0.7747349739074707,1.0,1.0,1.0,1.0,0.25286179780960083,0.8459160327911377,-0.935738205909729,0.03677714243531227,0.9781838655471802,0.20774096250534058,0.433388888835907,0.8583533763885498,-0.9397271275520325,0.04291766881942749,-0.28191813826560974,1,43,0,42,0.8850163221359253,2.3086431312013787,-0.11379876237059935,61.0,0.39289677622119096,80.77,1,running
recovery_pair01_positive,1,positive,2,241,0.5419813394546509,0.48040658235549927,0.48601892590522766,0.5576522350311279,0.7595647573471069,1.0,1.0,1.0,1.0,0.26212501525878906,0.8544899821281433,-0.9384236931800842,0.03655526041984558,0.9870524406433105,0.16039803624153137,0.4487222135066986,0.8616506457328796,-0.9407593011856079,0.04308253154158592,-0.2822278141975403,1,43,0,42,0.9174375534057617,2.313192972277937,-0.10602343883457133,58.0,0.3917612995601001,85.08,1,running
recovery_pair01_positive,1,positive,2,242,0.5567673444747925,0.4840485155582428,0.4793378710746765,0.5346611142158508,0.7090627551078796,1.0,1.0,1.0,1.0,1.0,0.8583533763885498,-0.9397271275520325,0.0364496223628521,0.9963154196739197,0.08576470613479614,0.4726666808128357,0.8486027121543884,-0.9379818439483643,0.04243013635277748,-0.2813945710659027,1,43,0,42,1.6599349975585938,2.3180326750313838,-0.09871769001847573,55.0,0.39133936337071373,89.36,1,running
recovery_pair01_positive,1,positive,2,243,0.5806623697280884,0.4876320958137512,0.4742671549320221,0.5193023681640625,0.6683615446090698,1.0,1.0,1.0,1.0,1.0,0.8616506457328796,-0.9407593011856079,0.036410361528396606,0.9999375939369202,0.011169875040650368,0.496444433927536,0.8559990525245667,-0.9402875304222107,0.04279995337128639,-0.2820862829685211,1,43,0,42,1.6422866582870483,2.323357905741705,-0.09157102950905907,52.0,0.39160399956866954,93.66,1,running
recovery_pair01_positive,1,positive,2,244,0.5979346632957458,0.4917435646057129,0.469224750995636,0.508659303188324,0.633471667766571,0.9822553396224976,1.0,1.0,1.0,1.0,0.8486027121543884,-0.9379818439483643,0.036434970796108246,0.9979604482650757,-0.06383561342954636,0.5203333497047424,0.8631083965301514,-0.9424620270729065,0.0,0.6000000238418579,0,44,0,43,1.6422866582870483,2.325780953000307,-0.08859323697358765,54.0,0.3919437608395553,92.22,1,running
recovery_pair01_positive,1,positive,2,245,0.5760162472724915,0.48594194650650024,0.47024664282798767,0.5168216824531555,0.6513009667396545,1.0,1.0,1.0,1.0,1.0,0.8559990525245667,-0.9402875304222107,0.036466583609580994,0.9992494583129883,-0.03873661532998085,0.512333333492279,0.8582321405410767,-0.9407486319541931,0.0,0.6000000238418579,0,44,0,43,1.0038477182388306,2.3251785710661204,-0.08959969370686703,61.0,0.3920043892274946,85.05,1,running
recovery_pair01_positive,1,positive,2,246,0.5353466868400574,0.4758756458759308,0.4765157103538513,0.5481404662132263,0.7489610314369202,1.0,1.0,1.0,1.0,0.2868136465549469,0.8631083965301514,-0.9424620270729065,0.03647223487496376,0.9962703585624695,0.08628636598587036,0.4724999964237213,0.8640015721321106,-0.9412626624107361,0.0,0.6000000238418579,0,44,0,43,0.8334681391716003,2.324718341030448,-0.09063580903616075,68.0,0.39220283926114147,77.89,1,running
recovery_pair01_positive,1,positive,2,247,0.5075293183326721,0.4655382037162781,0.49806466698646545,0.5955682992935181,0.8852898478507996,1.0,1.0,1.0,1.0,0.2381337583065033,0.8582321405410767,-0.9407486319541931,0.03649068996310234,0.9777466654777527,0.2097892165184021,0.43272221088409424,0.8537353277206421,-0.9379718899726868,0.0,0.6000000238418579,0,44,0,43,0.8055980801582336,2.324460431710025,-0.09144831878770684,75.0,0.39244583371114633,70.77,1,running
recovery_pair01_positive,1,positive,2,248,0.48047909140586853,0.4662315547466278,0.5086208581924438,0.6585169434547424,1.0,1.0,1.0,1.0,1.0,0.23017087578773499,0.8640015721321106,-0.9412626624107361,0.0365133099257946,0.9442040324211121,0.32936108112335205,0.3931666612625122,0.8433886766433716,-0.9346883296966553,0.0,0.6000000238418579,0,44,0,43,0.8055980801582336,2.324402014572929,-0.0919059131044955,81.0,0.39265517036779685,64.71,1,running
recovery_pair01_positive,1,positive,2,249,0.46613767743110657,0.4752053916454315,0.5413667559623718,0.7420961260795593,1.0,1.0,1.0,1.0,0.28108519315719604,0.2303345501422882,0.8537353277206421,-0.9379718899726868,0.03653278946876526,0.9041571021080017,0.4272000789642334,0.359499990940094,0.8113269209861755,-0.9222506284713745,0.08210919797420502,0.6000000238418579,0,44,0,43,0.8061709403991699,2.3246868683287754,-0.08672802019052635,90.0,0.38999847263662085,56.36,1,running
recovery_pair01_positive,1,positive,2,250,0.46521592140197754,0.49193817377090454,0.6023613810539246,0.9273261427879333,1.0,1.0,1.0,1.0,0.2434736043214798,0.2717553675174713,0.8433886766433716,-0.9346883296966553,0.03628559038043022,0.832534670829773,0.5539728999137878,0.3131110966205597,0.8174740672111511,-0.9256125092506409,0.08166640996932983,0.6000000238418579,0,44,0,43,0.8137052059173584,2.3237920121162974,-0.07323296954946296,97.0,0.3819285804567897,50.97,1,running
recovery_pair01_positive,1,positive,2,251,0.4694335460662842,0.5203369855880737,0.6825224161148071,1.0,1.0,1.0,1.0,1.0,0.23248720169067383,1.0,0.8113269209861755,-0.9222506284713745,0.03553477302193642,0.7768163681030273,0.6297272443771362,0.28316667675971985,0.7996168732643127,-0.9234535694122314,0.08032143115997314,0.6000000238418579,0,44,0,43,0.8137052059173584,2.3210275676382057,-0.05856101345589206,104.0,0.3719656012166683,45.66,1,running
recovery_pair01_positive,1,positive,2,252,0.47437480092048645,0.5607397556304932,0.7934103012084961,1.0,1.0,1.0,1.0,0.2687905430793762,0.23795892298221588,1.0,0.8174740672111511,-0.9256125092506409,0.03460781276226044,0.7152049541473389,0.6989147663116455,0.2536666691303253,0.8064540028572083,-0.9179762005805969,0.07866093516349792,0.6000000238418579,0,44,0,43,0.8328562378883362,2.3166099267595888,-0.044600692362182885,111.0,0.36123490250479406,40.22,1,running
recovery_pair01_positive,1,positive,2,253,0.49833956360816956,0.6147790551185608,0.9596014618873596,1.0,1.0,1.0,1.0,0.24683068692684174,0.2609575688838959,1.0,0.7996168732643127,-0.9234535694122314,0.03360942378640175,0.6457242369651794,0.7635706663131714,0.22344444692134857,0.8206915259361267,-0.9246191382408142,0.07687248289585114,0.5615771412849426,0,44,0,43,0.7934060096740723,2.3106853192995924,-0.03149854435246258,118.0,0.34984045420378845,34.63,1,running
recovery_pair01_positive,1,positive,2,254,0.520965576171875,0.6887810826301575,1.0,1.0,1.0,1.0,1.0,0.22668743133544922,1.0,1.0,0.8064540028572083,-0.9179762005805969,0.03254929184913635,0.5682746767997742,0.8228389620780945,0.1923888921737671,0.8567293286323547,-0.9393468499183655,0.11780987679958344,-0.28180405497550964,1,45,0,44,0.7835267186164856,2.3023559454193077,-0.016934205486154624,120.0,0.33587162467892334,34.19,1,running
recovery_pair01_positive,1,positive,2,255,0.5360521674156189,0.7257242798805237,1.0,1.0,1.0,1.0,1.0,0.22386477887630463,1.0,1.0,0.8206915259361267,-0.9246191382408142,0.031249621883034706,0.561939001083374,0.8271786570549011,0.18994444608688354,0.8610413074493408,-0.9411651492118835,0.11569733917713165,-0.282349556684494,1,45,0,44,0.7835267186164856,2.291523814836615,0.003570986961806736,116.0,0.3174889595447347,40.67,1,running
recovery_pair01_positive,1,positive,2,256,0.5201420783996582,0.6756657958030701,1.0,1.0,1.0,1.0,1.0,0.2246522456407547,0.26787033677101135,1.0,0.8567293286323547,-0.9393468499183655,0.02953929826617241,0.6517013311386108,0.758475661277771,0.22594444453716278,0.8345621824264526,-0.9301932454109192,0.11130960285663605,-0.27905797958374023,1,45,0,44,0.7862828373908997,2.2820095516934926,0.024450775791446926,113.0,0.30087735662055154,46.6,1,running
recovery_pair01_positive,1,positive,2,257,0.5078773498535156,0.648463785648346,1.0,1.0,1.0,1.0,1.0,0.23128852248191833,0.2358170598745346,1.0,0.8610413074493408,-0.9411651492118835,0.027993742376565933,0.7265746593475342,0.6870875358581543,0.2588889002799988,0.8382465839385986,-0.9314975738525391,0.10872521996498108,-0.2794492840766907,1,45,0,44,0.7781240940093994,2.273964718213865,0.04507348611861342,110.0,0.2866257779305798,52.91,1,running
recovery_pair01_positive,1,positive,2,258,0.5056782960891724,0.6132659316062927,0.9449847340583801,1.0,1.0,1.0,1.0,0.2459990680217743,0.22232116758823395,1.0,0.8345621824264526,-0.9301932454109192,0.02666776068508625,0.7976891994476318,0.6030687689781189,0.29394444823265076,0.8389496207237244,-0.9315559267997742,0.10638511180877686,-0.27946677803993225,1,45,0,44,0.7390649914741516,2.2671441726959065,0.06580052209682777,107.0,0.2745922064393202,59.62,1,running
recovery_pair01_positive,1,positive,2,259,0.501395046710968,0.5921301245689392,0.8710341453552246,1.0,1.0,1.0,1.0,1.0,0.21116141974925995,1.0,0.8382465839385986,-0.9314975738525391,0.025548163801431656,0.862690269947052,0.5057326555252075,0.3312222361564636,0.8396886587142944,-0.9385485649108887,0.10441647469997406,-0.2815645933151245,1,45,0,44,0.7358245849609375,2.2615572989497466,0.08657901127847681,103.0,0.2650266241384914,67.72,1,running
recovery_pair01_positive,1,positive,2,260,0.49347037076950073,0.5744414329528809,0.805040717124939,1.0,1.0,1.0,1.0,1.0,0.210235595703125,1.0,0.8389496207237244,-0.9315559267997742,0.02465817704796791,0.9253421425819397,0.3791331648826599,0.3762222230434418,0.8439601063728333,-0.939290463924408,0.10303577780723572,-0.2817871570587158,1,45,0,44,0.7358245849609375,2.257208112916305,0.10736685092197931,100.0,0.2581433803664003,75.12,1,running
recovery_pair01_positive,1,positive,2,261,0.48995763063430786,0.5556756854057312,0.7502029538154602,1.0,1.0,1.0,1.0,1.0,0.21331843733787537,0.24561664462089539,0.8396886587142944,-0.9385485649108887,0.024017756804823875,0.9664657711982727,0.2567954361438751,0.41733333468437195,0.8671717643737793,-0.94423907995224,0.043358590453863144,-0.2832717299461365,1,45,0,44,0.7466145157814026,2.25455226204472,0.12518635980783263,96.0,0.25458584140747004,83.07,1,running
recovery_pair01_positive,1,positive,2,262,0.48752361536026,0.5398215651512146,0.7011046409606934,1.0,1.0,1.0,1.0,1.0,0.2190919816493988,0.21749070286750793,0.8439601063728333,-0.939290463924408,0.023686770349740982,0.9926943182945251,0.12065663188695908,0.46149998903274536,0.8722469210624695,-0.945321798324585,0.043612346053123474,-0.28359654545783997,1,45,0,44,0.7420515418052673,2.2537859288644437,0.13570415879962555,92.0,0.2538661860593879,89.44,1,running
recovery_pair01_positive,1,positive,2,263,0.48597314953804016,0.5217155814170837,0.6557226181030273,1.0,1.0,1.0,1.0,1.0,0.24776509404182434,0.21201471984386444,0.8671717643737793,-0.94423907995224,0.023619795218110085,0.9999522566795349,0.00977368839085102,0.4968888759613037,0.8758333921432495,-0.9459721446037292,0.043791670352220535,-0.2837916612625122,1,45,0,44,0.6999014616012573,2.253693301078358,0.14482604875951177,89.0,0.2541666633054707,94.5,1,running
recovery_pair01_positive,1,positive,2,264,0.4878838360309601,0.513477623462677,0.6206197738647461,0.9369235038757324,1.0,1.0,1.0,1.0,1.0,0.19997183978557587,0.8722469210624695,-0.945321798324585,0.023647762835025787,0.9969173073768616,-0.07845909893512726,0.5249999761581421,0.8969088792800903,-0.9541382789611816,0.04484544321894646,-0.2862415015697479,1,45,0,44,0.6999014616012573,2.254129851979593,0.1541642833176676,86.0,0.25534126709377797,99.58,1,running
recovery_pair01_positive,1,positive,2,265,0.48987051844596863,0.5043966174125671,0.5976581573486328,0.8608166575431824,1.0,1.0,1.0,1.0,1.0,0.20599529147148132,0.8758333921432495,-0.9459721446037292,0.023757047951221466,0.9860541820526123,-0.16642455756664276,0.5532222390174866,0.8950388431549072,-0.9529197812080383,0.04475194215774536,-0.28587594628334045,1,45,0,44,0.7209835052490234,2.2551089759540557,0.1635351843426547,82.0,0.25739306401187434,105.64,1,running
recovery_pair01_positive,1,positive,2,266,0.49285489320755005,0.5008187294006348,0.5700536370277405,0.7945588827133179,1.0,1.0,1.0,1.0,1.0,0.2141209840774536,0.8969088792800903,-0.9541382789611816,0.023947952315211296,0.9629746079444885,-0.26959216594696045,0.5868889093399048,0.8944353461265564,-0.9520443677902222,0.04472176730632782,-0.2856133282184601,1,45,0,44,0.7494234442710876,2.256636300782067,0.17287684034692036,79.0,0.2603061439658037,110.63,1,running
recovery_pair01_positive,1,positive,2,267,0.49501973390579224,0.4937201142311096,0.5546926856040955,0.7375456094741821,1.0,1.0,1.0,1.0,1.0,0.21506249904632568,0.8950388431549072,-0.9529197812080383,0.024218985810875893,0.9358751773834229,-0.3523317277431488,0.6146110892295837,0.8932090997695923,-0.9510149955749512,0.044660456478595734,-0.2853045165538788,1,45,0,44,0.7527187466621399,2.258712115507024,0.18214146528586003,76.0,0.264049131538087,115.54,1,running
recovery_pair01_positive,1,positive,2,268,0.5013807415962219,0.4881780445575714,0.5372329950332642,0.6956314444541931,1.0,1.0,1.0,1.0,1.0,0.24571724236011505,0.8944353461265564,-0.9520443677902222,0.024567220360040665,0.9022845029830933,-0.43114110827445984,0.6418889164924622,0.8922804594039917,-0.9502113461494446,0.044614024460315704,-0.28506341576576233,1,45,0,44,0.8600103259086609,2.2613177875946384,0.19124387636435686,72.0,0.2685542952696896,121.33,1,running
recovery_pair01_positive,1,positive,2,269,0.5105850100517273,0.4861035645008087,0.5288387537002563,0.6558204293251038,1.0,1.0,1.0,1.0,1.0,1.0,0.8932090997695923,-0.9510149955749512,0.02498638443648815,0.8541867136955261,-0.5199664235115051,0.6740555763244629,0.8773998618125916,-0.9460005164146423,0.0438699945807457,-0.2838001549243927,1,45,0,44,1.7013624906539917,2.2642629066422875,0.19972231208525446,69.0,0.2734798104350469,125.92,1,running
recovery_pair01_positive,1,positive,2,270,0.5206338763237,0.4884868264198303,0.5118664503097534,0.6282933354377747,0.9455201029777527,1.0,1.0,1.0,1.0,1.0,0.8922804594039917,-0.9502113461494446,0.02544466219842434,0.8098369240760803,-0.5866550803184509,0.6995555758476257,0.8792175650596619,-0.9460549354553223,0.04396088048815727,-0.28381648659706116,1,45,0,44,1.7083147764205933,2.267742062696902,0.2082158147495214,66.0,0.2791239499579624,130.42,1,running
recovery_pair01_positive,1,positive,2,271,0.5333594083786011,0.4880899488925934,0.5036300420761108,0.6018609404563904,0.8652437329292297,1.0,1.0,1.0,1.0,1.0,0.8773998618125916,-0.9460005164146423,0.02596980333328247,0.7613120079040527,-0.6483857035636902,0.7245555520057678,0.881668210029602,-0.9464033842086792,0.0,0.6000000238418579,0,46,0,45,1.6825114488601685,2.269755308883834,0.21263196873242773,68.0,0.2823271476847676,129.16,1,running
recovery_pair01_positive,1,positive,2,272,0.5196162462234497,0.48071756958961487,0.5060831308364868,0.6130121350288391,0.9220637083053589,1.0,1.0,1.0,1.0,1.0,0.8792175650596619,-0.9460549354553223,0.026267826557159424,0.7753855586051941,-0.6314881443977356,0.717555582523346,0.8789448738098145,-0.9455132484436035,0.0,0.6000000238418579,0,46,0,45,0.929350733757019,2.2694383199137134,0.21157688451497436,75.0,0.2817144178782213,121.98,1,running
recovery_pair01_positive,1,positive,2,273,0.4968559145927429,0.487352192401886,0.5313752889633179,0.6849797964096069,1.0,1.0,1.0,1.0,1.0,0.26552876830101013,0.881668210029602,-0.9464033842086792,0.026210809126496315,0.8482330441474915,-0.5296232104301453,0.6776666641235352,0.8933809399604797,-0.9501177072525024,0.0,0.6000000238418579,0,46,0,45,0.7765190601348877,2.2692700317944516,0.2106255091967054,82.0,0.28127699514684606,114.8,1,running
recovery_pair01_positive,1,positive,2,274,0.48491594195365906,0.497147798538208,0.5689032077789307,0.7841328978538513,1.0,1.0,1.0,1.0,1.0,0.2218625843524933,0.8789448738098145,-0.9455132484436035,0.02617010660469532,0.9077774882316589,-0.41945207118988037,0.6377778053283691,0.8975803852081299,-0.9525679349899292,0.044879019260406494,-0.28577038645744324,1,47,0,46,0.745158851146698,2.269224419707661,0.2100794424648614,86.0,0.28107594903571914,110.7,1,running
recovery_pair01_positive,1,positive,2,275,0.481699675321579,0.49886852502822876,0.5977546572685242,0.8698825836181641,1.0,1.0,1.0,1.0,1.0,0.21290253102779388,0.8933809399604797,-0.9501177072525024,0.02615140937268734,0.9354440569877625,-0.35347485542297363,0.6150000095367432,0.9014058113098145,-0.9545738101005554,0.04507029056549072,-0.2863721549510956,1,47,0,46,0.741436779499054,2.2694527353720804,0.21436236895586977,86.0,0.2825540384313807,111.52,1,running
recovery_pair01_positive,1,positive,2,276,0.48400217294692993,0.49407896399497986,0.5980483293533325,0.8714752197265625,1.0,1.0,1.0,1.0,1.0,0.21183907985687256,0.8975803852081299,-0.9525679349899292,0.026288937777280807,0.9302895665168762,-0.36682596802711487,0.6195555329322815,0.9019555449485779,-0.9547233581542969,0.04509777948260307,-0.28641700744628906,1,47,0,46,0.741436779499054,2.2702885647741464,0.22378601517376456,83.0,0.2863206559341249,116.26,1,running
recovery_pair01_positive,1,positive,2,277,0.47949981689453125,0.49307841062545776,0.5763350129127502,0.8021840453147888,1.0,1.0,1.0,1.0,1.0,0.22884905338287354,0.9014058113098145,-0.9545738101005554,0.026639370247721672,0.8967955112457275,-0.44244521856307983,0.6458888649940491,0.8992576003074646,-0.9531213641166687,0.04496287927031517,-0.2859364151954651,1,47,0,46,0.8009716868400574,2.2716578292205423,0.23320222888327882,80.0,0.2908423174902981,120.93,1,running
recovery_pair01_positive,1,positive,2,278,0.49033302068710327,0.49309393763542175,0.5583682060241699,0.7492984533309937,1.0,1.0,1.0,1.0,1.0,0.24063421785831451,0.9019555449485779,-0.9547233581542969,0.02706008404493332,0.8577958941459656,-0.5139904618263245,0.671833336353302,0.898362934589386,-0.9523205161094666,0.04491814598441124,-0.2856961786746979,1,47,0,46,0.8422197699546814,2.273563305940737,0.24256161667613751,77.0,0.296074795396328,125.49,1,running
recovery_pair01_positive,1,positive,2,279,0.48900076746940613,0.48650506138801575,0.5360022187232971,0.7070996165275574,1.0,1.0,1.0,1.0,1.0,1.0,0.8992576003074646,-0.9531213641166687,0.027546914294362068,0.8142168521881104,-0.5805608630180359,0.6971666812896729,0.8812262415885925,-0.9471046924591064,0.044061314314603806,-0.28413140773773193,1,47,0,46,1.6811001300811768,2.2759826271719787,0.2517396167674116,74.0,0.301915038097497,129.92,1,running
recovery_pair01_positive,1,positive,2,280,0.5006682276725769,0.48031431436538696,0.5272160768508911,0.6650343537330627,1.0,1.0,1.0,1.0,1.0,1.0,0.898362934589386,-0.9523205161094666,0.028090283274650574,0.7669411897659302,-0.6417173743247986,0.7217777967453003,0.880423367023468,-0.9462816715240479,0.04402117058634758,-0.28388452529907227,1,47,0,46,1.6811001300811768,2.2788858683662956,0.2606459212765724,70.0,0.3082588551126176,135.22,1,running
recovery_pair01_positive,1,positive,2,281,0.511829137802124,0.48313283920288086,0.5134539604187012,0.6323152184486389,0.9705823659896851,1.0,1.0,1.0,1.0,1.0,0.8812262415885925,-0.9471046924591064,0.02868051454424858,0.7043864727020264,-0.7098166346549988,0.7512221932411194,0.8809466361999512,-0.9458824396133423,0.0,0.6000000238418579,0,48,0,47,1.6764057874679565,2.2813246304573527,0.26720046391696045,70.0,0.31329578910333034,136.11,1,running
recovery_pair01_positive,1,positive,2,282,0.5080331563949585,0.4789730906486511,0.5114691853523254,0.6262277960777283,0.9635621905326843,1.0,1.0,1.0,1.0,1.0,0.880423367023468,-0.9462816715240479,0.02914915420114994,0.693276047706604,-0.7206721305847168,0.7561666369438171,0.880207896232605,-0.945432722568512,0.0,0.6000000238418579,0,48,0,47,1.6764057874679565,2.2812337561132163,0.26672805565840507,77.0,0.3130065204860668,129.04,1,running
recovery_pair01_positive,1,positive,2,283,0.4905635714530945,0.48307937383651733,0.5350387692451477,0.6919897198677063,1.0,1.0,1.0,1.0,1.0,1.0,0.8809466361999512,-0.9458824396133423,0.029122244566679,0.7767063975334167,-0.6298627853393555,0.7168889045715332,0.8812174797058105,-0.9467796683311462,0.0,0.6000000238418579,0,48,0,47,0.8142176270484924,2.2810809610265217,0.2657082285013746,83.0,0.3124226950959232,122.88,1,running
recovery_pair01_positive,1,positive,2,284,0.47960910201072693,0.4917094111442566,0.571097195148468,0.8018957376480103,1.0,1.0,1.0,1.0,1.0,0.23263360559940338,0.880207896232605,-0.945432722568512,0.02906792238354683,0.8398094177246094,-0.5428813099861145,0.6826666593551636,0.901292622089386,-0.9534537196159363,0.0,0.6000000238418579,0,48,0,47,0.7467069029808044,2.281048911719204,0.2646579598166502,90.0,0.31193675874785903,115.71,1,running
recovery_pair01_positive,1,positive,2,285,0.4745991826057434,0.5016064643859863,0.6242803335189819,0.9618290662765503,1.0,1.0,1.0,1.0,1.0,0.21334482729434967,0.8812174797058105,-0.9467796683311462,0.029022719711065292,0.9010013341903687,-0.4338163435459137,0.6428333520889282,0.9087672233581543,-0.9573628306388855,0.045438360422849655,-0.2872088551521301,1,49,0,48,0.7467069029808044,2.2809106648731308,0.2691108542955582,91.0,0.3137705556744869,115.46,1,running
recovery_pair01_positive,1,positive,2,286,0.48045897483825684,0.5153189301490784,0.634888768196106,0.9832409620285034,1.0,1.0,1.0,1.0,1.0,0.21473363041877747,0.901292622089386,-0.9534537196159363,0.02919333428144455,0.9028856158256531,-0.42988085746765137,0.6414444446563721,0.9113196134567261,-0.9585018754005432,0.04556598141789436,-0.28755056858062744,1,49,0,48,0.7515677213668823,2.281010220998156,0.27880505772736613,88.0,0.3182957452048686,120.01,1,running
recovery_pair01_positive,1,positive,2,287,0.4778156876564026,0.5010841488838196,0.6017317175865173,0.8946921229362488,1.0,1.0,1.0,1.0,1.0,0.2204209566116333,0.9087672233581543,-0.9573628306388855,0.029614347964525223,0.865938127040863,-0.5001511573791504,0.6667222380638123,0.9070646166801453,-0.9562012553215027,0.045353230088949203,-0.2868603765964508,1,49,0,48,0.7714733481407166,2.281673343723616,0.288459381987404,84.0,0.3235194704874123,125.47,1,running
recovery_pair01_positive,1,positive,2,288,0.47449493408203125,0.49196672439575195,0.5801863074302673,0.8201078176498413,1.0,1.0,1.0,1.0,1.0,0.23015961050987244,0.9113196134567261,-0.9585018754005432,0.030100377276539803,0.8144194483757019,-0.580276608467102,0.6970555782318115,0.903774619102478,-0.9542385935783386,0.04518873244524002,-0.2862716019153595,1,49,0,48,0.8055586218833923,2.282856560953891,0.29784823361224955,81.0,0.329255539402921,129.79,1,running
recovery_pair01_positive,1,positive,2,289,0.4832949936389923,0.48487359285354614,0.5582751035690308,0.7595105767250061,1.0,1.0,1.0,1.0,1.0,0.2641167640686035,0.9070646166801453,-0.9562012553215027,0.030634049326181412,0.7683952450752258,-0.6399756073951721,0.7210555672645569,0.9007807970046997,-0.9526129364967346,0.045039039105176926,-0.28578388690948486,1,49,0,48,0.9244086742401123,2.2845021413779456,0.3069151856416461,78.0,0.3353820330481884,133.97,1,running
recovery_pair01_positive,1,positive,2,290,0.48304373025894165,0.4817637801170349,0.542838990688324,0.71206134557724,1.0,1.0,1.0,1.0,1.0,1.0,0.903774619102478,-0.9542385935783386,0.03120405785739422,0.7197034358978271,-0.6942816376686096,0.7442777752876282,0.8842434883117676,-0.9475076794624329,0.04421217367053032,-0.2842523157596588,1,49,0,48,1.6776219606399536,2.286665517315474,0.31600158079666224,75.0,0.3420916545500689,138.07,1,running
recovery_pair01_positive,1,positive,2,291,0.4949236512184143,0.47932055592536926,0.5280852913856506,0.6748948097229004,1.0,1.0,1.0,1.0,1.0,1.0,0.9007807970046997,-0.9526129364967346,0.03182832524180412,0.668222188949585,-0.743961751461029,0.7670555710792542,0.8830315470695496,-0.9465581774711609,0.04415157809853554,-0.2839674651622772,1,49,0,48,1.6776219606399536,2.2893307565590506,0.3249558635360568,72.0,0.3492638340718777,142.07,1,running
recovery_pair01_positive,1,positive,2,292,0.5023953318595886,0.48413243889808655,0.5122622847557068,0.6379936337471008,1.0,1.0,1.0,1.0,1.0,1.0,0.8842434883117676,-0.9475076794624329,0.03249562904238701,0.6146982908248901,-0.7887623310089111,0.7892777919769287,0.8814101815223694,-0.945466160774231,0.0,0.6000000238418579,0,50,0,49,1.6928399801254272,2.290518737363902,0.32838960298403186,75.0,0.35217805675023645,139.42,1,running
recovery_pair01_positive,1,positive,2,293,0.4948624074459076,0.48366856575012207,0.5243728160858154,0.6717592477798462,1.0,1.0,1.0,1.0,1.0,1.0,0.8830315470695496,-0.9465581774711609,0.03276677802205086,0.6505091190338135,-0.7594984173774719,0.7745555639266968,0.8829552531242371,-0.9464388489723206,0.0,0.6000000238418579,0,50,0,49,1.684560775756836,2.2903309342748535,0.32733424489790613,82.0,0.35142742505724667,132.29,1,running
recovery_pair01_positive,1,positive,2,294,0.48130306601524353,0.4830763041973114,0.5612674355506897,0.7727662920951843,1.0,1.0,1.0,1.0,1.0,1.0,0.8814101815223694,-0.945466160774231,0.032696936279535294,0.7397485375404358,-0.6728833913803101,0.7349444627761841,0.8879061937332153,-0.9493803381919861,0.0,0.6000000238418579,0,50,0,49,0.8157182931900024,2.2902668593553073,0.32623810207993387,89.0,0.35075794160972246,125.15,1,running
recovery_pair01_positive,1,positive,2,295,0.4689725935459137,0.4982838034629822,0.6108794808387756,0.9123445153236389,1.0,1.0,1.0,1.0,1.0,0.23306237161159515,0.8829552531242371,-0.9464388489723206,0.032634638249874115,0.8176476359367371,-0.5757189989089966,0.695277750492096,0.9087940454483032,-0.9566296935081482,0.0,0.6000000238418579,0,50,0,49,0.7704489231109619,2.2903482168877405,0.3248882314765435,96.0,0.35006937650567127,117.96,1,running
recovery_pair01_positive,1,positive,2,296,0.4732138216495514,0.5267074704170227,0.6808532476425171,1.0,1.0,1.0,1.0,1.0,1.0,0.22012826800346375,0.8879061937332153,-0.9493803381919861,0.03257058933377266,0.8832751512527466,-0.46885502338409424,0.6553333401679993,0.9147125482559204,-0.9599128365516663,0.04573562741279602,-0.2879738509654999,1,51,0,50,0.7704489231109619,2.2903099745801576,0.3249341778331378,99.0,0.3500633313533802,114.97,1,running
recovery_pair01_positive,1,positive,2,297,0.48029375076293945,0.54340660572052,0.7257609367370605,1.0,1.0,1.0,1.0,1.0,1.0,0.22183264791965485,0.9087940454483032,-0.9566296935081482,0.032570015639066696,0.9065289497375488,-0.4221436679363251,0.6387222409248352,0.9166486263275146,-0.9610645771026611,0.04583243280649185,-0.2883193790912628,1,51,0,50,0.7667561769485474,2.289155176131982,0.33274824732039066,97.0,0.35354391196292834,118.13,1,running
recovery_pair01_positive,1,positive,2,298,0.4790512025356293,0.532292366027832,0.6987236142158508,1.0,1.0,1.0,1.0,1.0,1.0,0.21907319128513336,0.9147125482559204,-0.9599128365516663,0.03289385885000229,0.8818801045417786,-0.47147369384765625,0.6562777757644653,0.9164444208145142,-0.9606570601463318,0.04582222178578377,-0.2881971299648285,1,51,0,50,0.7667561769485474,2.288241606899051,0.34229924543104917,94.0,0.35838930070453534,122.46,1,running
recovery_pair01_positive,1,positive,2,299,0.4785344898700714,0.5164967179298401,0.6510794758796692,1.0,1.0,1.0,1.0,1.0,1.0,0.22007153928279877,0.9166486263275146,-0.9610645771026611,0.03334467485547066,0.8437663316726685,-0.5367106795310974,0.6803333163261414,0.9154561161994934,-0.9597861170768738,0.04577280580997467,-0.28793585300445557,1,51,0,50,0.7702503800392151,2.2878809285392885,0.35193178164483224,90.0,0.3639105934371424,127.71,1,running
recovery_pair01_positive,1,positive,2,300,0.4778159260749817,0.5082553029060364,0.6251665949821472,0.9598523378372192,1.0,1.0,1.0,1.0,1.0,0.2306930273771286,0.9164444208145142,-0.9606570601463318,0.033858370035886765,0.7911167740821838,-0.6116651296615601,0.7095000147819519,0.9138150811195374,-0.9586322903633118,0.04569075629115105,-0.2875896990299225,1,51,0,50,0.8074256181716919,2.2880840307343258,0.3616052010545627,87.0,0.3700652465652031,131.88,1,general_timeout
recovery_pair01_positive,1,positive,3,233,0.5617616176605225,0.5046328902244568,0.5181120038032532,0.5984216928482056,0.8324297666549683,1.0,1.0,1.0,1.0,0.20746366679668427,0.8629306554794312,-0.942598283290863,0.03735354542732239,0.8701837658882141,0.4927273392677307,0.335999995470047,0.8445123434066772,-0.9357468485832214,0.1258050799369812,-0.28072407841682434,1,41,0,40,0.7261228561401367,2.2232568513931157,-0.19328400506285423,65.0,0.39232347767165043,59.68,1,running
recovery_pair01_positive,1,positive,3,234,0.5433089137077332,0.5066195130348206,0.5120805501937866,0.6056796908378601,0.8774541020393372,1.0,1.0,1.0,1.0,0.21825119853019714,0.8548041582107544,-0.9394862651824951,0.036501917988061905,0.8632193803787231,0.5048289895057678,0.3315555453300476,0.8392493724822998,-0.9338530898094177,0.12401638925075531,-0.2801559269428253,1,41,0,40,0.7638791799545288,2.232456084737054,-0.1735268077470144,64.0,0.3817757456963459,63.51,1,running
recovery_pair01_positive,1,positive,3,235,0.5517606139183044,0.5019110441207886,0.5144964456558228,0.5942815542221069,0.8260772824287415,1.0,1.0,1.0,1.0,0.22461454570293427,0.8445123434066772,-0.9357468485832214,0.03552054986357689,0.8950121998786926,0.44604161381721497,0.3528333306312561,0.8459516763687134,-0.9361748099327087,0.12259353697299957,-0.28085246682167053,1,41,0,40,0.7861509323120117,2.2441039178652,-0.15161316153664006,60.0,0.3721704086118285,70.99,1,running
recovery_pair01_positive,1,positive,3,236,0.571840763092041,0.4981567859649658,0.49621453881263733,0.5710439682006836,0.7680529952049255,1.0,1.0,1.0,1.0,0.23592917621135712,0.8392493724822998,-0.9338530898094177,0.03462687134742737,0.9454617500305176,0.3257331848144531,0.394388884305954,0.8561853766441345,-0.9395725727081299,0.042809270322322845,-0.2818717956542969,1,41,0,40,0.8257521390914917,2.25198298383339,-0.13843290164551572,57.0,0.36767874443223697,76.26,1,running
recovery_pair01_positive,1,positive,3,237,0.587409496307373,0.5077307820320129,0.4917113184928894,0.5506276488304138,0.7174941301345825,1.0,1.0,1.0,1.0,0.2666822075843811,0.8459516763687134,-0.9361748099327087,0.03420896455645561,0.9713835120201111,0.2375163584947586,0.42366665601730347,0.8641183972358704,-0.9423190951347351,0.04320592060685158,-0.2826957404613495,1,41,0,40,0.9333877563476562,2.2571925761276503,-0.13085974176228032,54.0,0.36584439365321825,80.67,1,running
recovery_pair01_positive,1,positive,3,238,0.6059207320213318,0.5128651261329651,0.48945412039756775,0.5340667963027954,0.6739183664321899,1.0,1.0,1.0,1.0,1.0,0.8561853766441345,-0.9395725727081299,0.034038297832012177,0.9867709875106812,0.162120521068573,0.4481666684150696,0.8532318472862244,-0.9403972625732422,0.04266159236431122,-0.28211918473243713,1,41,0,40,1.7123241424560547,2.2627581956311755,-0.12368560280680108,50.0,0.36476607432223396,86.08,1,running
recovery_pair01_positive,1,positive,3,239,0.6315051913261414,0.5168342590332031,0.48923546075820923,0.5154320001602173,0.6353413462638855,0.9763115644454956,1.0,1.0,1.0,1.0,0.8641183972358704,-0.9423190951347351,0.0339379720389843,0.9976604580879211,0.06836354732513428,0.47822222113609314,0.8634800314903259,-0.9435990452766418,0.043174002319574356,-0.28307971358299255,1,41,0,40,1.7123241424560547,2.268538053911401,-0.11702944163844585,47.0,0.3644191309041846,90.47,1,running
recovery_pair01_positive,1,positive,3,240,0.662843644618988,0.5275506377220154,0.49051326513290405,0.5072126388549805,0.6080479025840759,0.8901677131652832,1.0,1.0,1.0,1.0,0.8532318472862244,-0.9403972625732422,0.03390568494796753,0.9999663829803467,-0.00820295512676239,0.5026111006736755,0.8763293027877808,-0.9478186368942261,0.0,0.6000000238418579,0,42,0,41,1.6890655755996704,2.273177106688367,-0.11203822245967206,49.0,0.3645272017429072,89.54,1,running
recovery_pair01_positive,1,positive,3,241,0.6413301229476929,0.5170742869377136,0.4825901687145233,0.5104923844337463,0.627507746219635,0.9432544112205505,1.0,1.0,1.0,1.0,0.8634800314903259,-0.9435990452766418,0.033915746957063675,0.9999677538871765,0.008028428070247173,0.4974444508552551,0.8692649006843567,-0.9453074336051941,0.0,0.6000000238418579,0,42,0,41,1.6890655755996704,2.2733671263847395,-0.11186219030855613,55.0,0.3645531400854568,83.58,1,running
recovery_pair01_positive,1,positive,3,242,0.5880360007286072,0.5004187226295471,0.48768702149391174,0.5392135977745056,0.6896476745605469,1.0,1.0,1.0,1.0,1.0,0.8763293027877808,-0.9478186368942261,0.03391816094517708,0.9937289357185364,0.11181581765413284,0.46433332562446594,0.8539357781410217,-0.9402382969856262,0.0,0.6000000238418579,0,42,0,41,0.8571677803993225,2.273309253399536,-0.1120113213977512,61.0,0.36460843690490424,77.56,1,running
recovery_pair01_positive,1,positive,3,243,0.5487686395645142,0.48668012022972107,0.4936853349208832,0.5677174925804138,0.7840243577957153,1.0,1.0,1.0,1.0,0.24490508437156677,0.8692649006843567,-0.9453074336051941,0.03392329812049866,0.9765221476554871,0.21541711688041687,0.4308888912200928,0.8604727387428284,-0.9405651092529297,0.0,0.6000000238418579,0,42,0,41,0.7772501707077026,2.272948388633452,-0.11284646827106294,68.0,0.3648917383592955,70.42,1,running
recovery_pair01_positive,1,positive,3,244,0.5221889615058899,0.48429062962532043,0.5101186633110046,0.6196745038032532,0.9250521659851074,1.0,1.0,1.0,1.0,0.22207148373126984,0.8539357781410217,-0.9402382969856262,0.03394966945052147,0.94217449426651,0.3351227045059204,0.391222208738327,0.8489863276481628,-0.9369068145751953,0.04244931787252426,-0.28107205033302307,1,43,0,42,0.7737169861793518,2.273749125593089,-0.11061110211147719,70.0,0.36401383472216975,68.77,1,running
recovery_pair01_positive,1,positive,3,245,0.5112818479537964,0.48394152522087097,0.5134351849555969,0.6287744641304016,0.9683807492256165,1.0,1.0,1.0,1.0,0.22106198966503143,0.8604727387428284,-0.9405651092529297,0.0338679775595665,0.9321343302726746,0.3621126711368561,0.3820555508136749,0.8449248671531677,-0.9355008006095886,0.11958188563585281,-0.28065025806427,1,43,0,42,0.7737169861793518,2.2767224461159943,-0.10275000204777063,68.0,0.36115416959806523,72.02,1,running
recovery_pair01_positive,1,positive,3,246,0.5214477181434631,0.48099568486213684,0.5057715177536011,0.6130058169364929,0.9166159629821777,1.0,1.0,1.0,1.0,0.22549565136432648,0.8489863276481628,-0.9369068145751953,0.03360191360116005,0.9511643052101135,0.3086850047111511,0.4001111090183258,0.8498383164405823,-0.9370989799499512,0.04249191656708717,-0.28112971782684326,1,43,0,42,0.7892347574234009,2.2803079970474234,-0.0942253097606706,65.0,0.358532558092303,76.43,1,running
recovery_pair01_positive,1,positive,3,247,0.526776909828186,0.4780580699443817,0.5028299689292908,0.5886775255203247,0.836950421333313,1.0,1.0,1.0,1.0,0.237313911318779,0.8449248671531677,-0.9355008006095886,0.033358003944158554,0.9720839858055115,0.2346331626176834,0.4246111214160919,0.8559873104095459,-0.9389963746070862,0.042799364775419235,-0.28169891238212585,1,43,0,42,0.8305987119674683,2.2842349028942244,-0.08620532877613081,62.0,0.35670876822025166,80.83,1,running
recovery_pair01_positive,1,positive,3,248,0.5426461100578308,0.48501020669937134,0.5025038123130798,0.5636283159255981,0.7745758295059204,1.0,1.0,1.0,1.0,0.25299257040023804,0.8498383164405823,-0.9370989799499512,0.03318832069635391,0.9872198700904846,0.15936429798603058,0.449055552482605,0.8631654977798462,-0.9414144158363342,0.04315827414393425,-0.28242433071136475,1,43,0,42,0.8854739665985107,2.28866553626234,-0.07831823260799466,59.0,0.35558670841506523,85.27,1,running
recovery_pair01_positive,1,positive,3,249,0.5590443015098572,0.48643428087234497,0.4821021556854248,0.5505598187446594,0.7286853790283203,1.0,1.0,1.0,1.0,1.0,0.8559873104095459,-0.9389963746070862,0.03308391571044922,0.9965943694114685,0.08246033638715744,0.4737222194671631,0.849966824054718,-0.9385691285133362,0.04249834269285202,-0.28157076239585876,1,43,0,42,1.6755249500274658,2.293511970237937,-0.07073596950832355,56.0,0.35520716466005525,89.72,1,running
recovery_pair01_positive,1,positive,3,250,0.5798293948173523,0.49447813630104065,0.47872141003608704,0.5299471616744995,0.6806272268295288,1.0,1.0,1.0,1.0,1.0,0.8631654977798462,-0.9414144158363342,0.0330485962331295,0.9999880790710449,0.004886902403086424,0.49844443798065186,0.857539713382721,-0.9408887624740601,0.04287698492407799,-0.28226664662361145,1,43,0,42,1.6711617708206177,2.298838751168905,-0.06337325870474707,52.0,0.3555780313185422,95.19,1,running
recovery_pair01_positive,1,positive,3,251,0.6037850975990295,0.499893456697464,0.47747477889060974,0.5095623731613159,0.64030921459198,1.0,1.0,1.0,1.0,1.0,0.849966824054718,-0.9385691285133362,0.03308311849832535,0.9959002137184143,-0.09045876562595367,0.5288333296775818,0.8650499582290649,-0.9432071447372437,0.0,0.6000000238418579,0,44,0,43,1.661976933479309,2.3020369229837363,-0.059300758573705724,55.0,0.3560962358788643,93.02,1,running
recovery_pair01_positive,1,positive,3,252,0.5811911821365356,0.4990794062614441,0.4748505651950836,0.5225468277931213,0.6706377267837524,1.0,1.0,1.0,1.0,1.0,0.857539713382721,-0.9408887624740601,0.03313133120536804,0.9986112117767334,-0.052684541791677475,0.516777753829956,0.8607484102249146,-0.9417491555213928,0.0,0.6000000238418579,0,44,0,43,0.9748108983039856,2.3015207709059275,-0.06017215221210863,61.0,0.3561214523834099,86.85,1,running
recovery_pair01_positive,1,positive,3,253,0.5339129567146301,0.48146483302116394,0.48851484060287476,0.5575106143951416,0.7708792090415955,1.0,1.0,1.0,1.0,0.27851739525794983,0.8650499582290649,-0.9432071447372437,0.033133674412965775,0.9984890818595886,0.054950181394815445,0.48249998688697815,0.8670468330383301,-0.9423516392707825,0.0,0.6000000238418579,0,44,0,43,0.7966740727424622,2.3011067420369997,-0.061109537928535955,68.0,0.3562711312912752,79.69,1,running
recovery_pair01_positive,1,positive,3,254,0.5085301399230957,0.4750228226184845,0.49961432814598083,0.6080493927001953,0.9128720164299011,1.0,1.0,1.0,1.0,0.2276211678981781,0.8607484102249146,-0.9417491555213928,0.03314759209752083,0.983853816986084,0.17897392809391022,0.44272223114967346,0.8570914268493652,-0.9391576051712036,0.04285457357764244,-0.2817472815513611,1,45,0,44,0.7966740727424622,2.3026422952364345,-0.05698376932632106,69.0,0.35538976318208604,79.38,1,running
recovery_pair01_positive,1,positive,3,255,0.508226752281189,0.4754388630390167,0.5012111067771912,0.6051263809204102,0.9040241241455078,1.0,1.0,1.0,1.0,0.23825636506080627,0.8670468330383301,-0.9423516392707825,0.03306559845805168,0.9828710556030273,0.1842944473028183,0.4410000145435333,0.8567485809326172,-0.9390604496002197,0.04283742979168892,-0.2817181348800659,1,45,0,44,0.8338972926139832,2.3061862078564928,-0.04852915752988115,66.0,0.3540914113972164,83.85,1,running
recovery_pair01_positive,1,positive,3,256,0.5238054394721985,0.47042056918144226,0.49298495054244995,0.5796804428100586,0.8323712944984436,1.0,1.0,1.0,1.0,0.2472602277994156,0.8570914268493652,-0.9391576051712036,0.03294479474425316,0.9942448139190674,0.10713175684213638,0.4658333361148834,0.8624548316001892,-0.940816342830658,0.04312274232506752,-0.2822449207305908,1,45,0,44,0.8654108047485352,2.3102381520300286,-0.0402266351736033,62.0,0.3535451374307573,89.34,1,running
recovery_pair01_positive,1,positive,3,257,0.5388370752334595,0.47794079780578613,0.4853151738643646,0.5569132566452026,0.7686217427253723,1.0,1.0,1.0,1.0,1.0,0.8567485809326172,-0.9390604496002197,0.032893966883420944,0.999933660030365,0.011518917977809906,0.4963333308696747,0.8509219288825989,-0.9385343790054321,0.042546097189188004,-0.28156033158302307,1,45,0,44,1.6687310934066772,2.3146885419721843,-0.03227584428208973,59.0,0.35375481437755335,93.82,1,running
recovery_pair01_positive,1,positive,3,258,0.5508963465690613,0.48125654458999634,0.47678032517433167,0.5354315042495728,0.7167425155639648,1.0,1.0,1.0,1.0,1.0,0.8624548316001892,-0.940816342830658,0.03291346877813339,0.9977782964706421,-0.06662219762802124,0.5212222337722778,0.8565994501113892,-0.9400297999382019,0.0428299717605114,-0.28200894594192505,1,45,0,44,1.6597238779067993,2.319443871637606,-0.024776904776453862,56.0,0.3546697044014285,98.25,1,running
recovery_pair01_positive,1,positive,3,259,0.5668274760246277,0.4854162037372589,0.4742068350315094,0.5206786394119263,0.6755110621452332,1.0,1.0,1.0,1.0,1.0,0.8509219288825989,-0.9385343790054321,0.03299860283732414,0.9896513819694519,-0.14349262416362762,0.5458333492279053,0.8624769449234009,-0.9417738318443298,0.0,0.6000000238418579,0,46,0,45,1.6575828790664673,2.3233782092920476,-0.019039018671740078,57.0,0.3557867443299002,98.36,1,running
recovery_pair01_positive,1,positive,3,260,0.5556970834732056,0.4837488830089569,0.47359511256217957,0.5231914520263672,0.6893418431282043,1.0,1.0,1.0,1.0,1.0,0.8565994501113892,-0.9400297999382019,0.03310253843665123,0.9893741011619568,-0.14539234340190887,0.5464444160461426,0.8611484169960022,-0.9412151575088501,0.0,0.6000000238418579,0,46,0,45,1.6544766426086426,2.324588962909875,-0.017042843532185447,62.0,0.3560623751148184,93.73,1,running
recovery_pair01_positive,1,positive,3,261,0.5304039716720581,0.472707599401474,0.47811076045036316,0.5511191487312317,0.7615686655044556,1.0,1.0,1.0,1.0,1.0,0.8624769449234009,-0.9417738318443298,0.033128175884485245,0.9978817105293274,-0.06505480408668518,0.5207222104072571,0.8535765409469604,-0.9389260411262512,0.0,0.6000000238418579,0,46,0,45,0.8812404870986938,2.3250441430626463,-0.016164990590458905,67.0,0.3561178366227778,88.89,1,running
recovery_pair01_positive,1,positive,3,262,0.5036342740058899,0.46831828355789185,0.48942089080810547,0.590090274810791,0.872735857963562,1.0,1.0,1.0,1.0,0.25178298354148865,0.8611484169960022,-0.9412151575088501,0.033133335411548615,0.9998123645782471,0.019371943548321724,0.4938333332538605,0.8648388981819153,-0.9412894248962402,0.0,0.6000000238418579,0,46,0,45,0.8077554106712341,2.324724629095016,-0.01715025103882619,74.0,0.3562302030865725,81.72,1,running
recovery_pair01_positive,1,positive,3,263,0.48201853036880493,0.4717678129673004,0.510166585445404,0.6548921465873718,1.0,1.0,1.0,1.0,1.0,0.2307872623205185,0.8535765409469604,-0.9389260411262512,0.0331437923014164,0.9895761013031006,0.1440107822418213,0.45399999618530273,0.8573549389839172,-0.9392639398574829,0.0,0.6000000238418579,0,46,0,45,0.7968688607215881,2.3245228275597216,-0.018169638038668126,81.0,0.3564668283335581,74.56,1,running
recovery_pair01_positive,1,positive,3,264,0.4694754183292389,0.47717055678367615,0.5426008701324463,0.7501964569091797,1.0,1.0,1.0,1.0,1.0,0.22767682373523712,0.8648388981819153,-0.9412894248962402,0.03316579759120941,0.9639098048210144,0.26622912287712097,0.41422221064567566,0.8575132489204407,-0.9399439692497253,0.042875662446022034,-0.2819831967353821,1,47,0,46,0.7968688607215881,2.3250458579179623,-0.014305906720122871,82.0,0.3553639580345296,74.16,1,running
recovery_pair01_positive,1,positive,3,265,0.4709920585155487,0.4723861515522003,0.5496522784233093,0.747978687286377,1.0,1.0,1.0,1.0,1.0,0.23186035454273224,0.8573549389839172,-0.9392639398574829,0.033063191920518875,0.9620276689529419,0.2729519307613373,0.41200000047683716,0.8568365573883057,-0.9397713541984558,0.0428418293595314,-0.28193143010139465,1,47,0,46,0.7885593771934509,2.3266220354788287,-0.005334350157334597,78.0,0.3532903327118152,79.6,1,running
recovery_pair01_positive,1,positive,3,266,0.47451403737068176,0.4733869433403015,0.5236126184463501,0.6938290596008301,1.0,1.0,1.0,1.0,1.0,0.22530268132686615,0.8575132489204407,-0.9399439692497253,0.03287025913596153,0.983571469783783,0.18051914870738983,0.4422222077846527,0.858234703540802,-0.9397761821746826,0.04291173443198204,-0.28193286061286926,1,47,0,46,0.7885593771934509,2.3286691772587043,0.003387882002580724,75.0,0.35196962565270684,84.04,1,running
recovery_pair01_positive,1,positive,3,267,0.4829559028148651,0.46484193205833435,0.5079764723777771,0.6591514945030212,1.0,1.0,1.0,1.0,1.0,0.23242248594760895,0.8568365573883057,-0.9397713541984558,0.03274737298488617,0.9945946335792542,0.1038341298699379,0.4668888747692108,0.8597253561019897,-0.9399647116661072,0.042986270040273666,-0.2819894254207611,1,47,0,46,0.8134787082672119,2.3311171962270056,0.011754277843488491,72.0,0.35136956085054855,88.45,1,running
recovery_pair01_positive,1,positive,3,268,0.4890403747558594,0.4697761535644531,0.5061547160148621,0.625569224357605,0.9840766787528992,1.0,1.0,1.0,1.0,0.24574437737464905,0.858234703540802,-0.9397761821746826,0.03269154950976372,0.9996340870857239,0.02704930305480957,0.49138888716697693,0.8631517887115479,-0.940941333770752,0.04315758869051933,-0.28228241205215454,1,47,0,46,0.8601053357124329,2.3341211008748646,0.02027531074073783,69.0,0.35146536991161575,92.93,1,running
recovery_pair01_positive,1,positive,3,269,0.5027921795845032,0.4640466868877411,0.4924977123737335,0.5972474217414856,0.8889918923377991,1.0,1.0,1.0,1.0,0.2600148022174835,0.8597253561019897,-0.9399647116661072,0.03270045667886734,0.9986927509307861,-0.051115863025188446,0.5162777900695801,0.8683140277862549,-0.9423646926879883,0.043415702879428864,-0.28270941972732544,1,47,0,46,0.9100518226623535,2.337629238502272,0.028699270000590586,66.0,0.35230422432307695,97.4,1,running
recovery_pair01_positive,1,positive,3,270,0.5093926191329956,0.4685453474521637,0.48294979333877563,0.566100001335144,0.81887286901474,1.0,1.0,1.0,1.0,1.0,0.8631517887115479,-0.940941333770752,0.03277852013707161,0.9916711449623108,-0.1287955939769745,0.5411111116409302,0.854181170463562,-0.9388539791107178,0.04270906001329422,-0.2816562056541443,1,47,0,46,1.6281473636627197,2.3415784800466977,0.03685797047951251,62.0,0.35387186743592286,102.85,1,running
recovery_pair01_positive,1,positive,3,271,0.5230953097343445,0.4651849567890167,0.4751094877719879,0.5476744771003723,0.7566296458244324,1.0,1.0,1.0,1.0,1.0,0.8683140277862549,-0.9423646926879883,0.03292436897754669,0.9749556183815002,-0.22239939868450165,0.5713889002799988,0.8603026866912842,-0.9403833150863647,0.04301513358950615,-0.28211501240730286,1,47,0,46,1.6281473636627197,2.3460208499595283,0.04484770444976265,59.0,0.35618280768593397,107.28,1,running
recovery_pair01_positive,1,positive,3,272,0.5380756258964539,0.47156187891960144,0.4734882712364197,0.5280917286872864,0.7027286291122437,1.0,1.0,1.0,1.0,1.0,0.854181170463562,-0.9388539791107178,0.033139389008283615,0.9548645615577698,-0.2970415949821472,0.5960000157356262,0.8655686974525452,-0.94187331199646,0.0,0.6000000238418579,0,48,0,47,1.633981466293335,2.3481671102522244,0.0483530258785447,62.0,0.3574579340702309,104.91,1,running
recovery_pair01_positive,1,positive,3,273,0.5244277715682983,0.4668518602848053,0.47088703513145447,0.5441795587539673,0.7577294111251831,1.0,1.0,1.0,1.0,1.0,0.8603026866912842,-0.9403833150863647,0.033258020877838135,0.9663311839103699,-0.2573014497756958,0.5828333497047424,0.8615666031837463,-0.9406588673591614,0.0,0.6000000238418579,0,48,0,47,0.9303234219551086,2.347772353271697,0.047428549789774815,69.0,0.3572842125305782,97.75,1,running
recovery_pair01_positive,1,positive,3,274,0.49764588475227356,0.4568078815937042,0.487343966960907,0.5968917012214661,0.9042686223983765,1.0,1.0,1.0,1.0,0.2658067047595978,0.8655686974525452,-0.94187331199646,0.03324185311794281,0.9908658862113953,-0.13485093414783478,0.543055534362793,0.8708456158638,-0.9428829550743103,0.0,0.6000000238418579,0,48,0,47,0.8454691171646118,2.347486796061286,0.04644515586790133,76.0,0.3572331237509328,90.59,1,running
recovery_pair01_positive,1,positive,3,275,0.47322574257850647,0.4628932476043701,0.5127323865890503,0.6628500819206238,1.0,1.0,1.0,1.0,1.0,0.2415626049041748,0.8615666031837463,-0.9406588673591614,0.033237095922231674,0.9999470114707947,-0.010297260247170925,0.5032777786254883,0.8659409880638123,-0.9418064951896667,0.0,0.6000000238418579,0,48,0,47,0.8129390478134155,2.3473172987953252,0.04540026173266178,83.0,0.3573122197819268,83.42,1,running
recovery_pair01_positive,1,positive,3,276,0.4622232913970947,0.47317901253700256,0.5466407537460327,0.7612931132316589,1.0,1.0,1.0,1.0,1.0,0.2322683036327362,0.8708456158638,-0.9428829550743103,0.033244453370571136,0.9934128522872925,0.11459039151668549,0.46344444155693054,0.8676267862319946,-0.9431748986244202,0.0,0.6000000238418579,0,48,0,47,0.8129390478134155,2.3472685153023187,0.04430973289304214,90.0,0.3575225358569911,76.24,1,running
recovery_pair01_positive,1,positive,3,277,0.45882612466812134,0.48384132981300354,0.6014866232872009,0.9225281476974487,1.0,1.0,1.0,1.0,0.26782914996147156,0.2369850128889084,0.8659409880638123,-0.9418064951896667,0.03326403349637985,0.9713005423545837,0.23785541951656342,0.42355555295944214,0.8476673364639282,-0.935758113861084,0.0,0.6000000238418579,0,48,0,47,0.8294475674629211,2.3473715995573623,0.04287669658486444,96.0,0.357966021581706,70.03,1,running
recovery_pair01_positive,1,positive,3,278,0.45760902762413025,0.5113642811775208,0.6682665944099426,1.0,1.0,1.0,1.0,1.0,0.2414328008890152,0.2736680805683136,0.8676267862319946,-0.9431748986244202,0.03330528736114502,0.9398715496063232,0.3415280878543854,0.3890555500984192,0.8501036167144775,-0.9375985860824585,0.0,0.6000000238418579,0,48,0,47,0.8284437656402588,2.3475984894800845,0.041705456497695886,103.0,0.35847066902425423,62.85,1,running
recovery_pair01_positive,1,positive,3,279,0.4709702134132385,0.5477126836776733,0.7677779197692871,1.0,1.0,1.0,1.0,1.0,0.2366982251405716,1.0,0.8476673364639282,-0.935758113861084,0.03335224837064743,0.8898149132728577,0.4563215970993042,0.3491666615009308,0.8310300707817078,-0.9346676468849182,0.07641177624464035,0.6000000238418579,0,48,0,47,0.8284437656402588,2.3467683672827686,0.04401328172840375,112.0,0.3571074541743663,54.18,1,running
recovery_pair01_positive,1,positive,3,280,0.49467846751213074,0.6178237795829773,1.0,1.0,1.0,1.0,1.0,0.26236292719841003,0.25276365876197815,1.0,0.8501036167144775,-0.9375985860824585,0.0332254096865654,0.8108595609664917,0.5852407813072205,0.3009999990463257,0.8460964560508728,-0.9347620010375977,0.07618457823991776,0.6000000238418579,0,48,0,47,0.8435223698616028,2.3419197640825398,0.05330803703873017,121.0,0.35026721114780274,46.47,1,running
recovery_pair01_positive,1,positive,3,281,0.5369299054145813,0.7367171049118042,1.0,1.0,1.0,1.0,1.0,0.24100638926029205,1.0,1.0,0.8310300707817078,-0.9346676468849182,0.032588981091976166,0.7250138521194458,0.6887342929840088,0.25816667079925537,0.8774092793464661,-0.9478239417076111,0.07504453510046005,0.6000000238418579,0,48,0,47,0.840843141078949,2.3339737695966964,0.0647200353580003,128.0,0.3401643477284295,41.05,1,running
recovery_pair01_positive,1,positive,3,282,0.5882405042648315,0.8859521746635437,1.0,1.0,1.0,1.0,1.0,0.2402409017086029,1.0,1.0,0.8460964560508728,-0.9347620010375977,0.03164902701973915,0.6567173600196838,0.7541368007659912,0.22805555164813995,0.8854934573173523,-0.9515712857246399,0.07336072623729706,0.5731661319732666,0,48,0,47,0.840843141078949,2.325003308743566,0.07479530458694204,135.0,0.3295454734646877,35.48,1,running
recovery_pair01_positive,1,positive,3,283,0.6548198461532593,1.0,1.0,1.0,1.0,1.0,0.24885408580303192,0.25459614396095276,1.0,1.0,0.8774092793464661,-0.9478239417076111,0.03066103905439377,0.5804187655448914,0.8143181800842285,0.197111114859581,0.9077298045158386,-0.9612150192260742,0.07159091532230377,0.4953942596912384,0,48,0,47,0.8160009980201721,2.3150992660540264,0.08373217709506972,141.0,0.31838012248549324,30.77,1,running
recovery_pair01_positive,1,positive,3,284,0.7376226782798767,1.0,1.0,1.0,1.0,1.0,0.2331431359052658,0.29265013337135315,1.0,1.0,0.8854934573173523,-0.9515712857246399,0.02962219901382923,0.5115930438041687,0.8592278957366943,0.1709444373846054,0.9095770716667175,-0.9623509645462036,0.06973002105951309,0.42963024973869324,0,48,0,47,0.8020489811897278,2.3045478921307185,0.09156908440292238,146.0,0.3068788644594535,26.93,1,running
recovery_pair01_positive,1,positive,3,285,0.8368720412254333,1.0,1.0,1.0,1.0,1.0,0.22915685176849365,1.0,1.0,1.0,0.9077298045158386,-0.9612150192260742,0.028552113100886345,0.45290160179138184,0.8915604948997498,0.14961111545562744,0.9120393395423889,-0.9670153856277466,0.06781314313411713,0.37601372599601746,0,48,0,47,0.8020489811897278,2.2935661716077402,0.09838738576641431,150.0,0.29519145516896717,23.98,1,running
recovery_pair01_positive,1,positive,3,286,0.9571362733840942,1.0,1.0,1.0,1.0,1.0,0.22942759096622467,1.0,1.0,1.0,0.9095770716667175,-0.9623509645462036,0.027464725077152252,0.40641772747039795,0.9136874079704285,0.13322222232818604,0.9168936610221863,-0.9688793420791626,0.06586524099111557,0.33482396602630615,0,48,0,47,0.8029965758323669,2.2823457525980992,0.10426182320295076,154.0,0.28345562991607137,20.93,1,running
recovery_pair01_positive,1,positive,3,287,1.0,1.0,1.0,1.0,1.0,0.24269139766693115,0.22992445528507233,1.0,1.0,1.0,0.9120393395423889,-0.9670153856277466,0.026372816413640976,0.357227087020874,0.934017539024353,0.116277776658535,0.9363037943840027,-0.9737898707389832,0.06390926986932755,0.29223793745040894,0,48,0,47,0.8047356009483337,2.2712064771072678,0.10920556358458913,158.0,0.2719514483351913,17.76,1,running
recovery_pair01_positive,1,positive,3,288,1.0,1.0,1.0,1.0,1.0,0.23301921784877777,0.23211407661437988,1.0,1.0,1.0,0.9168936610221863,-0.9688793420791626,0.025302452966570854,0.3050305247306824,0.9523425698280334,0.09866666793823242,0.9349297881126404,-0.9731776714324951,0.06199190765619278,0.2479763776063919,0,48,0,47,0.770142138004303,2.2600943217723932,0.11345886871191188,160.0,0.2605775668613328,16.51,1,running
recovery_pair01_positive,1,positive,3,289,1.0,1.0,1.0,1.0,1.0,0.22004060447216034,0.24373582005500793,1.0,1.0,1.0,0.9363037943840027,-0.9737898707389832,0.024244239553809166,0.28418269753456116,0.9587701559066772,0.09172222018241882,0.9345415234565735,-0.9729491472244263,0.10682334005832672,-0.29188475012779236,1,49,0,48,0.770142138004303,2.2434905942882857,0.11924490062852697,160.0,0.24369899551161447,17.63,1,running
recovery_pair01_positive,1,positive,3,290,1.0,1.0,1.0,1.0,1.0,0.2204871028661728,0.22909557819366455,1.0,1.0,1.0,0.9349297881126404,-0.9731776714324951,0.022673852741718292,0.30286893248558044,0.9530321955680847,0.09794444590806961,0.9352009892463684,-0.9732180237770081,0.10404321551322937,-0.29196542501449585,1,49,0,48,0.7282681465148926,2.2236989891090877,0.12716227209555728,157.0,0.22370940638416295,22.45,1,running
recovery_pair01_positive,1,positive,3,291,1.0,1.0,1.0,1.0,1.0,0.22626078128814697,0.208076611161232,1.0,1.0,1.0,0.9345415234565735,-0.9729491472244263,0.020814014598727226,0.38187703490257263,0.9242131114006042,0.12472222000360489,0.9376333355903625,-0.974229633808136,0.1008332371711731,-0.29226890206336975,1,49,0,48,0.7143753170967102,2.204903463831498,0.13595775972390328,153.0,0.2050109119279827,28.86,1,running
recovery_pair01_positive,1,positive,3,292,1.0,1.0,1.0,1.0,1.0,0.23961536586284637,0.20410723984241486,1.0,1.0,1.0,0.9352009892463684,-0.9732180237770081,0.01907428167760372,0.4826710820198059,0.875801682472229,0.16033333539962769,0.9405015707015991,-0.9754064679145813,0.09786023199558258,-0.2926219403743744,1,49,0,48,0.6706964373588562,2.187094216570325,0.14557919990630508,150.0,0.18779928085917258,34.97,1,success
recovery_pair01_negative,1,negative,1,294,0.48879387974739075,0.5942650437355042,0.8942570686340332,1.0,1.0,1.0,1.0,0.2426457703113556,0.25572437047958374,1.0,0.7875450253486633,-0.9190674424171448,0.03728742524981499,0.5887731909751892,0.8082982897758484,0.20038889348506927,0.8040258884429932,-0.9174604415893555,0.08346102386713028,0.5036321878433228,0,50,0,50,0.8249451518058777,2.322721346722812,-0.3440143425461339,115.0,0.38761092904695954,31.37,1,running
recovery_pair01_negative,1,negative,1,295,0.5117930769920349,0.6489077210426331,1.0,1.0,1.0,1.0,1.0,0.2356986105442047,1.0,1.0,0.793192982673645,-0.9126672148704529,0.036063455045223236,0.5205626487731934,0.8538234829902649,0.17427778244018555,0.8478319644927979,-0.9357372522354126,0.08126848936080933,0.43800783157348633,0,50,0,50,0.8106831312179565,2.315942244152624,-0.3309726572987057,120.0,0.374810391975052,27.45,1,running
recovery_pair01_negative,1,negative,1,296,0.5362268090248108,0.7284239530563354,1.0,1.0,1.0,1.0,1.0,0.23162375390529633,1.0,1.0,0.8040258884429932,-0.9174604415893555,0.034872498363256454,0.4609743654727936,0.8874134421348572,0.1525000035762787,0.8523081541061401,-0.9377158880233765,0.07913506776094437,0.3832743167877197,0,50,0,50,0.8077380657196045,2.3078414213713287,-0.3183234500778345,125.0,0.3612315160323624,23.45,1,running
recovery_pair01_negative,1,negative,1,297,0.5714427828788757,0.8056588768959045,1.0,1.0,1.0,1.0,0.27624690532684326,0.23078230023384094,1.0,1.0,0.8478319644927979,-0.9357372522354126,0.03360912203788757,0.39794862270355225,0.9174076914787292,0.13027778267860413,0.8784693479537964,-0.9488517642021179,0.07687191665172577,0.3274237811565399,0,50,0,50,0.8077380657196045,2.2989647936853213,-0.30649312934894085,129.0,0.34751957683207474,20.35,1,running
recovery_pair01_negative,1,negative,1,298,0.5985386967658997,0.9071241021156311,1.0,1.0,1.0,1.0,0.24859538674354553,0.2428346574306488,1.0,1.0,0.8523081541061401,-0.9377158880233765,0.03233334422111511,0.34775397181510925,0.9375858306884766,0.11305555701255798,0.8850129246711731,-0.9517519474029541,0.07458659261465073,0.28413960337638855,0,50,0,50,0.817085325717926,2.2895624017134866,-0.29550598489181823,132.0,0.3338619207105428,18.15,1,running
recovery_pair01_negative,1,negative,1,299,0.6306366324424744,1.0,1.0,1.0,1.0,1.0,0.2334529459476471,0.25492122769355774,1.0,1.0,0.8784693479537964,-0.9488517642021179,0.031062640249729156,0.3115057945251465,0.9502442479133606,0.10083333402872086,0.8919926285743713,-0.9547611474990845,0.07231032103300095,0.253421813249588,0,50,0,50,0.7925422191619873,2.2799957140081726,-0.28550659283984253,135.0,0.32061112081268006,15.85,1,running
recovery_pair01_negative,1,negative,1,300,0.6699872612953186,1.0,1.0,1.0,1.0,1.0,0.2264406383037567,0.2532588541507721,1.0,1.0,0.8850129246711731,-0.9517519474029541,0.02982977218925953,0.27311983704566956,0.9619800448417664,0.0880555585026741,0.8931779265403748,-0.9552522301673889,0.11476075649261475,-0.28657567501068115,1,51,0,51,0.7925422191619873,2.2660324351691763,-0.2716876924614316,134.0,0.3017308195881826,17.85,1,general_timeout
recovery_pair01_negative,1,negative,2,272,0.4848470687866211,0.5587811470031738,0.7692495584487915,1.0,1.0,1.0,1.0,0.2571544051170349,0.23529161512851715,1.0,0.7695296406745911,-0.9121161699295044,0.03734135255217552,0.557745099067688,0.8300122618675232,0.18833333253860474,0.7815385460853577,-0.9076735973358154,0.0835576206445694,0.47333329916000366,0,48,0,48,0.8235206604003906,2.2849639097392958,-0.3957767619906366,107.0,0.39013205486816477,29.92,1,running
recovery_pair01_negative,1,negative,2,273,0.4964107871055603,0.5955590009689331,0.8778219223022461,1.0,1.0,1.0,1.0,0.23860132694244385,0.24850530922412872,1.0,0.7769522070884705,-0.9154342412948608,0.03629802167415619,0.49879032373428345,0.8667227029800415,0.1662222295999527,0.7915658354759216,-0.9121314287185669,0.08168867230415344,0.41776201128959656,0,48,0,48,0.8297930359840393,2.278914412722875,-0.3786922858168016,112.0,0.3741379563767522,26.2,1,running
recovery_pair01_negative,1,negative,2,274,0.5077723264694214,0.6392509341239929,1.0,1.0,1.0,1.0,1.0,0.23708371818065643,1.0,1.0,0.7815385460853577,-0.9076735973358154,0.034809935837984085,0.4415058493614197,0.8972583413124084,0.1455555558204651,0.8389111161231995,-0.9319993257522583,0.07902299612760544,0.3658210039138794,0,48,0,48,0.7776896953582764,2.272594515064078,-0.3648737156205786,117.0,0.36026764822319385,22.17,1,running
recovery_pair01_negative,1,negative,2,275,0.535199761390686,0.6919307112693787,1.0,1.0,1.0,1.0,1.0,0.2221970558166504,1.0,1.0,0.7915658354759216,-0.9121314287185669,0.033519428223371506,0.3773559629917145,0.9260683059692383,0.12316666543483734,0.8415387272834778,-0.9330132603645325,0.1187882125377655,-0.27990397810935974,1,49,0,49,0.7774854898452759,2.265458507553549,-0.3513613233951657,117.0,0.3460781060941052,23.09,1,running
recovery_pair01_negative,1,negative,2,276,0.5299606919288635,0.6978060007095337,1.0,1.0,1.0,1.0,1.0,0.22213871777057648,1.0,1.0,0.8389111161231995,-0.9319993257522583,0.03219924122095108,0.3921765685081482,0.9198899865150452,0.12827777862548828,0.8442819118499756,-0.9340096116065979,0.1165604442358017,-0.2802028954029083,1,49,0,49,0.7597996592521667,2.2536760794153428,-0.3264240242276572,113.0,0.3212492711902211,29.15,1,running
recovery_pair01_negative,1,negative,2,277,0.5206465721130371,0.6662725806236267,1.0,1.0,1.0,1.0,1.0,0.21708561480045319,0.25341540575027466,1.0,0.8415387272834778,-0.9330132603645325,0.02988915890455246,0.48709771037101746,0.8733474612236023,0.1619444489479065,0.8137087821960449,-0.9214760661125183,0.11089365184307098,-0.27644282579421997,1,49,0,49,0.7597996592521667,2.246496340697588,-0.3086527992205429,111.0,0.3048282869399565,32.96,1,running
recovery_pair01_negative,1,negative,2,278,0.5095032453536987,0.6254720091819763,0.9713519215583801,1.0,1.0,1.0,1.0,0.2271651029586792,0.22294612228870392,1.0,0.8442819118499756,-0.9340096116065979,0.02836134284734726,0.5440533757209778,0.8390505909919739,0.18311111629009247,0.810306966304779,-0.9199351072311401,0.10798672586679459,-0.27598053216934204,1,49,0,49,0.7561407089233398,2.2381879363802155,-0.28433771585274215,107.0,0.2841894211767482,39.94,1,running
recovery_pair01_negative,1,negative,2,279,0.5137640833854675,0.6135945916175842,0.8958503603935242,1.0,1.0,1.0,1.0,0.23340895771980286,0.2160402089357376,1.0,0.8137087821960449,-0.9214760661125183,0.026441093534231186,0.6419850587844849,0.7667171359062195,0.22188888490200043,0.8139016628265381,-0.921349287033081,0.10472665727138519,-0.27640479803085327,1,49,0,49,0.7285006642341614,2.2332922789152936,-0.26700272340940945,104.0,0.2708902021516193,45.45,1,running
recovery_pair01_negative,1,negative,2,280,0.4981525242328644,0.5935207009315491,0.8335351943969727,1.0,1.0,1.0,1.0,1.0,0.20814304053783417,1.0,0.810306966304779,-0.9199351072311401,0.025203729048371315,0.7126384973526001,0.7015314102172852,0.2524999976158142,0.8128849864006042,-0.9292905330657959,0.10245928168296814,-0.27878716588020325,1,49,0,49,0.7131010890007019,2.2285765253692262,-0.2463846806218713,101.0,0.2568094564660121,51.88,1,running
recovery_pair01_negative,1,negative,2,281,0.49348264932632446,0.569534957408905,0.7732467651367188,1.0,1.0,1.0,1.0,1.0,0.20374317467212677,1.0,0.8139016628265381,-0.921349287033081,0.023893635720014572,0.786719560623169,0.6173105239868164,0.28822222352027893,0.8156099319458008,-0.9297427535057068,0.09989282488822937,-0.27892282605171204,1,49,0,49,0.7131010890007019,2.2246553960299336,-0.22268896987705236,97.0,0.2432850093614195,60.43,1,running
recovery_pair01_negative,1,negative,2,282,0.4998810589313507,0.5559038519859314,0.7254987359046936,1.0,1.0,1.0,1.0,1.0,0.2084197998046875,0.2286270558834076,0.8128849864006042,-0.9292905330657959,0.0226353257894516,0.8697534203529358,0.49348652362823486,0.3357222080230713,0.8475622534751892,-0.937457263469696,0.09959228336811066,-0.2812371850013733,1,49,0,49,0.7294692993164062,2.2228472309643426,-0.20599786447279833,95.0,0.23566969701461132,66.01,1,running
recovery_pair01_negative,1,negative,2,283,0.49258285760879517,0.5391207933425903,0.6893691420555115,1.0,1.0,1.0,1.0,1.0,0.2113199383020401,0.20913095772266388,0.8156099319458008,-0.9297427535057068,0.021926794201135635,0.913616418838501,0.4065771996974945,0.3667222261428833,0.8511142730712891,-0.9382463693618774,0.09850066900253296,-0.28147393465042114,1,49,0,49,0.7018408179283142,2.2216114470371116,-0.18256829685809584,91.0,0.22791860729426675,75.49,1,running
recovery_pair01_negative,1,negative,2,284,0.4915027618408203,0.5277771353721619,0.6591120958328247,1.0,1.0,1.0,1.0,1.0,0.22695772349834442,0.20052595436573029,0.8475622534751892,-0.937457263469696,0.021205635741353035,0.9681039452552795,0.25054898858070374,0.41938889026641846,0.8613967299461365,-0.94138503074646,0.043069835752248764,-0.282415509223938,1,49,0,49,0.7018408179283142,2.221561233103744,-0.17104340135015395,89.0,0.22545537438027075,80.34,1,running
recovery_pair01_negative,1,negative,2,285,0.49541231989860535,0.5255038738250732,0.6296006441116333,0.94539874792099,1.0,1.0,1.0,1.0,1.0,0.2011364996433258,0.8511142730712891,-0.9382463693618774,0.020976446568965912,0.9858208298683167,0.16780118644237518,0.4463333189487457,0.8870124816894531,-0.9513168931007385,0.044350624084472656,-0.285395085811615,1,49,0,49,0.6865437626838684,2.2221197756677773,-0.160117088530282,85.0,0.22424447429404876,87.11,1,running
recovery_pair01_negative,1,negative,2,286,0.5002966523170471,0.5155690312385559,0.6042086482048035,0.8632049560546875,1.0,1.0,1.0,1.0,1.0,0.1961553543806076,0.8613967299461365,-0.94138503074646,0.020863790065050125,0.9987281560897827,0.05041863024234772,0.48394444584846497,0.8871988654136658,-0.9508166909217834,0.04435994476079941,-0.28524503111839294,1,49,0,49,0.6865437626838684,2.2231937779418915,-0.15070990825550606,82.0,0.22421628234490093,92.53,1,running
recovery_pair01_negative,1,negative,2,287,0.49619320034980774,0.5026578307151794,0.5826025009155273,0.7978925108909607,1.0,1.0,1.0,1.0,1.0,0.1988133192062378,0.8870124816894531,-0.9513168931007385,0.020861174911260605,0.9990252256393433,-0.044142480939626694,0.5140555500984192,0.8862849473953247,-0.9498622417449951,0.044314246624708176,-0.28495869040489197,1,49,0,49,0.6958466172218323,2.2245006684305633,-0.1429440726277981,79.0,0.2249136145380801,97.53,1,running
recovery_pair01_negative,1,negative,2,288,0.5065633654594421,0.5045087933540344,0.5622963905334473,0.7490588426589966,1.0,1.0,1.0,1.0,1.0,0.2008526623249054,0.8871988654136658,-0.9508166909217834,0.020926043391227722,0.9913763999938965,-0.13104529678821564,0.5418333411216736,0.8872486352920532,-0.9498039484024048,0.04436243325471878,-0.2849411964416504,1,49,0,49,0.7029843330383301,2.226806648099038,-0.13268000496158408,75.0,0.22683151785749614,104.15,1,running
recovery_pair01_negative,1,negative,2,289,0.5126742124557495,0.49859192967414856,0.5499745011329651,0.7069967985153198,1.0,1.0,1.0,1.0,1.0,0.2256692349910736,0.8862849473953247,-0.9498622417449951,0.021104486659169197,0.9696590304374695,-0.2444612979888916,0.5786111354827881,0.8885711431503296,-0.9497967958450317,0.04442855715751648,-0.2849390506744385,1,49,0,49,0.7898423075675964,2.2289221822361975,-0.12517393027285084,73.0,0.22895974535824015,108.04,1,running
recovery_pair01_negative,1,negative,2,290,0.5157006978988647,0.4974827468395233,0.5356906652450562,0.6717365384101868,1.0,1.0,1.0,1.0,1.0,0.2499041110277176,0.8872486352920532,-0.9498039484024048,0.021302493289113045,0.9508405327796936,-0.30968087911605835,0.6002222299575806,0.8880696296691895,-0.9492543935775757,0.04440348222851753,-0.28477632999420166,1,49,0,49,0.8746643662452698,2.232461773993278,-0.11484909301019021,69.0,0.232911822268825,114.56,1,running
recovery_pair01_negative,1,negative,2,291,0.5276573300361633,0.49387434124946594,0.5213920474052429,0.6388000845909119,0.9638504981994629,1.0,1.0,1.0,1.0,1.0,0.8885711431503296,-0.9497967958450317,0.02167019248008728,0.909526526927948,-0.41564592719078064,0.6364444494247437,0.8750619888305664,-0.9457295536994934,0.04375309869647026,-0.28371888399124146,1,49,0,49,1.7137141227722168,2.235387520777539,-0.10764533234306056,66.0,0.23638343054242694,119.26,1,running
recovery_pair01_negative,1,negative,2,292,0.541189432144165,0.48963260650634766,0.5095424056053162,0.6082594990730286,0.8817058205604553,1.0,1.0,1.0,1.0,1.0,0.8880696296691895,-0.9492543935775757,0.021993204951286316,0.8724107146263123,-0.48877352476119995,0.6625555753707886,0.8780853152275085,-0.9461783766746521,0.04390426725149155,-0.28385353088378906,1,49,0,49,1.7137141227722168,2.2393485928216714,-0.09917747648317327,63.0,0.24123928007944626,124.18,1,running
recovery_pair01_negative,1,negative,2,293,0.5528279542922974,0.4923538863658905,0.5048690438270569,0.5883868932723999,0.8198856711387634,1.0,1.0,1.0,1.0,1.0,0.8750619888305664,-0.9457295536994934,0.02244499698281288,0.8272767066955566,-0.561794638633728,0.6898888945579529,0.8814521431922913,-0.9469006061553955,0.0,0.6000000238418579,0,50,0,50,1.7152905464172363,2.242049579391269,-0.09404207370007302,65.0,0.24460705729001944,123.29,1,running
recovery_pair01_negative,1,negative,2,294,0.5396857261657715,0.4900830090045929,0.5059219002723694,0.5991297364234924,0.8554107546806335,1.0,1.0,1.0,1.0,1.0,0.8780853152275085,-0.9461783766746521,0.02275834232568741,0.8359031677246094,-0.548876941204071,0.6849444508552551,0.8796429634094238,-0.9463058710098267,0.0,0.6000000238418579,0,50,0,50,1.7152905464172363,2.241759589676954,-0.09482492130579194,71.0,0.24420829092138233,117.12,1,running
recovery_pair01_negative,1,negative,2,295,0.5128913521766663,0.4948299527168274,0.5332034230232239,0.6583995819091797,1.0,1.0,1.0,1.0,1.0,1.0,0.8814521431922913,-0.9469006061553955,0.022721225395798683,0.8900537490844727,-0.4558556079864502,0.6506666541099548,0.8761101365089417,-0.9460004568099976,0.0,0.6000000238418579,0,50,0,50,0.771278440952301,2.241458602725094,-0.09606676613207943,79.0,0.2437377919471776,108.84,1,running
recovery_pair01_negative,1,negative,2,296,0.49594393372535706,0.49397584795951843,0.5569297075271606,0.7421043515205383,1.0,1.0,1.0,1.0,1.0,0.2203652709722519,0.8796429634094238,-0.9463058710098267,0.022677458822727203,0.9464240670204163,-0.32292649149894714,0.6046666502952576,0.8921639919281006,-0.9508073329925537,0.04460820183157921,-0.2852421998977661,1,51,0,51,0.7468158006668091,2.2418670173896604,-0.09350821804025974,80.0,0.24450402976251506,108.42,1,running
recovery_pair01_negative,1,negative,2,297,0.49108585715293884,0.4999193251132965,0.5619006752967834,0.7610673904418945,1.0,1.0,1.0,1.0,1.0,0.21337594091892242,0.8761101365089417,-0.9460004568099976,0.02274874970316887,0.948765754699707,-0.3159802258014679,0.6023333072662354,0.89326012134552,-0.9512955546379089,0.04466300830245018,-0.28538867831230164,1,51,0,51,0.7468158006668091,2.243674437785173,-0.08425850628150902,77.0,0.24780612171392064,113.48,1,running
recovery_pair01_negative,1,negative,2,298,0.5025365948677063,0.4974960684776306,0.5483114719390869,0.7194074392318726,1.0,1.0,1.0,1.0,1.0,0.23451659083366394,0.8921639919281006,-0.9508073329925537,0.02305597998201847,0.9171991944313049,-0.39842891693115234,0.6304444670677185,0.8938106298446655,-0.951075553894043,0.04469053074717522,-0.2853226661682129,1,51,0,51,0.8208080530166626,2.2464688638922707,-0.07358619613237677,73.0,0.2526920784915438,119.74,1,running
recovery_pair01_negative,1,negative,2,299,0.5094026923179626,0.4930577278137207,0.5370238423347473,0.674005925655365,1.0,1.0,1.0,1.0,1.0,1.0,0.89326012134552,-0.9512955546379089,0.023510556668043137,0.8682854175567627,-0.4960649609565735,0.6652222275733948,0.8785826563835144,-0.9466942548751831,0.04392913356423378,-0.28400829434394836,1,51,0,51,1.7234854698181152,2.248887491632433,-0.06615442028408595,70.0,0.25677815306800655,124.24,1,running
recovery_pair01_negative,1,negative,2,300,0.5189575552940369,0.4924244284629822,0.5191141366958618,0.6354013681411743,0.9766751527786255,1.0,1.0,1.0,1.0,1.0,0.8938106298446655,-0.951075553894043,0.023890739306807518,0.8266879916191101,-0.5626606345176697,0.6902222037315369,0.878682553768158,-0.9461196660995483,0.04393412917852402,-0.28383591771125793,1,51,0,51,1.7210402488708496,2.252776407571837,-0.05618685199102654,67.0,0.26314357019143614,129.14,1,near_goal_safe_timeout
recovery_pair01_negative,1,negative,3,281,0.5435258150100708,0.4833550751209259,0.49140307307243347,0.5586392283439636,0.7597466111183167,1.0,1.0,1.0,1.0,0.2584155201911926,0.8396656513214111,-0.9336321949958801,0.03760500252246857,0.9659709930419922,0.25865045189857483,0.41672220826148987,0.8554815649986267,-0.9388964772224426,0.042774077504873276,-0.2816689610481262,1,51,0,51,0.9044542908668518,2.2999648207369963,-0.3938801309347763,60.0,0.3999629299238331,78.59,1,running
recovery_pair01_negative,1,negative,3,282,0.5518456697463989,0.4826359748840332,0.4804236888885498,0.5487844347953796,0.7349605560302734,1.0,1.0,1.0,1.0,0.27047520875930786,0.8469885587692261,-0.9361615777015686,0.03721270337700844,0.9802366495132446,0.19782842695713043,0.4366111159324646,0.8597707748413086,-0.9402326941490173,0.04298853874206543,-0.2820698320865631,1,51,0,51,0.9466632604598999,2.304899361373723,-0.3856526478178068,57.0,0.39833334616333793,82.95,1,running
recovery_pair01_negative,1,negative,3,283,0.5670229196548462,0.48532578349113464,0.47720974683761597,0.531554639339447,0.6952120661735535,1.0,1.0,1.0,1.0,1.0,0.8554815649986267,-0.9388964772224426,0.03706108778715134,0.9924394488334656,0.12273545563220978,0.460833340883255,0.8474110960960388,-0.9377572536468506,0.04237055405974388,-0.28132718801498413,1,51,0,51,1.659044623374939,2.3099574417971973,-0.37823193340965,54.0,0.39753011360969315,87.23,1,running
recovery_pair01_negative,1,negative,3,284,0.5849403738975525,0.4928573668003082,0.4740127623081207,0.5164971947669983,0.6562719941139221,1.0,1.0,1.0,1.0,1.0,0.8597707748413086,-0.9402326941490173,0.036986351013183594,0.998831570148468,0.04832679033279419,0.4846111238002777,0.8547611236572266,-0.9400378465652466,0.04273805767297745,-0.28201135993003845,1,51,0,51,1.654106855392456,2.3152499878444113,-0.371322064774676,51.0,0.3974254584991117,91.49,1,running
recovery_pair01_negative,1,negative,3,285,0.6197673678398132,0.5046080350875854,0.4726019501686096,0.504201352596283,0.6221297979354858,0.9607293009757996,1.0,1.0,1.0,1.0,0.8474110960960388,-0.9377572536468506,0.03697660192847252,0.9996618628501892,-0.02600247412919998,0.5082777738571167,0.8657752275466919,-0.9437340497970581,0.0,0.6000000238418579,0,52,0,52,1.6472361087799072,2.319235707321732,-0.3664961074275233,52.0,0.39769761727453684,91.39,1,running
recovery_pair01_negative,1,negative,3,286,0.5923967957496643,0.49321407079696655,0.4706389009952545,0.5099175572395325,0.6406246423721313,1.0,1.0,1.0,1.0,1.0,0.8547611236572266,-0.9400378465652466,0.03700193762779236,0.9997057318687439,-0.02425769716501236,0.5077221989631653,0.8595627546310425,-0.941416323184967,0.0,0.6000000238418579,0,52,0,52,1.6472361087799072,2.3192162538908394,-0.36659610762471484,58.0,0.3977416495525179,85.38,1,running
recovery_pair01_negative,1,negative,3,287,0.5481052994728088,0.47761374711990356,0.47790101170539856,0.5426458120346069,0.7147234678268433,1.0,1.0,1.0,1.0,1.0,0.8657752275466919,-0.9437340497970581,0.03700602799654007,0.9967508316040039,0.08054686337709427,0.47433334589004517,0.8480884432792664,-0.9376890063285828,0.0,0.6000000238418579,0,52,0,52,0.8762219548225403,2.3190677267990325,-0.36692403484703406,65.0,0.39781822820700546,78.33,1,running
recovery_pair01_negative,1,negative,3,288,0.5150785446166992,0.4705927073955536,0.48700305819511414,0.5719948410987854,0.8243741989135742,1.0,1.0,1.0,1.0,0.25034913420677185,0.8595627546310425,-0.941416323184967,0.03701315075159073,0.9793288707733154,0.20227454602718353,0.4351666569709778,0.8547530174255371,-0.9382157921791077,0.0,0.6000000238418579,0,52,0,52,0.8102570176124573,2.3187365578893684,-0.3678216162010142,71.0,0.3980897677978256,72.19,1,running
recovery_pair01_negative,1,negative,3,289,0.49489516019821167,0.46757522225379944,0.5039889216423035,0.6343283653259277,1.0,1.0,1.0,1.0,1.0,0.2315020114183426,0.8480884432792664,-0.9376890063285828,0.037038419395685196,0.9520760178565979,0.3058614730834961,0.40105554461479187,0.8444194197654724,-0.9351078867912292,0.0,0.6000000238418579,0,52,0,52,0.8057647943496704,2.3185150331152085,-0.36874347068570446,78.0,0.39846564653098665,65.07,1,running
recovery_pair01_negative,1,negative,3,290,0.47640755772590637,0.47469452023506165,0.5367432832717896,0.7150615453720093,1.0,1.0,1.0,1.0,1.0,0.23021851480007172,0.8547530174255371,-0.9382157921791077,0.037073392421007156,0.906823456287384,0.4215106964111328,0.36149999499320984,0.8421757221221924,-0.9347468614578247,0.08307760953903198,0.6000000238418579,0,52,0,52,0.8057647943496704,2.3194442495374457,-0.36159113390051245,84.0,0.3949607215417033,59.98,1,running
recovery_pair01_negative,1,negative,3,291,0.46552881598472595,0.4822976589202881,0.5636450052261353,0.8076657056808472,1.0,1.0,1.0,1.0,0.2587879002094269,0.23852333426475525,0.8444194197654724,-0.9351078867912292,0.0367472842335701,0.8658508062362671,0.500302255153656,0.3332222104072571,0.8102748990058899,-0.9223238229751587,0.08249345421791077,0.6000000238418579,0,52,0,52,0.8348316550254822,2.3201084521219033,-0.34633215811335666,91.0,0.38673401259585144,54.87,1,running
recovery_pair01_negative,1,negative,3,292,0.464479923248291,0.5026990175247192,0.6169049143791199,0.9766197204589844,1.0,1.0,1.0,1.0,0.23869000375270844,0.26661890745162964,0.8421757221221924,-0.9347468614578247,0.03598187118768692,0.8178485035896301,0.5754335522651672,0.304833322763443,0.8213803172111511,-0.9271928668022156,0.08112233877182007,0.6000000238418579,0,52,0,52,0.8133174777030945,2.3189951386078116,-0.3311551282700832,98.0,0.3774849018627073,49.68,1,running
recovery_pair01_negative,1,negative,3,293,0.4689212143421173,0.5313319563865662,0.6974592804908752,1.0,1.0,1.0,1.0,1.0,0.23237642645835876,1.0,0.8102748990058899,-0.9223238229751587,0.03512134030461311,0.7624425292015076,0.647055983543396,0.2759999930858612,0.7997731566429138,-0.9236525893211365,0.07958081364631653,0.6000000238418579,0,52,0,52,0.8133174777030945,2.316136804341395,-0.3164726113576604,105.0,0.36738011186673075,44.37,1,running
recovery_pair01_negative,1,negative,3,294,0.48443180322647095,0.5662357807159424,0.8119416832923889,1.0,1.0,1.0,1.0,0.27701079845428467,0.23353593051433563,1.0,0.8213803172111511,-0.9271928668022156,0.03418118134140968,0.6992891430854797,0.7148389220237732,0.24650000035762787,0.8076383471488953,-0.918726921081543,0.07789668440818787,0.6000000238418579,0,52,0,52,0.8173757791519165,2.3115717066314496,-0.3022545771078657,111.0,0.35634659642058664,39.97,1,running
recovery_pair01_negative,1,negative,3,295,0.499790221452713,0.6245691180229187,0.9823921918869019,1.0,1.0,1.0,1.0,0.2343832403421402,0.25223711133003235,1.0,0.7997731566429138,-0.9236525893211365,0.03315461054444313,0.6423864364624023,0.7663809061050415,0.2220555543899536,0.8227300047874451,-0.9254011511802673,0.07605776935815811,0.5580864548683167,0,52,0,52,0.8094630241394043,2.3057784713161023,-0.28945724101474857,118.0,0.3451724778939125,34.36,1,running
recovery_pair01_negative,1,negative,3,296,0.5274423956871033,0.7020429968833923,1.0,1.0,1.0,1.0,1.0,0.23127515614032745,1.0,1.0,0.8076383471488953,-0.918726921081543,0.03211497515439987,0.5643908381462097,0.8255077004432678,0.1908888816833496,0.8581490516662598,-0.9400176405906677,0.07419541478157043,0.47975611686706543,0,52,0,52,0.7906107306480408,2.298743445258866,-0.27749332092458273,123.0,0.3334705935700641,30.62,1,running
recovery_pair01_negative,1,negative,3,297,0.5629042983055115,0.7896709442138672,1.0,1.0,1.0,1.0,1.0,0.22588877379894257,1.0,1.0,0.8227300047874451,-0.9254011511802673,0.03102623112499714,0.509341835975647,0.8605642914772034,0.17011110484600067,0.8642058372497559,-0.9426841735839844,0.11545538902282715,-0.28280526399612427,1,53,0,53,0.7906107306480408,2.2894061942990174,-0.26409984854337437,125.0,0.3192510633870017,30.03,1,running
recovery_pair01_negative,1,negative,3,298,0.5713343024253845,0.8123846054077148,1.0,1.0,1.0,1.0,1.0,0.22780993580818176,1.0,1.0,0.8581490516662598,-0.9400176405906677,0.02970324456691742,0.5004533529281616,0.8657634854316711,0.1668333262205124,0.8669425249099731,-0.9437892436981201,0.11322230845689774,-0.283136785030365,1,53,0,53,0.7668281197547913,2.2766159126069914,-0.24470912375498383,122.0,0.2997177779028139,35.36,1,running
recovery_pair01_negative,1,negative,3,299,0.5538513660430908,0.7625869512557983,1.0,1.0,1.0,1.0,1.0,0.21909375488758087,1.0,1.0,0.8642058372497559,-0.9426841735839844,0.02788584679365158,0.578711986541748,0.8155320286750793,0.19644445180892944,0.8680713772773743,-0.943986177444458,0.11002320051193237,-0.2831958532333374,1,53,0,53,0.7650281190872192,2.2651885571515975,-0.22504407828866466,118.0,0.2819358949225185,42.15,1,running
recovery_pair01_negative,1,negative,3,300,0.5400534868240356,0.7133369445800781,1.0,1.0,1.0,1.0,1.0,0.2185794562101364,0.2436361014842987,1.0,0.8669425249099731,-0.9437892436981201,0.02623141184449196,0.671073853969574,0.7413905262947083,0.23416666686534882,0.8416090607643127,-0.9330998063087463,0.10573643445968628,-0.2799299657344818,1,53,0,53,0.7650281190872192,2.2553895576108167,-0.20578909160299969,115.0,0.26659176925022815,48.33,1,near_goal_safe_timeout
recovery_pair02_positive,2,positive,1,200,0.5233231782913208,0.530444860458374,0.6081472039222717,0.8451496958732605,1.0,1.0,1.0,1.0,0.22482071816921234,0.27602410316467285,0.7733253240585327,-0.909207820892334,0.03790025785565376,0.48907801508903503,0.8722400665283203,0.1626666635274887,0.7672731280326843,-0.9069892168045044,0.12292245775461197,-0.27209678292274475,1,37,0,38,0.7868725061416626,2.150368418317696,-0.2302675451427476,82.0,0.38843632077530615,30.77,1,running
recovery_pair02_positive,2,positive,1,201,0.5193145871162415,0.5307646989822388,0.6082513928413391,0.8477216958999634,1.0,1.0,1.0,1.0,0.23484233021736145,0.2618546783924103,0.7670897841453552,-0.9066317081451416,0.03614025563001633,0.5115930438041687,0.8592278957366943,0.1709444373846054,0.7707493901252747,-0.9083112478256226,0.1199435293674469,-0.2724933922290802,1,37,0,38,0.8219481706619263,2.154255907230803,-0.20591997942595508,79.0,0.3677221704020465,35.8,1,running
recovery_pair02_positive,2,positive,1,202,0.5201634764671326,0.5191062092781067,0.5860785841941833,0.7883003354072571,1.0,1.0,1.0,1.0,0.24240680038928986,0.24093660712242126,0.7672731280326843,-0.9069892168045044,0.034213002771139145,0.5849576592445374,0.811063826084137,0.1988888829946518,0.771869421005249,-0.9087075591087341,0.11654716730117798,-0.2726122736930847,1,37,0,38,0.7763106822967529,2.1593110272004346,-0.18253945050972753,76.0,0.3489159814753808,41.17,1,running
recovery_pair02_positive,2,positive,1,203,0.5311105847358704,0.5174232721328735,0.5731276273727417,0.7429209351539612,1.0,1.0,1.0,1.0,0.26742297410964966,0.22180305421352386,0.7707493901252747,-0.9083112478256226,0.03246327117085457,0.6582953929901123,0.7527596950531006,0.2287222295999527,0.7804533839225769,-0.912051796913147,0.11384200304746628,-0.2736155390739441,1,37,0,38,0.7763106822967529,2.1654461545759456,-0.1600405898739522,73.0,0.33207328365395644,46.88,1,running
recovery_pair02_positive,2,positive,1,204,0.5359854102134705,0.5174770355224609,0.5571872591972351,0.7051411867141724,1.0,1.0,1.0,1.0,1.0,0.226133793592453,0.771869421005249,-0.9087075591087341,0.03089621290564537,0.7299237251281738,0.6835286021232605,0.26044443249702454,0.8230012655258179,-0.928849458694458,0.11316227912902832,-0.2786548435688019,1,37,0,38,0.7877898216247559,2.172699225911703,-0.13834928412550318,70.0,0.3173403150451548,52.97,1,running
recovery_pair02_positive,2,positive,1,205,0.5429307222366333,0.5092429518699646,0.5447806119918823,0.6624359488487244,1.0,1.0,1.0,1.0,1.0,0.22508279979228973,0.7804533839225769,-0.912051796913147,0.029525456950068474,0.7983202934265137,0.6022331118583679,0.29427778720855713,0.8283969759941101,-0.9306914806365967,0.11097656935453415,-0.2792074680328369,1,37,0,38,0.7877898216247559,2.1811951889535703,-0.11720350787638097,66.0,0.3047938629274947,60.48,1,running
recovery_pair02_positive,2,positive,1,206,0.5583022832870483,0.5138813257217407,0.5350836515426636,0.6320925354957581,0.9178337454795837,1.0,1.0,1.0,1.0,0.22853127121925354,0.8230012655258179,-0.928849458694458,0.028358139097690582,0.8701837658882141,0.4927273392677307,0.335999995470047,0.8436185717582703,-0.9358672499656677,0.10964657366275787,-0.2807601988315582,1,37,0,38,0.7998594641685486,2.190696328292011,-0.09693586966469116,63.0,0.29480298977184377,67.31,1,running
recovery_pair02_positive,2,positive,1,207,0.568082332611084,0.5112684965133667,0.5193814039230347,0.6069175601005554,0.8459842801094055,1.0,1.0,1.0,1.0,0.2489408552646637,0.8283969759941101,-0.9306914806365967,0.02742857299745083,0.9226054549217224,0.38574501872062683,0.3739444315433502,0.8530410528182983,-0.9389524459838867,0.10845254361629486,-0.2816857397556305,1,37,0,38,0.8712930083274841,2.201218479888226,-0.07738989903177045,60.0,0.2874474078695405,74.43,1,running
recovery_pair02_positive,2,positive,1,208,0.5772644877433777,0.5085297226905823,0.5090038776397705,0.5755297541618347,0.7846388816833496,1.0,1.0,1.0,1.0,1.0,0.8436185717582703,-0.9358672499656677,0.026744205504655838,0.96330326795578,0.2684154808521271,0.41350001096725464,0.8424184918403625,-0.9372445344924927,0.04212092608213425,-0.28117337822914124,1,37,0,38,1.7735960483551025,2.208550252509439,-0.06521967717800471,57.0,0.28422176920407044,80.2,1,running
recovery_pair02_positive,2,positive,1,209,0.5965359807014465,0.5117653608322144,0.5067417025566101,0.5646492838859558,0.734632134437561,1.0,1.0,1.0,1.0,1.0,0.8530410528182983,-0.9389524459838867,0.026444094255566597,0.9854078888893127,0.17020949721336365,0.44555556774139404,0.8529257774353027,-0.9405200481414795,0.04264628887176514,-0.2821560204029083,1,37,0,38,1.757288932800293,2.2137142935966296,-0.05769384518675018,54.0,0.2830419063755654,85.03,1,running
recovery_pair02_positive,2,positive,1,210,0.6248900294303894,0.5265859961509705,0.5020825266838074,0.5468034148216248,0.6949067115783691,1.0,1.0,1.0,1.0,1.0,0.8424184918403625,-0.9372445344924927,0.026334326714277267,0.9962401986122131,0.08663412183523178,0.47238889336586,0.8618974089622498,-0.9434772729873657,0.0,0.6000000238418579,0,38,0,39,1.7452969551086426,2.216748201213198,-0.05362551365574103,56.0,0.28271058672486765,84.06,1,running
recovery_pair02_positive,2,positive,1,211,0.6015015840530396,0.5171156525611877,0.4986562728881836,0.5497193932533264,0.7216715812683105,1.0,1.0,1.0,1.0,1.0,0.8529257774353027,-0.9405200481414795,0.026303498074412346,0.9946308135986328,0.10348694771528244,0.46700000762939453,0.8570616841316223,-0.941652774810791,0.0,0.6000000238418579,0,38,0,39,0.9770762324333191,2.2162780322737623,-0.05447133778996266,63.0,0.2828947596787981,76.86,1,running
recovery_pair02_positive,2,positive,1,212,0.5602745413780212,0.5015023350715637,0.5105510354042053,0.5931692123413086,0.8263454437255859,1.0,1.0,1.0,1.0,0.2791646420955658,0.8618974089622498,-0.9434772729873657,0.02632063440978527,0.9738174676895142,0.2273312211036682,0.4269999861717224,0.8625138401985168,-0.9418045878410339,0.0,0.6000000238418579,0,38,0,39,0.8384255170822144,2.2158633191141845,-0.05547225585074289,70.0,0.2832247809200616,69.66,1,running
recovery_pair02_positive,2,positive,1,213,0.5297978520393372,0.49725112318992615,0.5315536856651306,0.650945782661438,0.9895738959312439,1.0,1.0,1.0,1.0,0.2395501434803009,0.8570616841316223,-0.941652774810791,0.026351330801844597,0.9376465082168579,0.3475903272628784,0.3869999945163727,0.8509762287139893,-0.9380578994750977,0.06387079507112503,0.6000000238418579,0,38,0,39,0.7993395328521729,2.217049175441431,-0.05170774913795331,73.0,0.2817149848893178,67.39,1,running
recovery_pair02_positive,2,positive,1,214,0.5176795125007629,0.49666592478752136,0.5392851829528809,0.6841896176338196,1.0,1.0,1.0,1.0,1.0,0.22838272154331207,0.8625138401985168,-0.9418045878410339,0.026210861280560493,0.9231431484222412,0.38445645570755005,0.3743889033794403,0.8496097922325134,-0.9376018047332764,0.10609965771436691,-0.2812805473804474,1,39,0,40,0.7993395328521729,2.2213464916927763,-0.03629410397484816,74.0,0.2755876065283802,69.43,1,running
recovery_pair02_positive,2,positive,1,215,0.5224304795265198,0.5028980374336243,0.5448506474494934,0.6884559988975525,1.0,1.0,1.0,1.0,1.0,0.23697102069854736,0.8509762287139893,-0.9380578994750977,0.025640761479735374,0.9362436532974243,0.35135146975517273,0.38572221994400024,0.8535367846488953,-0.9391137361526489,0.10527478158473969,-0.2817341387271881,1,39,0,40,0.8293985724449158,2.22799444439797,-0.01570599195642677,70.0,0.26944273231526067,77.8,1,running
recovery_pair02_positive,2,positive,1,216,0.5215413570404053,0.49938106536865234,0.5306097865104675,0.6464309096336365,0.9945493340492249,1.0,1.0,1.0,1.0,0.24408046901226044,0.8496097922325134,-0.9376018047332764,0.02506905049085617,0.977415919303894,0.2113247960805893,0.4322222173213959,0.8593869209289551,-0.9407077431678772,0.042969346046447754,-0.28221234679222107,1,39,0,40,0.8542816638946533,2.2339029019597847,-0.000763210698495595,65.0,0.26694666737114436,86.19,1,running
recovery_pair02_positive,2,positive,1,217,0.5485564470291138,0.4934719204902649,0.5115974545478821,0.6095199584960938,0.8654809594154358,1.0,1.0,1.0,1.0,1.0,0.8535367846488953,-0.9391137361526489,0.024836815893650055,0.9977898597717285,0.06644804775714874,0.4788333475589752,0.8524847030639648,-0.9399620294570923,0.04262423515319824,-0.28198862075805664,1,39,0,40,1.7271517515182495,2.237914096985576,0.007370450438702841,62.0,0.2666955070053285,91.14,1,running
recovery_pair02_positive,2,positive,1,218,0.5570884346961975,0.4998452663421631,0.5039480328559875,0.5799791216850281,0.803034245967865,1.0,1.0,1.0,1.0,1.0,0.8593869209289551,-0.9407077431678772,0.024813447147607803,0.9998020529747009,-0.019895439967513084,0.5063333511352539,0.8584981560707092,-0.9415093064308167,0.0429249070584774,-0.282452791929245,1,39,0,40,1.746627926826477,2.242369014854763,0.01526563814961396,59.0,0.26725550363878553,96.08,1,running
recovery_pair02_positive,2,positive,1,219,0.5729071497917175,0.4990365505218506,0.500876247882843,0.5600106716156006,0.7509672045707703,1.0,1.0,1.0,1.0,1.0,0.8524847030639648,-0.9399620294570923,0.024865543469786644,0.9943749904632568,-0.10591697692871094,0.5337777733802795,0.8645795583724976,-0.9432123303413391,0.0,0.6000000238418579,0,40,0,41,1.7415595054626465,2.2443259014055186,0.018407818597951472,62.0,0.267731308353222,93.86,1,running
recovery_pair02_positive,2,positive,1,220,0.5524948239326477,0.4975884258747101,0.49985724687576294,0.584668755531311,0.802130401134491,1.0,1.0,1.0,1.0,1.0,0.8584981560707092,-0.9415093064308167,0.024909816682338715,0.9977315068244934,-0.06731875985860825,0.5214444398880005,0.8606655597686768,-0.942007303237915,0.0,0.6000000238418579,0,40,0,41,0.9016635417938232,2.243904017176937,0.0174171031557372,69.0,0.2677535748135026,86.63,1,running
recovery_pair02_positive,2,positive,1,221,0.5230110883712769,0.49895521998405457,0.5158297419548035,0.6316474080085754,0.9593568444252014,1.0,1.0,1.0,1.0,0.25761815905570984,0.8645795583724976,-0.9432123303413391,0.024911899119615555,0.9982707500457764,0.05878368765115738,0.4812777638435364,0.8684554100036621,-0.9433772563934326,0.0,0.6000000238418579,0,40,0,41,0.8177300095558167,2.243596425320721,0.016351605229068027,76.0,0.26791521832300375,79.4,1,running
recovery_pair02_positive,2,positive,1,222,0.5063985586166382,0.495609849691391,0.5440490245819092,0.7069761157035828,1.0,1.0,1.0,1.0,1.0,0.23363713920116425,0.8606655597686768,-0.942007303237915,0.024926921352744102,0.98293536901474,0.18395134806632996,0.44111111760139465,0.864980161190033,-0.9426659345626831,0.0,0.6000000238418579,0,40,0,41,0.8107032775878906,2.243408669668298,0.015215318191621821,83.0,0.26821983839656355,72.16,1,running
recovery_pair02_positive,2,positive,1,223,0.4965610206127167,0.49807316064834595,0.5856103301048279,0.8100079298019409,1.0,1.0,1.0,1.0,1.0,0.23162950575351715,0.8684554100036621,-0.9433772563934326,0.024955270811915398,0.9519157409667969,0.3063599467277527,0.4008888900279999,0.8658283352851868,-0.9435824155807495,0.0,0.6000000238418579,0,40,0,41,0.8107032775878906,2.2433583768933625,0.014239418743711282,89.0,0.26858566361785396,65.97,1,running
recovery_pair02_positive,2,positive,1,224,0.49195533990859985,0.5160039663314819,0.6341861486434937,0.9662725329399109,1.0,1.0,1.0,1.0,0.26607388257980347,0.24194012582302094,0.864980161190033,-0.9426659345626831,0.024989306926727295,0.9133323431015015,0.4072149097919464,0.36649999022483826,0.8455591201782227,-0.9359568953514099,0.06143094226717949,0.6000000238418579,0,40,0,41,0.8312786221504211,2.243199974700337,0.016041001535171486,98.0,0.26768443050809654,57.3,1,running
recovery_pair02_positive,2,positive,1,225,0.4891432821750641,0.5550874471664429,0.7318646311759949,1.0,1.0,1.0,1.0,1.0,0.23750817775726318,1.0,0.8658283352851868,-0.9435824155807495,0.02490546554327011,0.8415107727050781,0.5402403473854065,0.31833332777023315,0.8230257034301758,-0.9318321347236633,0.061280738562345505,0.6000000238418579,0,40,0,41,0.8312786221504211,2.2420668774181505,0.020791574490212242,109.0,0.264698010171317,47.14,1,running
recovery_pair02_positive,2,positive,1,226,0.5134106874465942,0.6290795207023621,0.9538717865943909,1.0,1.0,1.0,1.0,0.27408379316329956,0.24729862809181213,1.0,0.8455591201782227,-0.9359568953514099,0.024627598002552986,0.7330179810523987,0.6802092790603638,0.26188889145851135,0.8347567319869995,-0.9303874373435974,0.06078300252556801,0.6000000238418579,0,40,0,41,0.8294791579246521,2.239129389841261,0.02737927384027625,118.0,0.259391496675914,39.2,1,running
recovery_pair02_positive,2,positive,1,227,0.5512744784355164,0.7381486892700195,1.0,1.0,1.0,1.0,1.0,0.23699404299259186,1.0,1.0,0.8230257034301758,-0.9318321347236633,0.024133874103426933,0.6320292949676514,0.7749444842338562,0.2177777737379074,0.8697945475578308,-0.9448179602622986,0.059898581355810165,0.5473352670669556,0,40,0,41,0.8184717297554016,2.2335985406200765,0.03625725398917718,125.0,0.2509255517846062,33.58,1,running
recovery_pair02_positive,2,positive,1,228,0.5960358381271362,0.8564578294754028,1.0,1.0,1.0,1.0,1.0,0.23384906351566315,1.0,1.0,0.8347567319869995,-0.9303874373435974,0.023346198722720146,0.5531007647514343,0.8331143856048584,0.18655554950237274,0.8755261301994324,-0.947490930557251,0.05848759040236473,0.4688652455806732,0,40,0,41,0.8184717297554016,2.226961167806869,0.04474213259328183,131.0,0.2417102509597319,28.88,1,running
recovery_pair02_positive,2,positive,1,229,0.64598548412323,1.0,1.0,1.0,1.0,1.0,0.2673690617084503,0.24444293975830078,1.0,1.0,0.8697945475578308,-0.9448179602622986,0.022488808259367943,0.4829767644405365,0.875633180141449,0.160444438457489,0.9010784029960632,-0.95845627784729,0.05695170909166336,0.4032408595085144,0,40,0,41,0.8397761583328247,2.219731754012018,0.052441715829653915,136.0,0.23232196301540767,25.05,1,running
recovery_pair02_positive,2,positive,1,230,0.7057801485061646,1.0,1.0,1.0,1.0,1.0,0.23993603885173798,0.2513313889503479,1.0,1.0,0.8755261301994324,-0.947490930557251,0.021615324541926384,0.42340901494026184,0.9059386253356934,0.1391666680574417,0.9025126695632935,-0.9591770172119141,0.055386994034051895,0.34976398944854736,0,40,0,41,0.8280618786811829,2.2120557850032863,0.05943545210346648,140.0,0.22282903829594852,22.11,1,running
recovery_pair02_positive,2,positive,1,231,0.7569236755371094,1.0,1.0,1.0,1.0,1.0,0.23658910393714905,0.28234702348709106,1.0,1.0,0.9010784029960632,-0.95845627784729,0.020732086151838303,0.37638595700263977,0.9264629483222961,0.12283333390951157,0.9040549993515015,-0.9600216746330261,0.05380484089255333,0.3087138235569,0,40,0,41,0.8045675754547119,2.204074615095768,0.06576569073537136,143.0,0.21331915257814016,20.07,1,running
recovery_pair02_positive,2,positive,1,232,0.8252769112586975,1.0,1.0,1.0,1.0,1.0,0.22987644374370575,1.0,1.0,1.0,0.9025126695632935,-0.9591770172119141,0.019847292453050613,0.3431679308414459,0.9392740726470947,0.11150000244379044,0.9060092568397522,-0.9647616147994995,0.05221986025571823,0.2802300751209259,0,40,0,41,0.7966353893280029,2.195902436658296,0.07147037637777859,147.0,0.2038631801399535,16.94,1,running
recovery_pair02_positive,2,positive,1,233,0.9017408490180969,1.0,1.0,1.0,1.0,1.0,0.22761011123657227,1.0,1.0,1.0,0.9040549993515015,-0.9600216746330261,0.01896749623119831,0.29137009382247925,0.956610381603241,0.0941111147403717,0.9085833430290222,-0.965738832950592,0.09607303142547607,-0.28972166776657104,1,41,0,42,0.7856168150901794,2.1828822427893395,0.07983995974456362,146.0,0.18908751633257398,19.28,1,success
recovery_pair02_positive,2,positive,2,212,0.6729324460029602,0.5447723269462585,0.506779134273529,0.5255393981933594,0.639255702495575,0.95592200756073,1.0,1.0,1.0,1.0,0.8515617251396179,-0.9389764666557312,0.03725934028625488,0.9549681544303894,0.29670825600624084,0.4041111171245575,0.8582339882850647,-0.9431295990943909,0.042911700904369354,-0.2829388976097107,1,35,0,36,1.7737270593643188,2.219593948102262,-0.20091698240476927,42.0,0.3953874136623861,81.74,1,running
recovery_pair02_positive,2,positive,2,213,0.7601994276046753,0.5654723048210144,0.5076550245285034,0.5143244862556458,0.5836919546127319,0.8031534552574158,1.0,1.0,1.0,1.0,0.8447982668876648,-0.9389230012893677,0.036786988377571106,0.9896263480186462,0.1436653435230255,0.45411109924316406,0.8861144781112671,-0.9524564743041992,0.0,0.6000000238418579,0,36,0,37,1.7651164531707764,2.2300791972540326,-0.19228090031329326,38.0,0.394260864432373,87.7,1,running
recovery_pair02_positive,2,positive,2,214,0.8058943152427673,0.5848565101623535,0.508622944355011,0.5043190121650696,0.566675066947937,0.7521886229515076,1.0,1.0,1.0,1.0,0.8582339882850647,-0.9431295990943909,0.03668217360973358,0.9991943836212158,0.040131792426109314,0.48722222447395325,0.8980503082275391,-0.9564898014068604,0.0,0.6000000238418579,0,36,0,37,1.7586469650268555,2.236093404945453,-0.18745589924271377,40.0,0.39392763590312674,86.82,1,running
recovery_pair02_positive,2,positive,2,215,0.7783013582229614,0.5763199925422668,0.5024705529212952,0.507580041885376,0.5751234889030457,0.7615842223167419,1.0,1.0,1.0,1.0,0.8861144781112671,-0.9524564743041992,0.03665117546916008,0.9984601736068726,0.05547298118472099,0.48233333230018616,0.894573986530304,-0.9550788998603821,0.0,0.6000000238418579,0,36,0,37,1.7305095195770264,2.2389136685872093,-0.18500900358974276,43.0,0.39367678365007824,84.36,1,running
recovery_pair02_positive,2,positive,2,216,0.7200103402137756,0.552537739276886,0.4944312870502472,0.5097588300704956,0.5887282490730286,0.8335074186325073,1.0,1.0,1.0,1.0,0.8980503082275391,-0.9564898014068604,0.036627836525440216,0.9951590299606323,0.09827767312526703,0.468666672706604,0.8825820684432983,-0.9506633877754211,0.0,0.6000000238418579,0,36,0,37,1.7124131917953491,2.2383357546787983,-0.1856732960064214,50.0,0.3938549813305563,77.24,1,running
recovery_pair02_positive,2,positive,2,217,0.6473709940910339,0.5251098275184631,0.4892609119415283,0.5257793068885803,0.6506685614585876,0.9959723353385925,1.0,1.0,1.0,1.0,0.894573986530304,-0.9550788998603821,0.03664441779255867,0.9753037691116333,0.22086766362190247,0.429111123085022,0.8564121723175049,-0.9419099688529968,0.0,0.6000000238418579,0,36,0,37,1.0643230676651,2.237733020065648,-0.186528819028147,57.0,0.3941726082424327,70.09,1,running
recovery_pair02_positive,2,positive,2,218,0.5843128561973572,0.5048941969871521,0.49868178367614746,0.554243803024292,0.723655104637146,1.0,1.0,1.0,1.0,0.30409231781959534,0.8825820684432983,-0.9506633877754211,0.03667397052049637,0.9402287006378174,0.340543657541275,0.38938888907432556,0.8571606874465942,-0.9401545524597168,0.0,0.6000000238418579,0,36,0,37,0.874863862991333,2.237229399821912,-0.18746001360925243,64.0,0.39461280956067674,62.95,1,running
recovery_pair02_positive,2,positive,2,219,0.548175036907196,0.5019873976707458,0.5038504600524902,0.5970651507377625,0.8391891717910767,1.0,1.0,1.0,1.0,0.24996110796928406,0.8564121723175049,-0.9419099688529968,0.03671491891145706,0.8906099796295166,0.4547678828239441,0.3497222363948822,0.8437060713768005,-0.9354201555252075,0.08243546634912491,0.6000000238418579,0,36,0,37,0.8570443391799927,2.2402624211276203,-0.18009357187758135,69.0,0.39060959887875263,58.96,1,running
recovery_pair02_positive,2,positive,2,220,0.5228238701820374,0.4843643009662628,0.5238646268844604,0.6366565823554993,0.9752360582351685,1.0,1.0,1.0,1.0,0.24486981332302094,0.8571606874465942,-0.9401545524597168,0.03634246438741684,0.8568075299263,0.5156363844871521,0.3275555670261383,0.8326531648635864,-0.9316604733467102,0.08176826685667038,0.6000000238418579,0,36,0,37,0.8570443391799927,2.2448123666539206,-0.16540107668645443,76.0,0.38203257852928135,53.85,1,running
recovery_pair02_positive,2,positive,2,221,0.5019195675849915,0.4891144633293152,0.5510978102684021,0.71209716796875,1.0,1.0,1.0,1.0,1.0,0.24548815190792084,0.8437060713768005,-0.9354201555252075,0.035544443875551224,0.8074753880500793,0.5899012088775635,0.2991666793823242,0.8297762870788574,-0.9308727979660034,0.08033876121044159,0.6000000238418579,0,36,0,37,0.8592085242271423,2.2475408296630426,-0.15049927971507668,83.0,0.3725230060485593,48.64,1,running
recovery_pair02_positive,2,positive,2,222,0.4915209114551544,0.5019429922103882,0.5842300057411194,0.8190512657165527,1.0,1.0,1.0,1.0,0.2682516574859619,0.2638166546821594,0.8326531648635864,-0.9316604733467102,0.034659672528505325,0.7505725622177124,0.6607879996299744,0.2702222168445587,0.7977854609489441,-0.9184300303459167,0.07875383645296097,0.6000000238418579,0,36,0,37,0.8655638098716736,2.2484608351428115,-0.1358983350513633,90.0,0.3623721858430847,43.29,1,running
recovery_pair02_positive,2,positive,2,223,0.4868581295013428,0.5177172422409058,0.6411365866661072,0.9754217267036438,1.0,1.0,1.0,1.0,0.24730394780635834,1.0,0.8297762870788574,-0.9308727979660034,0.03371523693203926,0.6856912970542908,0.7278924584388733,0.24050000309944153,0.7826016545295715,-0.9171685576438904,0.07706203311681747,0.6000000238418579,0,36,0,37,0.8580262064933777,2.2476762901023823,-0.12148350883905631,97.0,0.3514646640030852,37.81,1,running
recovery_pair02_positive,2,positive,2,224,0.48899608850479126,0.5430566668510437,0.7072229981422424,1.0,1.0,1.0,1.0,1.0,0.2451503425836563,1.0,0.7977854609489441,-0.9184300303459167,0.03270040452480316,0.6130449771881104,0.7900480031967163,0.21005555987358093,0.7826893925666809,-0.9177343249320984,0.07524411380290985,0.5279272198677063,0,36,0,37,0.8580262064933777,2.2452834369171564,-0.10745878313144751,103.0,0.3399263407808501,33.18,1,running
recovery_pair02_positive,2,positive,2,225,0.4953096807003021,0.5804756283760071,0.8113431334495544,1.0,1.0,1.0,1.0,0.278021901845932,0.25006604194641113,1.0,0.7826016545295715,-0.9171685576438904,0.0316268689930439,0.5472711324691772,0.8369553685188293,0.18433333933353424,0.7897359132766724,-0.9115814566612244,0.07332105934619904,0.46328020095825195,0,36,0,37,0.875231146812439,2.241507312771282,-0.09382480822239916,108.0,0.32784191423685616,29.45,1,running
recovery_pair02_positive,2,positive,2,226,0.5072702169418335,0.6222854256629944,0.9242015480995178,1.0,1.0,1.0,1.0,0.2514938712120056,0.26832881569862366,1.0,0.7826893925666809,-0.9177343249320984,0.030502531677484512,0.4916638433933258,0.8707850575447083,0.16361111402511597,0.8007645606994629,-0.9163505434989929,0.0713069885969162,0.41119956970214844,0,36,0,37,0.8287385106086731,2.2368065996479953,-0.08125205760970669,113.0,0.3159351417150627,25.55,1,running
recovery_pair02_positive,2,positive,2,227,0.531063973903656,0.6663559675216675,1.0,1.0,1.0,1.0,1.0,0.23678243160247803,1.0,1.0,0.7897359132766724,-0.9115814566612244,0.0293947234749794,0.4312985837459564,0.9022092223167419,0.14194443821907043,0.843143880367279,-0.9338013529777527,0.06932252645492554,0.35674530267715454,0,36,0,37,0.8287385106086731,2.2312490763734223,-0.06934250833237483,117.0,0.30393124594365767,22.54,1,running
recovery_pair02_positive,2,positive,2,228,0.5479415655136108,0.7183927893638611,1.0,1.0,1.0,1.0,1.0,0.2396813929080963,1.0,1.0,0.8007645606994629,-0.9163505434989929,0.02827787585556507,0.38332831859588623,0.923612117767334,0.12522222101688385,0.845919668674469,-0.9350439310073853,0.06732187420129776,0.31471776962280273,0,36,0,37,0.8250550031661987,2.2250206227931746,-0.058098322151205764,121.0,0.291930623983008,19.43,1,running
recovery_pair02_positive,2,positive,2,229,0.5684067010879517,0.7731240391731262,1.0,1.0,1.0,1.0,1.0,0.23573000729084015,1.0,1.0,0.843143880367279,-0.9338013529777527,0.027161333709955215,0.3326549530029297,0.9430485963821411,0.10794444382190704,0.8501198291778564,-0.936709463596344,0.06532177329063416,0.271293967962265,0,36,0,37,0.8250550031661987,2.2182604764426612,-0.04748081030195105,124.0,0.2799825868917883,17.22,1,running
recovery_pair02_positive,2,positive,2,230,0.5933862328529358,0.8411970734596252,1.0,1.0,1.0,1.0,0.28488001227378845,0.24047961831092834,1.0,1.0,0.845919668674469,-0.9350439310073853,0.02604968659579754,0.29604148864746094,0.9551751017570496,0.09566666930913925,0.8760236501693726,-0.9478664994239807,0.06333043426275253,0.24043655395507812,0,36,0,37,0.8402355313301086,2.2111082015302994,-0.03746913571972553,127.0,0.26815693268310353,14.93,1,running
recovery_pair02_positive,2,positive,2,231,0.6106610298156738,0.905286967754364,1.0,1.0,1.0,1.0,0.2627567648887634,0.2400672882795334,1.0,1.0,0.8501198291778564,-0.936709463596344,0.024949420243501663,0.25763875246047974,0.9662413001060486,0.08294444531202316,0.8801834583282471,-0.9496175646781921,0.06135948747396469,0.20846211910247803,0,36,0,37,0.8402355313301086,2.2036920783021183,-0.028057026105882166,129.0,0.25653047693813474,13.56,1,running
recovery_pair02_positive,2,positive,2,232,0.6435020565986633,0.9769147634506226,1.0,1.0,1.0,1.0,0.2481813132762909,0.24808739125728607,1.0,1.0,0.8760236501693726,-0.9478664994239807,0.02386767975986004,0.23446349799633026,0.9721249341964722,0.07533333450555801,0.8870424628257751,-0.9525530934333801,0.05942174792289734,0.18933331966400146,0,36,0,37,0.8478683829307556,2.1962069608098864,-0.019307323502952185,132.0,0.24528001659485685,11.12,1,running
recovery_pair02_positive,2,positive,2,233,0.6684154272079468,1.0,1.0,1.0,1.0,1.0,0.24224810302257538,0.2511644661426544,1.0,1.0,0.8801834583282471,-0.9496175646781921,0.02282094955444336,0.19286449253559113,0.9812254309654236,0.06177777796983719,0.8884682059288025,-0.9531543254852295,0.057546667754650116,0.1552644968032837,0,36,0,37,0.8109393119812012,2.1885856263892336,-0.010985752963533341,133.0,0.23419903025471359,10.63,1,running
recovery_pair02_positive,2,positive,2,234,0.6887572407722473,1.0,1.0,1.0,1.0,1.0,0.2316969484090805,0.24727921187877655,1.0,1.0,0.8870424628257751,-0.9525530934333801,0.021789953112602234,0.18446598947048187,0.9828388690948486,0.05905555561184883,0.889925479888916,-0.9537306427955627,0.05569984018802643,0.14842279255390167,0,36,0,37,0.8043224811553955,2.1809374921609277,-0.003111701509259349,135.0,0.22337882177042837,9.1,1,running
recovery_pair02_positive,2,positive,2,235,0.7081561088562012,1.0,1.0,1.0,1.0,1.0,0.22980642318725586,0.255393385887146,1.0,1.0,0.8884682059288025,-0.9531543254852295,0.02078324928879738,0.1581580638885498,0.9874138236045837,0.05055555701255798,0.8901790380477905,-0.9538746476173401,0.0538964718580246,0.1270599663257599,0,36,0,37,0.7911746501922607,2.173288680020277,0.004348655161181762,136.0,0.21281401464386723,8.52,1,running
recovery_pair02_positive,2,positive,2,236,0.7258510589599609,1.0,1.0,1.0,1.0,1.0,0.22604990005493164,0.2632463574409485,1.0,1.0,0.889925479888916,-0.9537306427955627,0.019800284877419472,0.1481546312570572,0.9889642000198364,0.047333333641290665,0.891109824180603,-0.9543184638023376,0.09669116139411926,-0.2862955629825592,1,37,0,38,0.7749137878417969,2.1640010641685095,0.01297169030614885,138.0,0.20025247750229808,6.98,1,running
recovery_pair02_positive,2,positive,2,237,0.7489153146743774,1.0,1.0,1.0,1.0,1.0,0.22140394151210785,0.26610618829727173,1.0,1.0,0.8901790380477905,-0.9538746476173401,0.018631557002663612,0.12152287364006042,0.9925886392593384,0.038777776062488556,0.8916610479354858,-0.9545475840568542,0.09462513029575348,-0.28636428713798523,1,37,0,38,0.7661225199699402,2.151842750817839,0.024182197917121482,136.0,0.1838754048429309,9.67,1,success
recovery_pair02_positive,2,positive,3,208,0.6359882950782776,0.5426627397537231,0.5277420878410339,0.5750883221626282,0.7370405793190002,1.0,1.0,1.0,1.0,0.24457664787769318,0.8248101472854614,-0.929618775844574,0.03758210316300392,0.8272767066955566,0.561794638633728,0.3101111054420471,0.8499091267585754,-0.9385865926742554,0.12648433446884155,-0.2815759778022766,1,35,0,35,0.8560182452201843,2.158856397675522,-0.22881495420897974,52.0,0.3904728998051201,62.01,1,running
recovery_pair02_positive,2,positive,3,209,0.6569340825080872,0.53882896900177,0.5224325656890869,0.5576209425926208,0.6916317343711853,1.0,1.0,1.0,1.0,1.0,0.836593747138977,-0.9337320923805237,0.03632974252104759,0.8830295205116272,0.4693174660205841,0.34450000524520874,0.8407362103462219,-0.9378856420516968,0.12378229200839996,-0.28136569261550903,1,35,0,35,1.7879406213760376,2.1750205866533032,-0.20915358099332138,49.0,0.3797711758604805,68.44,1,running
recovery_pair02_positive,2,positive,3,210,0.684330940246582,0.5511119365692139,0.5108401775360107,0.5372900366783142,0.6582518219947815,0.9860586524009705,1.0,1.0,1.0,1.0,0.8499091267585754,-0.9385865926742554,0.03533405438065529,0.930033266544342,0.36747536063194275,0.38022223114967346,0.8533977270126343,-0.9419514536857605,0.12263175845146179,-0.2825854420661926,1,35,0,35,1.7879406213760376,2.1919583961132734,-0.19077418215012906,46.0,0.37200899647411817,75.06,1,running
recovery_pair02_positive,2,positive,3,211,0.7100635170936584,0.5537949204444885,0.5129741430282593,0.5260094404220581,0.623639702796936,0.897087574005127,1.0,1.0,1.0,1.0,0.8407362103462219,-0.9378856420516968,0.03461185842752457,0.9661963582038879,0.2578073740005493,0.4169999957084656,0.8693830966949463,-0.9469905495643616,0.0,0.6000000238418579,0,36,0,36,1.7653515338897705,2.204987458541968,-0.17798574608608722,43.0,0.36820619919339553,80.83,1,running
recovery_pair02_positive,2,positive,3,212,0.7398992776870728,0.562385618686676,0.5043861269950867,0.5222716927528381,0.6062952876091003,0.8514209985733032,1.0,1.0,1.0,1.0,0.8533977270126343,-0.9419514536857605,0.03425804153084755,0.9872198700904846,0.15936429798603058,0.449055552482605,0.8808852434158325,-0.9506787657737732,0.0,0.6000000238418579,0,36,0,36,1.7653515338897705,2.2085728970929757,-0.17452376615780266,46.0,0.3673591700803113,78.59,1,running
recovery_pair02_positive,2,positive,3,213,0.691338837146759,0.5464709997177124,0.504799485206604,0.5263045430183411,0.627831757068634,0.9143961071968079,1.0,1.0,1.0,1.0,0.8693830966949463,-0.9469905495643616,0.03417922928929329,0.9802366495132446,0.19782842695713043,0.4366111159324646,0.8698200583457947,-0.946750283241272,0.0,0.6000000238418579,0,36,0,36,1.7667981386184692,2.2098653566235575,-0.17306103076299476,51.0,0.36689375922092504,73.89,1,running
recovery_pair02_positive,2,positive,3,214,0.6411259770393372,0.5289947390556335,0.5052769780158997,0.5360708832740784,0.6715220808982849,1.0,1.0,1.0,1.0,1.0,0.8808852434158325,-0.9506787657737732,0.03413592651486397,0.9607307314872742,0.2774823307991028,0.4104999899864197,0.8526471853256226,-0.9409612417221069,0.0,0.6000000238418579,0,36,0,36,0.9977784752845764,2.2100771973679953,-0.17285144761984686,57.0,0.3668431403960937,67.94,1,running
recovery_pair02_positive,2,positive,3,215,0.5917335152626038,0.5117776393890381,0.5062137842178345,0.5652775168418884,0.7441364526748657,1.0,1.0,1.0,1.0,0.28507956862449646,0.8698200583457947,-0.946750283241272,0.03413122519850731,0.9267910718917847,0.37557733058929443,0.37744444608688354,0.8565155863761902,-0.9401274919509888,0.07780718803405762,0.6000000238418579,0,36,0,36,0.8358874320983887,2.212586656987736,-0.1680052063450559,66.0,0.3643393557189817,59.7,1,running
recovery_pair02_positive,2,positive,3,216,0.5393877029418945,0.5018630623817444,0.5182855725288391,0.6207038760185242,0.9059887528419495,1.0,1.0,1.0,1.0,0.2388249784708023,0.8526471853256226,-0.9409612417221069,0.03389826789498329,0.8633955717086792,0.5045276284217834,0.3316666781902313,0.8385038375854492,-0.933726966381073,0.07738989591598511,0.6000000238418579,0,36,0,36,0.8131301403045654,2.2164823759038947,-0.1571437605489878,75.0,0.3579177460222361,52.22,1,running
recovery_pair02_positive,2,positive,3,217,0.5194567441940308,0.49693772196769714,0.5454927682876587,0.7045639753341675,1.0,1.0,1.0,1.0,1.0,0.23232290148735046,0.8565155863761902,-0.9401274919509888,0.03330079838633537,0.790368914604187,0.6126312017440796,0.29011112451553345,0.8297091722488403,-0.9308584928512573,0.0763196274638176,0.6000000238418579,0,36,0,36,0.8131301403045654,2.218779993100212,-0.14561736813900805,83.0,0.35023901363909216,45.66,1,running
recovery_pair02_positive,2,positive,3,218,0.499957799911499,0.5072759389877319,0.5860037803649902,0.832004189491272,1.0,1.0,1.0,1.0,0.2557709217071533,0.24905726313591003,0.8385038375854492,-0.933726966381073,0.032586369663476944,0.7152049541473389,0.6989147663116455,0.2536666691303253,0.7952790856361389,-0.9174014329910278,0.0750398337841034,0.6000000238418579,0,36,0,36,0.8596802353858948,2.2196538790104334,-0.1320817291001804,90.0,0.34033763453860577,40.2,1,running
recovery_pair02_positive,2,positive,3,219,0.4952620565891266,0.5261877775192261,0.6462559700012207,0.9957272410392761,1.0,1.0,1.0,1.0,0.245622918009758,1.0,0.8297091722488403,-0.9308584928512573,0.0316651351749897,0.6454576849937439,0.7637960314750671,0.22333332896232605,0.78127121925354,-0.916731595993042,0.07338960468769073,0.5612978935241699,0,36,0,36,0.8305262327194214,2.2189344479750504,-0.11847142945222115,96.0,0.3295800426634917,35.63,1,running
recovery_pair02_positive,2,positive,3,220,0.4959375858306885,0.5548900365829468,0.7189143300056458,1.0,1.0,1.0,1.0,1.0,0.23729321360588074,1.0,0.7952790856361389,-0.9174014329910278,0.03066425211727619,0.5825486183166504,0.812795877456665,0.19794444739818573,0.7813941836357117,-0.9173274636268616,0.0715966746211052,0.4974886476993561,0,36,0,36,0.8305262327194214,2.2167665348537526,-0.10521831284757048,102.0,0.318314543562748,30.92,1,running
recovery_pair02_positive,2,positive,3,221,0.5080233812332153,0.5862482786178589,0.8157166242599487,1.0,1.0,1.0,1.0,0.27048859000205994,0.23891471326351166,1.0,0.78127121925354,-0.916731595993042,0.029616104438900948,0.5138407349586487,0.8578855991363525,0.17177778482437134,0.7875251770019531,-0.9105805158615112,0.0697190910577774,0.4317246377468109,0,36,0,36,0.8362014889717102,2.2133930130722477,-0.09249123259259956,107.0,0.3067597849775004,27.08,1,running
recovery_pair02_positive,2,positive,3,222,0.5181677937507629,0.6229501962661743,0.9257947206497192,1.0,1.0,1.0,1.0,0.24416284263134003,0.2531958520412445,1.0,0.7813941836357117,-0.9173274636268616,0.028541039675474167,0.4552341401576996,0.8903717398643494,0.15044444799423218,0.7971831560134888,-0.914724588394165,0.06779329478740692,0.3781081438064575,0,36,0,36,0.8236734867095947,2.209110372899862,-0.08046623336238058,112.0,0.29518930578300645,23.1,1,running
recovery_pair02_positive,2,positive,3,223,0.5310261249542236,0.6677480340003967,1.0,1.0,1.0,1.0,1.0,0.23533527553081512,0.28007709980010986,1.0,0.7875251770019531,-0.9105805158615112,0.02746451087296009,0.3923371136188507,0.9198215007781982,0.12833333015441895,0.8044057488441467,-0.9179059863090515,0.06586488336324692,0.3225368559360504,0,36,0,36,0.8025726675987244,2.2040540253564793,-0.06895532365351865,116.0,0.28351990476465283,20.03,1,running
recovery_pair02_positive,2,positive,3,224,0.555713951587677,0.7116125226020813,1.0,1.0,1.0,1.0,1.0,0.22930647432804108,1.0,1.0,0.7971831560134888,-0.914724588394165,0.026378801092505455,0.3425121307373047,0.9395133852958679,0.11127778142690659,0.8426191806793213,-0.933504045009613,0.06391998380422592,0.2796715497970581,0,36,0,36,0.8025726675987244,2.1984093867214805,-0.05799954640476433,119.0,0.27188005087142,17.87,1,running
recovery_pair02_positive,2,positive,3,225,0.5653193593025208,0.760309100151062,1.0,1.0,1.0,1.0,1.0,0.23322586715221405,1.0,1.0,0.8044057488441467,-0.9179059863090515,0.025295814499258995,0.3068583309650421,0.9517552256584167,0.09927777945995331,0.8454086184501648,-0.9347337484359741,0.06198000907897949,0.24951227009296417,0,36,0,36,0.8155201077461243,2.1923156120506095,-0.047597135609716124,122.0,0.2603434657367396,15.62,1,running
recovery_pair02_positive,2,positive,3,226,0.5835973024368286,0.8096652030944824,1.0,1.0,1.0,1.0,1.0,0.23300574719905853,1.0,1.0,0.8426191806793213,-0.933504045009613,0.024222448468208313,0.26925602555274963,0.9630686640739441,0.08677777647972107,0.8499501943588257,-0.9365794658660889,0.06005724519491196,0.21809634566307068,0,36,0,36,0.7961007952690125,2.1858804510204908,-0.03772961689722804,124.0,0.2489562615635213,14.3,1,running
recovery_pair02_positive,2,positive,3,227,0.6096282005310059,0.8641107678413391,1.0,1.0,1.0,1.0,0.26798880100250244,0.22745737433433533,1.0,1.0,0.8454086184501648,-0.9347337484359741,0.023162979632616043,0.24699901044368744,0.9690157175064087,0.07944444566965103,0.8764021396636963,-0.9478837251663208,0.10197948664426804,-0.28436511754989624,1,37,0,37,0.7961007952690125,2.1763634584587344,-0.02399685104426559,124.0,0.23274811774251356,15.27,1,running
recovery_pair02_positive,2,positive,3,228,0.6070675253868103,0.8459225296974182,1.0,1.0,1.0,1.0,1.0,0.22774584591388702,1.0,1.0,0.8499501943588257,-0.9365794658660889,0.021654970943927765,0.26336798071861267,0.9646954536437988,0.08483333140611649,0.855007529258728,-0.938713788986206,0.09820839762687683,-0.28161415457725525,1,37,0,37,0.760651171207428,2.165779770728404,-0.007171263203765555,121.0,0.2138286695641069,19.83,1,running
recovery_pair02_positive,2,positive,3,229,0.5845198035240173,0.7914776802062988,1.0,1.0,1.0,1.0,1.0,0.21732890605926514,1.0,1.0,0.8764021396636963,-0.9478837251663208,0.01989470236003399,0.3392305076122284,0.940703272819519,0.11016666889190674,0.8544541001319885,-0.938258707523346,0.09502748399972916,-0.2814776301383972,1,37,0,37,0.7563363909721375,2.156312420872339,0.009873138076839719,117.0,0.19585708983026648,25.95,1,success
recovery_pair02_negative,2,negative,1,261,0.5283937454223633,0.6187671422958374,0.8735948801040649,1.0,1.0,1.0,1.0,0.2312747985124588,0.27689018845558167,1.0,0.7475165724754333,-0.8921782374382019,0.03752823546528816,0.14711891114711761,0.9891188144683838,0.04699999839067459,0.7582603096961975,-0.8968653678894043,0.08389239758253098,0.11812388151884079,0,44,0,44,0.7893506288528442,2.1498406619206905,-0.4844073624370374,105.0,0.3867318777387608,7.8,1,running
recovery_pair02_negative,2,negative,1,262,0.52613365650177,0.6272334456443787,0.8999070525169373,1.0,1.0,1.0,1.0,0.225528746843338,0.28077998757362366,1.0,0.7539365887641907,-0.8950863480567932,0.0359816737473011,0.1357155740261078,0.99074786901474,0.04333333298563957,0.761152982711792,-0.8980177640914917,0.1191796362400055,-0.269405335187912,1,45,0,45,0.7893506288528442,2.144966163991844,-0.4671750953482903,106.0,0.36896345271347913,7.14,1,running
recovery_pair02_negative,2,negative,1,263,0.5348181128501892,0.6344237327575684,0.9226518273353577,1.0,1.0,1.0,1.0,0.22760820388793945,0.27173349261283875,1.0,0.7582603096961975,-0.8968653678894043,0.03432849422097206,0.1242942214012146,0.9922454357147217,0.03966666758060455,0.7642679810523987,-0.899440348148346,0.11637397110462189,-0.2698321044445038,1,45,0,45,0.7966287136077881,2.1391214468617106,-0.4460878148322316,104.0,0.3472877965844938,9.62,1,running
recovery_pair02_negative,2,negative,1,264,0.5355693101882935,0.619089663028717,0.8770585656166077,1.0,1.0,1.0,1.0,0.23088350892066956,0.24405929446220398,1.0,0.761152982711792,-0.8980177640914917,0.03231178596615791,0.16711291670799255,0.985937774181366,0.05344444513320923,0.759994387626648,-0.8976062536239624,0.11254768818616867,-0.26928189396858215,1,45,0,45,0.7981902360916138,2.1340292726846593,-0.4235309617428331,101.0,0.3246094802666453,13.39,1,running
recovery_pair02_negative,2,negative,1,265,0.52684086561203,0.5970331430435181,0.8137531876564026,1.0,1.0,1.0,1.0,0.23714809119701385,0.22805435955524445,1.0,0.7642679810523987,-0.899440348148346,0.03020179085433483,0.23157811164855957,0.9728162884712219,0.07438889145851135,0.7546191811561584,-0.895272970199585,0.1084991991519928,-0.26858189702033997,1,45,0,45,0.7566133737564087,2.1302808050745337,-0.40141694389307725,98.0,0.30297471294303546,17.47,1,running
recovery_pair02_negative,2,negative,1,266,0.5192150473594666,0.5915600657463074,0.7725237011909485,1.0,1.0,1.0,1.0,0.26613977551460266,0.21617524325847626,1.0,0.759994387626648,-0.8976062536239624,0.028188874945044518,0.30020639300346375,0.9538742899894714,0.09705555438995361,0.7550421953201294,-0.896017849445343,0.10491456091403961,-0.2688053548336029,1,45,0,45,0.7566133737564087,2.1278238206809528,-0.3801121393843506,95.0,0.28276890891423995,21.87,1,running
recovery_pair02_negative,2,negative,1,267,0.5174039006233215,0.5746299624443054,0.729924201965332,1.0,1.0,1.0,1.0,1.0,0.21693500876426697,1.0,0.7546191811561584,-0.895272970199585,0.026308925822377205,0.3725019097328186,0.9280314445495605,0.12150000035762787,0.7567325830459595,-0.9078487157821655,0.10163144767284393,-0.2723546326160431,1,45,0,45,0.7283766269683838,2.1264949639276067,-0.3593186980690322,92.0,0.2637484856459352,26.66,1,running
recovery_pair02_negative,2,negative,1,268,0.5252519845962524,0.5582283735275269,0.6971736550331116,1.0,1.0,1.0,1.0,1.0,0.2081076055765152,0.24382691085338593,0.7550421953201294,-0.896017849445343,0.02453925460577011,0.44869521260261536,0.8936848640441895,0.14811110496520996,0.7893491387367249,-0.9153225421905518,0.10009220242500305,-0.27459678053855896,1,45,0,45,0.7283766269683838,2.1263135805758657,-0.33881072809811874,89.0,0.24585656346657897,31.92,1,running
recovery_pair02_negative,2,negative,1,269,0.5211162567138672,0.5477896332740784,0.6666486859321594,1.0,1.0,1.0,1.0,1.0,0.2223176211118698,0.22510719299316406,0.7567325830459595,-0.9078487157821655,0.022874590009450912,0.5287346243858337,0.8487871885299683,0.17733334004878998,0.796916663646698,-0.9182063341140747,0.09748859703540802,-0.27546191215515137,1,45,0,45,0.7512913346290588,2.127258980592772,-0.31872015376294416,86.0,0.22937634352373715,37.7,1,running
recovery_pair02_negative,2,negative,1,270,0.5271081328392029,0.539169192314148,0.642272412776947,0.9167137742042542,1.0,1.0,1.0,1.0,0.22303028404712677,0.21465466916561127,0.7893491387367249,-0.9153225421905518,0.021341262385249138,0.6115270256996155,0.7912235260009766,0.20944444835186005,0.7981630563735962,-0.9186933636665344,0.09480421245098114,-0.27560803294181824,1,45,0,45,0.7239466905593872,2.1292560136962964,-0.2993587785430408,83.0,0.21473452342475072,44.01,1,running
recovery_pair02_negative,2,negative,1,271,0.5258916616439819,0.5314995050430298,0.6160945296287537,0.8544612526893616,1.0,1.0,1.0,1.0,0.2661692500114441,0.20684191584587097,0.796916663646698,-0.9182063341140747,0.019978979602456093,0.6947839260101318,0.7192185521125793,0.24449999630451202,0.8033055663108826,-0.9206207990646362,0.09262102842330933,-0.2761862576007843,1,45,0,45,0.7074370980262756,2.132201927420376,-0.2806303452320475,79.0,0.20201230823951025,51.88,1,running
recovery_pair02_negative,2,negative,1,272,0.5278514623641968,0.526820182800293,0.5967940092086792,0.7923172116279602,1.0,1.0,1.0,1.0,1.0,0.20212487876415253,0.7981630563735962,-0.9186933636665344,0.018795298412442207,0.786719560623169,0.6173105239868164,0.28822222352027893,0.842370867729187,-0.9358070492744446,0.09245392680168152,-0.2807421386241913,1,45,0,45,0.7074370980262756,2.136168233901475,-0.26204640603674284,76.0,0.19115829737996934,59.42,1,success
recovery_pair02_negative,2,negative,2,252,0.5862880945205688,0.544840395450592,0.5701667070388794,0.6831062436103821,1.0,1.0,1.0,1.0,1.0,0.2038121074438095,0.7487806081771851,-0.8995841145515442,0.0392044372856617,0.5136910080909729,0.8579752445220947,0.17172221839427948,0.804265558719635,-0.9220390915870667,0.12710830569267273,-0.2766117453575134,1,43,0,43,0.7133423686027527,2.075762638205535,-0.5206045840886535,64.0,0.3999623604924405,36.92,1,running
recovery_pair02_negative,2,negative,2,253,0.5963689684867859,0.5377587080001831,0.5537731051445007,0.6528012156486511,0.9184905886650085,1.0,1.0,1.0,1.0,0.20614860951900482,0.7542948126792908,-0.9018341302871704,0.03721264749765396,0.6006993055343628,0.7994750142097473,0.20511111617088318,0.8149348497390747,-0.9259774684906006,0.1240738034248352,-0.2777932584285736,1,43,0,43,0.7215201258659363,2.0873788616985633,-0.49796482730299924,61.0,0.3802569042868089,42.28,1,running
recovery_pair02_negative,2,negative,2,254,0.6159816384315491,0.5444637537002563,0.5482391119003296,0.6243699193000793,0.8513607978820801,1.0,1.0,1.0,1.0,0.21162764728069305,0.804265558719635,-0.9220390915870667,0.03537924587726593,0.6727542877197266,0.7398659586906433,0.23488888144493103,0.8287425637245178,-0.9310078620910645,0.12147994339466095,-0.27930235862731934,1,43,0,43,0.7406967878341675,2.0999615010132135,-0.4765012930018687,58.0,0.3626661313523386,48.0,1,running
recovery_pair02_negative,2,negative,2,255,0.6311731338500977,0.5428209900856018,0.5326483845710754,0.6048364639282227,0.7924397587776184,1.0,1.0,1.0,1.0,0.22340890765190125,0.8149348497390747,-0.9259774684906006,0.03374258801341057,0.7431448101997375,0.6691306233406067,0.2666666805744171,0.8388124704360962,-0.9346314668655396,0.11905165016651154,-0.2803894579410553,1,43,0,43,0.7819311618804932,2.113405604515515,-0.4561967618460984,55.0,0.3473477815562549,54.06,1,running
recovery_pair02_negative,2,negative,2,256,0.6449198126792908,0.5496678948402405,0.5309014916419983,0.5806978940963745,0.7421509623527527,1.0,1.0,1.0,1.0,0.24945738911628723,0.8287425637245178,-0.9310078620910645,0.03231737017631531,0.8096320629119873,0.5869377255439758,0.30033332109451294,0.8493274450302124,-0.9384744763374329,0.11702433228492737,-0.2815423607826233,1,43,0,43,0.8731008768081665,2.127670509667905,-0.43703294316635694,52.0,0.3344744930602645,60.44,1,running
recovery_pair02_negative,2,negative,2,257,0.6728410124778748,0.5552302002906799,0.5245181322097778,0.5649786591529846,0.6994656920433044,1.0,1.0,1.0,1.0,1.0,0.8388124704360962,-0.9346314668655396,0.031119627878069878,0.8698395490646362,0.49333471059799194,0.33577778935432434,0.8422739505767822,-0.9386366009712219,0.11452611535787582,-0.28159099817276,1,43,0,43,1.8065378665924072,2.1427475222304415,-0.41912461189243455,48.0,0.32434285372858107,68.11,1,running
recovery_pair02_negative,2,negative,2,258,0.6999468207359314,0.5696330666542053,0.5161536931991577,0.5424638986587524,0.6631278991699219,0.9808541536331177,1.0,1.0,1.0,1.0,0.8493274450302124,-0.9384744763374329,0.030176980420947075,0.9279013276100159,0.37282583117485046,0.3783888816833496,0.8569371104240417,-0.9433600306510925,0.11357066035270691,-0.28300800919532776,1,43,0,43,1.8065378665924072,2.158604930706041,-0.4023335150719649,45.0,0.31698324647740067,75.02,1,running
recovery_pair02_negative,2,negative,2,259,0.7355362176895142,0.576058566570282,0.5179981589317322,0.5314791798591614,0.6378790140151978,0.8930105566978455,1.0,1.0,1.0,1.0,0.8422739505767822,-0.9386366009712219,0.02949223853647709,0.9660161137580872,0.25848186016082764,0.4167777895927429,0.8737940788269043,-0.9487942457199097,0.0,0.6000000238418579,0,44,0,44,1.7970505952835083,2.1693886193513197,-0.39195911742621864,43.0,0.3137331320754007,79.68,1,running
recovery_pair02_negative,2,negative,2,260,0.7478967308998108,0.5729032158851624,0.5134430527687073,0.5263869166374207,0.6188320517539978,0.8697193264961243,1.0,1.0,1.0,1.0,0.8569371104240417,-0.9433600306510925,0.02918984182178974,0.9838225841522217,0.17914564907550812,0.4426666796207428,0.8806911110877991,-0.9508479833602905,0.0,0.6000000238418579,0,44,0,44,1.7970505952835083,2.1698281148160916,-0.3916183301893899,49.0,0.3136840628080582,73.78,1,running
recovery_pair02_negative,2,negative,2,261,0.6758594512939453,0.5456129312515259,0.5142229795455933,0.5499082207679749,0.662385106086731,1.0,1.0,1.0,1.0,1.0,0.8737940788269043,-0.9487942457199097,0.029185283929109573,0.9601962566375732,0.27932628989219666,0.40988889336586,0.8592556118965149,-0.9436179399490356,0.0,0.6000000238418579,0,44,0,44,1.7997803688049316,2.1692113896843357,-0.39246032605290954,56.0,0.3140596017319846,66.6,1,running
recovery_pair02_negative,2,negative,2,262,0.6171842217445374,0.5246111154556274,0.5157473683357239,0.5722285509109497,0.7485345005989075,1.0,1.0,1.0,1.0,1.0,0.8806911110877991,-0.9508479833602905,0.0292202178388834,0.9177546501159668,0.39714789390563965,0.3700000047683716,0.841007649898529,-0.9373759627342224,0.0690099373459816,0.6000000238418579,0,44,0,44,0.8064640164375305,2.1709620237284284,-0.3891971918133294,65.0,0.31227055692685807,58.19,1,running
recovery_pair02_negative,2,negative,2,263,0.5595559477806091,0.5140321850776672,0.529706597328186,0.6325864791870117,0.9169282913208008,1.0,1.0,1.0,1.0,0.23041829466819763,0.8592556118965149,-0.9436179399490356,0.02905377186834812,0.849800705909729,0.5271041393280029,0.3232777714729309,0.8414328098297119,-0.9350177645683289,0.06871175765991211,0.6000000238418579,0,44,0,44,0.7701662182807922,2.174119969820951,-0.3804720732118007,74.0,0.30678786066982083,50.58,1,running
recovery_pair02_negative,2,negative,2,264,0.5264254808425903,0.5133312344551086,0.5626553893089294,0.7095574140548706,1.0,1.0,1.0,1.0,1.0,0.2200474888086319,0.841007649898529,-0.9373759627342224,0.02854365110397339,0.7725119590759277,0.6350002288818359,0.2809999883174896,0.831108808517456,-0.9315013289451599,0.10935341566801071,-0.2794504165649414,1,45,0,45,0.7552592158317566,2.1776682819615147,-0.36629387420453635,76.0,0.29733072988026865,50.69,1,running
recovery_pair02_negative,2,negative,2,265,0.5242320895195007,0.507581353187561,0.5694969296455383,0.7398019433021545,1.0,1.0,1.0,1.0,1.0,0.2157883495092392,0.8414328098297119,-0.9350177645683289,0.027663763612508774,0.7737296223640442,0.6335158944129944,0.2816111147403717,0.8335215449333191,-0.9323723912239075,0.10789786279201508,-0.2797117233276367,1,45,0,45,0.7552592158317566,2.183442127803159,-0.345016001244516,73.0,0.284249137108497,57.19,1,running
recovery_pair02_negative,2,negative,2,266,0.5251443386077881,0.5124067068099976,0.5507234334945679,0.6939132809638977,1.0,1.0,1.0,1.0,1.0,0.21835526823997498,0.831108808517456,-0.9315013289451599,0.026446642354130745,0.8404720425605774,0.5418549180030823,0.31772223114967346,0.8382253050804138,-0.9339500069618225,0.10595279186964035,-0.2801850140094757,1,45,0,45,0.7642434239387512,2.1903405199153574,-0.32429641943653115,70.0,0.2735097434079928,64.1,1,running
recovery_pair02_negative,2,negative,2,267,0.5386539697647095,0.5029405355453491,0.5347886681556702,0.6577377319335938,1.0,1.0,1.0,1.0,1.0,0.22596658766269684,0.8335215449333191,-0.9323723912239075,0.02544744685292244,0.8995577692985535,0.4368017911911011,0.3561111092567444,0.8447086215019226,-0.9361034035682678,0.10448705404996872,-0.2808310389518738,1,45,0,45,0.7908830642700195,2.1982503593999554,-0.30435814081101287,67.0,0.2654176557250021,71.33,1,running
recovery_pair02_negative,2,negative,2,268,0.5545924305915833,0.507259726524353,0.5240455865859985,0.6286138296127319,0.9113096594810486,1.0,1.0,1.0,1.0,0.24964283406734467,0.8382253050804138,-0.9339500069618225,0.02469455450773239,0.9473780393600464,0.3201169967651367,0.3962777853012085,0.8562897443771362,-0.9399995803833008,0.04281448945403099,-0.2819998860359192,1,45,0,45,0.8737499117851257,2.2044059265539073,-0.29088901707345016,63.0,0.2614433158058951,78.43,1,running
recovery_pair02_negative,2,negative,2,269,0.560810923576355,0.5097604990005493,0.5195575952529907,0.599916398525238,0.8380125761032104,1.0,1.0,1.0,1.0,1.0,0.8447086215019226,-0.9361034035682678,0.02432478964328766,0.9796804189682007,0.20056499540805817,0.4357222318649292,0.8465903401374817,-0.938574492931366,0.042329516261816025,-0.2815723717212677,1,45,0,45,1.7760637998580933,2.2086306252608274,-0.28298319403851535,60.0,0.25996668555934344,83.37,1,running
recovery_pair02_negative,2,negative,2,270,0.5792136788368225,0.512406051158905,0.507446825504303,0.5783236622810364,0.780086874961853,1.0,1.0,1.0,1.0,1.0,0.8562897443771362,-0.9399995803833008,0.024187391623854637,0.9933124780654907,0.11545726656913757,0.46316665410995483,0.8543860912322998,-0.9408183097839355,0.04271930456161499,-0.2822455167770386,1,45,0,45,1.774919867515564,2.213325139314891,-0.2752605124486962,57.0,0.2592829002164558,88.36,1,running
recovery_pair02_negative,2,negative,2,271,0.5951040387153625,0.5198062062263489,0.5071199536323547,0.5608603954315186,0.729214608669281,1.0,1.0,1.0,1.0,1.0,0.8465903401374817,-0.938574492931366,0.024123765528202057,0.9995903968811035,0.028619490563869476,0.49088889360427856,0.8620792031288147,-0.9431775212287903,0.0,0.6000000238418579,0,46,0,46,1.769104242324829,2.215277346460557,-0.2723373825048305,60.0,0.2592513897488127,86.14,1,running
recovery_pair02_negative,2,negative,2,272,0.5776410698890686,0.5076049566268921,0.5054583549499512,0.5808282494544983,0.7880534529685974,1.0,1.0,1.0,1.0,1.0,0.8543860912322998,-0.9408183097839355,0.02412084862589836,0.9977315068244934,0.06731875985860825,0.4785555601119995,0.856721818447113,-0.941429853439331,0.0,0.6000000238418579,0,46,0,46,0.9167429804801941,2.2147466777838694,-0.27343595240784396,67.0,0.25942566413726753,78.87,1,running
recovery_pair02_negative,2,negative,2,273,0.5437905788421631,0.4982397258281708,0.5188872814178467,0.6223885416984558,0.9223291277885437,1.0,1.0,1.0,1.0,0.2619265615940094,0.8620792031288147,-0.9431775212287903,0.024137062951922417,0.9811917543411255,0.19303573668003082,0.43816667795181274,0.8627305626869202,-0.9418334364891052,0.0,0.6000000238418579,0,46,0,46,0.8153613805770874,2.2143707537620334,-0.2745486056017186,73.0,0.2597412108982097,72.62,1,running
recovery_pair02_negative,2,negative,2,274,0.5147868394851685,0.49927154183387756,0.5423118472099304,0.6937061548233032,1.0,1.0,1.0,1.0,1.0,0.23296038806438446,0.856721818447113,-0.941429853439331,0.024166414514183998,0.954344630241394,0.2987076938152313,0.40344443917274475,0.856985867023468,-0.9401140809059143,0.0,0.6000000238418579,0,46,0,46,0.7906806468963623,2.214128328941677,-0.2757119632704232,80.0,0.26020034466314335,65.38,1,running
recovery_pair02_negative,2,negative,2,275,0.49988865852355957,0.5085241198539734,0.5767913460731506,0.7865757942199707,1.0,1.0,1.0,1.0,1.0,0.22590875625610352,0.8627305626869202,-0.9418334364891052,0.02420913055539131,0.9090907573699951,0.4165981411933899,0.36322221159935,0.8563636541366577,-0.9403373599052429,0.10285157710313797,-0.28210121393203735,1,47,0,47,0.7906806468963623,2.2145222630287567,-0.27097161774320855,86.0,0.25786437050032524,60.3,1,running
recovery_pair02_negative,2,negative,2,276,0.4964359700679779,0.5177841186523438,0.6154659986495972,0.9036034345626831,1.0,1.0,1.0,1.0,0.27149954438209534,0.23463453352451324,0.856985867023468,-0.9401140809059143,0.02399180270731449,0.8686315417289734,0.4954586625099182,0.33500000834465027,0.8318597674369812,-0.9309330582618713,0.10123705118894577,-0.2792799174785614,1,47,0,47,0.7896109223365784,2.215945847346502,-0.25202344047751185,84.0,0.24908503284634836,66.11,1,running
recovery_pair02_negative,2,negative,2,277,0.4948245882987976,0.508113443851471,0.602772057056427,0.8472495675086975,1.0,1.0,1.0,1.0,1.0,0.2256031185388565,0.8563636541366577,-0.9403373599052429,0.023174971342086792,0.9143246412277222,0.4049820005893707,0.36727777123451233,0.8626083731651306,-0.9427403807640076,0.10131125897169113,-0.2828221321105957,1,47,0,47,0.7896109223365784,2.218590630638176,-0.23132705135229598,81.0,0.24183144667634743,73.68,1,running
recovery_pair02_negative,2,negative,2,278,0.5010489821434021,0.5016483068466187,0.5788868069648743,0.7848193049430847,1.0,1.0,1.0,1.0,1.0,0.22994181513786316,0.8318597674369812,-0.9309330582618713,0.022500095888972282,0.9597072601318359,0.2810017168521881,0.40933331847190857,0.8651584386825562,-0.9433014988899231,0.04325792193412781,-0.2829904556274414,1,47,0,47,0.8009601831436157,2.2212894020576623,-0.21669205261694033,77.0,0.23844490481337483,81.13,1,running
recovery_pair02_negative,2,negative,2,279,0.5083279609680176,0.49783915281295776,0.5517061352729797,0.7216928601264954,1.0,1.0,1.0,1.0,1.0,0.2288457602262497,0.8626083731651306,-0.9427403807640076,0.02218499965965748,0.9880407452583313,0.15419307351112366,0.45072221755981445,0.8687705993652344,-0.9439986944198608,0.04343853145837784,-0.28319960832595825,1,47,0,47,0.8009601831436157,2.22346737418026,-0.20814953238580328,74.0,0.23744539596998784,86.24,1,running
recovery_pair02_negative,2,negative,2,280,0.5179639458656311,0.4957360327243805,0.5415562391281128,0.6878777146339417,1.0,1.0,1.0,1.0,1.0,0.24131789803504944,0.8651584386825562,-0.9433014988899231,0.022092005237936974,0.9978474974632263,0.06557729095220566,0.47911110520362854,0.8717164397239685,-0.9447766542434692,0.043585821986198425,-0.2834330201148987,1,47,0,47,0.8446126580238342,2.226181328912932,-0.19942724080598853,71.0,0.23722670970384996,91.45,1,running
recovery_pair02_negative,2,negative,2,281,0.5321658849716187,0.4931342601776123,0.5280731916427612,0.655391275882721,1.0,1.0,1.0,1.0,1.0,0.2683677673339844,0.8687705993652344,-0.9439986944198608,0.022071653977036476,0.9996798038482666,-0.02530457265675068,0.508055567741394,0.8744222521781921,-0.9454888105392456,0.04372111335396767,-0.2836466431617737,1,47,0,47,0.9392871856689453,2.229397022340882,-0.1907836090084661,68.0,0.23786430500280817,96.67,1,running
recovery_pair02_negative,2,negative,2,282,0.5340545773506165,0.4959472119808197,0.5164002180099487,0.6235938668251038,0.923839271068573,1.0,1.0,1.0,1.0,1.0,0.8717164397239685,-0.9447766542434692,0.02213098481297493,0.9932315945625305,-0.11615069955587387,0.5370555520057678,0.8616957664489746,-0.9424212574958801,0.04308478906750679,-0.28272637724876404,1,47,0,47,1.7358152866363525,2.233043781836211,-0.1824145297372974,65.0,0.2393387685803482,101.83,1,running
recovery_pair02_negative,2,negative,2,283,0.5433351397514343,0.5019844174385071,0.5081849098205566,0.598545491695404,0.8564513325691223,1.0,1.0,1.0,1.0,1.0,0.8744222521781921,-0.9454888105392456,0.022268157452344894,0.9787601828575134,-0.20500855147838593,0.5657222270965576,0.867315411567688,-0.9438219666481018,0.04336577281355858,-0.28314658999443054,1,47,0,47,1.7442015409469604,2.23710204090781,-0.17437498947844346,61.0,0.24161714302673085,107.91,1,running
recovery_pair02_negative,2,negative,2,284,0.5646530985832214,0.498343288898468,0.5039509534835815,0.5756192803382874,0.7842243313789368,1.0,1.0,1.0,1.0,1.0,0.8616957664489746,-0.9424212574958801,0.02248014695942402,0.9515407681465149,-0.3075226843357086,0.5995000004768372,0.8736299872398376,-0.9455022215843201,0.0,0.6000000238418579,0,48,0,48,1.724776268005371,2.2384227069375635,-0.17204643444851145,63.0,0.2424783681059821,106.51,1,running
recovery_pair02_negative,2,negative,2,285,0.550319254398346,0.4927932322025299,0.5121613144874573,0.5892897248268127,0.8327473998069763,1.0,1.0,1.0,1.0,1.0,0.867315411567688,-0.9438219666481018,0.02256026864051819,0.9587701559066772,-0.28418269753456116,0.5917222499847412,0.8710863590240479,-0.9447542428970337,0.0,0.6000000238418579,0,48,0,48,1.724776268005371,2.237997467058647,-0.17308353329716142,70.0,0.24225161410906204,99.25,1,running
recovery_pair02_negative,2,negative,2,286,0.5231027007102966,0.49339839816093445,0.5262781381607056,0.6450012922286987,0.992260754108429,1.0,1.0,1.0,1.0,1.0,0.8736299872398376,-0.9455022215843201,0.022539185360074043,0.9869963526725769,-0.16074256598949432,0.5513888597488403,0.8628589510917664,-0.9427863955497742,0.0,0.6000000238418579,0,48,0,48,0.8590406775474548,2.2376948715443796,-0.17417908320886716,77.0,0.24216139320659627,91.98,1,running
recovery_pair02_negative,2,negative,2,287,0.5037500262260437,0.4920794665813446,0.5506187081336975,0.7261718511581421,1.0,1.0,1.0,1.0,1.0,0.24544019997119904,0.8710863590240479,-0.9447542428970337,0.022530794143676758,0.9994029402732849,-0.03455064073204994,0.5109999775886536,0.8785669803619385,-0.9469620585441589,0.0,0.6000000238418579,0,48,0,48,0.8103532791137695,2.2375230643655013,-0.17531770801580332,84.0,0.24221316593798375,84.71,1,running
recovery_pair02_negative,2,negative,2,288,0.4921250641345978,0.5039055943489075,0.5951714515686035,0.8383804559707642,1.0,1.0,1.0,1.0,1.0,0.23152950406074524,0.8628589510917664,-0.9427863955497742,0.022535601630806923,0.9957408308982849,0.09219679981470108,0.4706111252307892,0.8812156915664673,-0.9487014412879944,0.0,0.6000000238418579,0,48,0,48,0.8063240051269531,2.2374899850575547,-0.1764763917778333,90.0,0.24241033368366904,78.44,1,running
recovery_pair02_negative,2,negative,2,289,0.4852752387523651,0.5246706604957581,0.6506433486938477,1.0,1.0,1.0,1.0,1.0,0.29356151819229126,0.23037828505039215,0.8785669803619385,-0.9469620585441589,0.02255394123494625,0.9797154068946838,0.20039400458335876,0.43577778339385986,0.8660533428192139,-0.9430394172668457,0.0,0.6000000238418579,0,48,0,48,0.8063240051269531,2.237596240380963,-0.17761425374832676,97.0,0.24274498807494824,71.18,1,running
recovery_pair02_negative,2,negative,2,290,0.48900648951530457,0.5498626828193665,0.7311558723449707,1.0,1.0,1.0,1.0,1.0,0.24464407563209534,0.25315922498703003,0.8812156915664673,-0.9487014412879944,0.022585084661841393,0.9465367197990417,0.32259613275527954,0.39544445276260376,0.86258465051651,-0.9425721764564514,0.0,0.6000000238418579,0,48,0,48,0.8165677785873413,2.237822775424943,-0.1786802045162159,104.0,0.24318714150698378,63.94,1,running
recovery_pair02_negative,2,negative,2,291,0.5042797327041626,0.5947436094284058,0.8503327965736389,1.0,1.0,1.0,1.0,1.0,0.23330508172512054,1.0,0.8660533428192139,-0.9430394172668457,0.022626221179962158,0.8983345031738281,0.4393121302127838,0.355222225189209,0.8467216491699219,-0.9407071471214294,0.05719785764813423,0.6000000238418579,0,48,0,48,0.8165677785873413,2.2370086388681223,-0.1764349503381341,114.0,0.24193045687575418,54.42,1,running
recovery_pair02_negative,2,negative,2,292,0.5301369428634644,0.6853545904159546,1.0,1.0,1.0,1.0,1.0,0.25994873046875,0.23757480084896088,1.0,0.86258465051651,-0.9425721764564514,0.022509291768074036,0.8133038878440857,0.5818390846252441,0.3023333251476288,0.8552670478820801,-0.9386143088340759,0.05698841065168381,0.6000000238418579,0,48,0,48,0.8315117955207825,2.2343943147112824,-0.17177155904704786,124.0,0.2384677409816521,45.39,1,running
recovery_pair02_negative,2,negative,2,293,0.5942815542221069,0.8370038270950317,1.0,1.0,1.0,1.0,1.0,0.2381172478199005,1.0,1.0,0.8467216491699219,-0.9407071471214294,0.02218712493777275,0.7119035124778748,0.7022773027420044,0.25216665863990784,0.8874652981758118,-0.9521319270133972,0.05641128867864609,0.6000000238418579,0,48,0,48,0.8252846002578735,2.229433105263783,-0.16545464189848974,132.0,0.23248902443131064,38.7,1,running
recovery_pair02_negative,2,negative,2,294,0.6559765934944153,1.0,1.0,1.0,1.0,1.0,0.2892472743988037,0.23579560220241547,1.0,1.0,0.8552670478820801,-0.9386143088340759,0.02163086086511612,0.6252426505088806,0.7804304361343384,0.2150000035762787,0.9090625643730164,-0.9615885019302368,0.0554148368537426,0.5403539538383484,0,48,0,48,0.8252846002578735,2.222657626095049,-0.15871179659483697,138.0,0.22478168795816172,34.12,1,running
recovery_pair02_negative,2,negative,2,295,0.7419136762619019,1.0,1.0,1.0,1.0,1.0,0.2422722578048706,0.25183743238449097,1.0,1.0,0.8874652981758118,-0.9521319270133972,0.020913774147629738,0.5609279870986938,0.8278645873069763,0.1895555555820465,0.9120040535926819,-0.9630268216133118,0.05413028225302696,0.4764050841331482,0,48,0,48,0.8229108452796936,2.214939379030595,-0.1525036741855201,144.0,0.21634484869739168,29.47,1,running
recovery_pair02_negative,2,negative,2,296,0.8448380827903748,1.0,1.0,1.0,1.0,1.0,0.23511739075183868,1.0,1.0,1.0,0.9090625643730164,-0.9615885019302368,0.020128803327679634,0.4919677674770355,0.8706133961677551,0.1637222170829773,0.9140459895133972,-0.9676987528800964,0.052724141627550125,0.41147881746292114,0,48,0,48,0.8188949227333069,2.206778447070681,-0.1470987056259436,149.0,0.20766933659525091,25.69,1,running
recovery_pair02_negative,2,negative,2,297,0.9622283577919006,1.0,1.0,1.0,1.0,1.0,0.23396997153759003,1.0,1.0,1.0,0.9120040535926819,-0.9630268216133118,0.019321639090776443,0.43350180983543396,0.9011526703834534,0.1427222192287445,0.918088972568512,-0.9692775011062622,0.05127822235226631,0.35870006680488586,0,48,0,48,0.7987946271896362,2.19836243396105,-0.14245115747105194,153.0,0.1988966419332435,22.8,1,success
recovery_pair02_negative,2,negative,3,250,0.6984416842460632,0.5673127770423889,0.5314446687698364,0.5601950287818909,0.679742693901062,1.0,1.0,1.0,1.0,1.0,0.8393240571022034,-0.9350517392158508,0.038267653435468674,0.8441408276557922,0.5361214876174927,0.3198888897895813,0.8435050845146179,-0.9394257664680481,0.12739220261573792,-0.28182774782180786,1,39,0,39,1.8390021324157715,2.1349381961084055,-0.502782579224333,46.0,0.3984440940804507,63.8,1,running
recovery_pair02_negative,2,negative,3,251,0.7297977209091187,0.5723157525062561,0.5254291892051697,0.5434154272079468,0.6484505534172058,0.9358643889427185,1.0,1.0,1.0,1.0,0.849933385848999,-0.9389764070510864,0.037071384489536285,0.8972583413124084,0.4415058493614197,0.3544444441795349,0.8591377139091492,-0.9444197416305542,0.12603090703487396,-0.2833259403705597,1,39,0,39,1.8223369121551514,2.1531560547308204,-0.4848623369876791,43.0,0.3884465523566581,70.22,1,running
recovery_pair02_negative,2,negative,3,252,0.7670961618423462,0.5944307446479797,0.5206676721572876,0.5304126143455505,0.6113652586936951,0.8531247973442078,1.0,1.0,1.0,1.0,0.8435050845146179,-0.9394257664680481,0.036141205579042435,0.9409989714622498,0.3384094834327698,0.39011111855506897,0.8761632442474365,-0.9499824047088623,0.0,0.6000000238418579,0,40,0,40,1.8174126148223877,2.1647208005665806,-0.47444285929712643,43.0,0.38371393886006827,72.42,1,running
recovery_pair02_negative,2,negative,3,253,0.7601129412651062,0.5854449272155762,0.5192607641220093,0.5320111513137817,0.6098276376724243,0.8571043610572815,1.0,1.0,1.0,1.0,0.8591377139091492,-0.9444197416305542,0.03570088371634483,0.9532961845397949,0.30203714966773987,0.4023333191871643,0.877346396446228,-0.9501911997795105,0.0,0.6000000238418579,0,40,0,40,1.8018940687179565,2.1641006371453044,-0.47513359027129604,49.0,0.38407251871847775,66.29,1,running
recovery_pair02_negative,2,negative,3,254,0.6748970746994019,0.5437663793563843,0.5148268938064575,0.5528463125228882,0.672913670539856,1.0,1.0,1.0,1.0,1.0,0.8761632442474365,-0.9499824047088623,0.03573424741625786,0.9155924320220947,0.4021075963973999,0.36827778816223145,0.85007244348526,-0.9408681988716125,0.08067875355482101,0.6000000238418579,0,40,0,40,0.9254306554794312,2.1688273715099258,-0.46875486167191543,55.0,0.3803893017587184,61.35,1,running
recovery_pair02_negative,2,negative,3,255,0.6194378733634949,0.5309727787971497,0.5200055241584778,0.5690491199493408,0.7313281297683716,1.0,1.0,1.0,1.0,0.26440876722335815,0.877346396446228,-0.9501911997795105,0.03539155796170235,0.8775649070739746,0.4794578552246094,0.3408333361148834,0.8549514412879944,-0.9400020837783813,0.08006488531827927,0.6000000238418579,0,40,0,40,0.8123772144317627,2.17663197878221,-0.45593247172609286,62.0,0.3725788990931347,56.3,1,running
recovery_pair02_negative,2,negative,3,256,0.5718411207199097,0.5172374844551086,0.5218696594238281,0.6047796010971069,0.8412699103355408,1.0,1.0,1.0,1.0,0.23210777342319489,0.85007244348526,-0.9408681988716125,0.03466487675905228,0.8319541215896606,0.5548444390296936,0.3127777874469757,0.8403341174125671,-0.9346046447753906,0.07876314967870712,0.6000000238418579,0,40,0,40,0.7897405624389648,2.1827623624288295,-0.44246064006874924,69.0,0.3638143871512281,51.16,1,running
recovery_pair02_negative,2,negative,3,257,0.5410407781600952,0.506593644618988,0.5368214845657349,0.6524747014045715,1.0,1.0,1.0,1.0,1.0,0.2256401628255844,0.8549514412879944,-0.9400020837783813,0.03384942561388016,0.7789003252983093,0.6271477341651917,0.28422221541404724,0.8264439702033997,-0.9297481775283813,0.11862459778785706,-0.27892446517944336,1,41,0,41,0.7897405624389648,2.1888291045711794,-0.42505850896455716,70.0,0.35209297641000437,52.43,1,running
recovery_pair02_negative,2,negative,3,258,0.5342413783073425,0.5111539959907532,0.5392890572547913,0.661858856678009,1.0,1.0,1.0,1.0,1.0,0.22972765564918518,0.8403341174125671,-0.9346046447753906,0.032758865505456924,0.7926089763641357,0.6097302436828613,0.29127776622772217,0.8284414410591125,-0.9305151700973511,0.1167709082365036,-0.27915456891059875,1,41,0,41,0.8040468096733093,2.1974080599991317,-0.4028174417408779,67.0,0.3384651507629513,58.68,1,running
recovery_pair02_negative,2,negative,3,259,0.5463289022445679,0.5018113255500793,0.5283646583557129,0.6341861486434937,0.9286779165267944,1.0,1.0,1.0,1.0,0.2311660200357437,0.8264439702033997,-0.9297481775283813,0.03149091452360153,0.8542774319648743,0.5198173522949219,0.32600000500679016,0.8378831148147583,-0.9337100982666016,0.11497168242931366,-0.2801130414009094,1,41,0,41,0.8090810775756836,2.2070683203119112,-0.3813961609991193,64.0,0.32733163452015385,65.24,1,running
recovery_pair02_negative,2,negative,3,260,0.5594049692153931,0.5005630254745483,0.5156434178352356,0.602845311164856,0.8508122563362122,1.0,1.0,1.0,1.0,0.2469872087240219,0.8284414410591125,-0.9305151700973511,0.030455049127340317,0.9080700874328613,0.41881823539733887,0.3624444305896759,0.8477854132652283,-0.9370081424713135,0.11361120641231537,-0.2811024487018585,1,41,0,41,0.8644552230834961,2.2178319470075523,-0.3606967076738437,61.0,0.3188303371705378,72.1,1,running
recovery_pair02_negative,2,negative,3,261,0.5755522847175598,0.510288655757904,0.5059096217155457,0.5817683339118958,0.7842391729354858,1.0,1.0,1.0,1.0,1.0,0.8378831148147583,-0.9337100982666016,0.029664086177945137,0.9515944123268127,0.3073566257953644,0.4005555510520935,0.8395260572433472,-0.9364120960235596,0.04197630286216736,-0.28092363476753235,1,41,0,41,1.7505643367767334,2.2257239615409636,-0.3472379462002327,58.0,0.31475024199016965,77.82,1,running
recovery_pair02_negative,2,negative,3,262,0.5917709469795227,0.5100386738777161,0.5001612305641174,0.5628894567489624,0.7314028143882751,1.0,1.0,1.0,1.0,1.0,0.8477854132652283,-0.9370081424713135,0.029284479096531868,0.9774895906448364,0.21098360419273376,0.4323333203792572,0.8488548398017883,-0.9391940236091614,0.042442742735147476,-0.28175821900367737,1,41,0,41,1.7193655967712402,2.2307956719837922,-0.3397224941284572,54.0,0.3132769308353702,83.45,1,running
recovery_pair02_negative,2,negative,3,263,0.6143447160720825,0.5183439254760742,0.4912473261356354,0.5438472628593445,0.6895643472671509,1.0,1.0,1.0,1.0,1.0,0.8395260572433472,-0.9364120960235596,0.029147395864129066,0.993472695350647,0.11407022923231125,0.4636111259460449,0.8576816916465759,-0.9419371485710144,0.0,0.6000000238418579,0,42,0,42,1.7193655967712402,2.2364520597643343,-0.3320952962209995,53.0,0.312429298915979,86.18,1,running
recovery_pair02_negative,2,negative,3,264,0.6192651391029358,0.5149269700050354,0.4943845570087433,0.5374434590339661,0.679015040397644,1.0,1.0,1.0,1.0,1.0,0.8488548398017883,-0.9391940236091614,0.029068540781736374,0.9977782964706421,0.06662219762802124,0.47877776622772217,0.861076831817627,-0.9429129362106323,0.0,0.6000000238418579,0,42,0,42,1.7303459644317627,2.240026721485367,-0.3271672986504266,56.0,0.31197258082221185,84.3,1,running
recovery_pair02_negative,2,negative,3,265,0.590820848941803,0.5115768313407898,0.4998023211956024,0.5510857701301575,0.704905092716217,1.0,1.0,1.0,1.0,1.0,0.8576816916465759,-0.9419371485710144,0.02902604453265667,0.9950555562973022,0.09931974858045578,0.46833333373069763,0.8566185832023621,-0.9413591027259827,0.0,0.6000000238418579,0,42,0,42,1.7462764978408813,2.239898245082632,-0.3274747864215839,62.0,0.31207031485140885,78.24,1,running
recovery_pair02_negative,2,negative,3,266,0.5584360361099243,0.49893614649772644,0.5051418542861938,0.5864654183387756,0.8050346374511719,1.0,1.0,1.0,1.0,1.0,0.861076831817627,-0.9429129362106323,0.029035132378339767,0.9790099263191223,0.2038126289844513,0.4346666634082794,0.8448405265808105,-0.937701404094696,0.0,0.6000000238418579,0,42,0,42,0.8975080251693726,2.239487597277358,-0.328428484757698,69.0,0.31236618273336647,71.06,1,running
recovery_pair02_negative,2,negative,3,267,0.5257421135902405,0.4920783042907715,0.5151586532592773,0.6298637986183167,0.9585328102111816,1.0,1.0,1.0,1.0,0.25643086433410645,0.8566185832023621,-0.9413591027259827,0.02906266786158085,0.9458590149879456,0.32457783818244934,0.394777774810791,0.8499594926834106,-0.937499463558197,0.0,0.6000000238418579,0,42,0,42,0.8174446225166321,2.239187210951463,-0.3294375334435811,75.0,0.3127852016882549,64.88,1,running
recovery_pair02_negative,2,negative,3,268,0.5087019801139832,0.4961533546447754,0.5479101538658142,0.7062416672706604,1.0,1.0,1.0,1.0,1.0,0.2335556000471115,0.8448405265808105,-0.937701404094696,0.029101651161909103,0.9054206609725952,0.4245154857635498,0.36044445633888245,0.8470999598503113,-0.9368806481361389,0.0687975361943245,0.6000000238418579,0,42,0,42,0.8174446225166321,2.2404704932746435,-0.3224716026450689,82.0,0.30933900308863965,59.02,1,running
recovery_pair02_negative,2,negative,3,269,0.4925226867198944,0.5065541863441467,0.574908435344696,0.791904091835022,1.0,1.0,1.0,1.0,1.0,0.2426215410232544,0.8499594926834106,-0.937499463558197,0.02878100611269474,0.8573470115661621,0.5147388577461243,0.3278888761997223,0.8465009927749634,-0.9369927644729614,0.06822316348552704,0.6000000238418579,0,42,0,42,0.8491753935813904,2.241592639451715,-0.3098625361798628,88.0,0.3024622324228612,55.01,1,running
recovery_pair02_negative,2,negative,3,270,0.49012473225593567,0.5110079050064087,0.6263831853866577,0.9427165389060974,1.0,1.0,1.0,1.0,0.2537723183631897,0.2473382204771042,0.8470999598503113,-0.9368806481361389,0.028141194954514503,0.8192521333694458,0.5734334588050842,0.30561110377311707,0.8247667551040649,-0.9285230040550232,0.06707704067230225,0.6000000238418579,0,42,0,42,0.8395479321479797,2.2412097528763986,-0.29738386108596176,95.0,0.2948093355012206,49.9,1,running
recovery_pair02_negative,2,negative,3,271,0.49024534225463867,0.5361812710762024,0.696858823299408,1.0,1.0,1.0,1.0,1.0,0.2398708313703537,0.31010788679122925,0.8465009927749634,-0.9369927644729614,0.027429169043898582,0.7649214267730713,0.6441236138343811,0.277222216129303,0.8269076347351074,-0.9301055073738098,0.06580155342817307,0.6000000238418579,0,42,0,42,0.8351277709007263,2.239419181219451,-0.2854905750841792,102.0,0.286638377690509,44.64,1,running
recovery_pair02_negative,2,negative,3,272,0.4993871748447418,0.5774375796318054,0.802823007106781,1.0,1.0,1.0,1.0,1.0,0.23860792815685272,1.0,0.8247667551040649,-0.9285230040550232,0.026668941602110863,0.7026499509811401,0.7115356922149658,0.24799999594688416,0.8099242448806763,-0.9280630350112915,0.06443972885608673,0.6000000238418579,0,42,0,42,0.8351277709007263,2.2362869076688323,-0.27401814112742684,109.0,0.2778252316795957,39.26,1,running
recovery_pair02_negative,2,negative,3,273,0.5152283310890198,0.6313701272010803,0.9472104907035828,1.0,1.0,1.0,1.0,0.2686716914176941,0.2432023137807846,1.0,0.8269076347351074,-0.9301055073738098,0.025848958641290665,0.6328404545783997,0.7742822170257568,0.21811111271381378,0.8213059902191162,-0.9250271320343018,0.06297086924314499,0.5481730103492737,0,42,0,42,0.8512080907821655,2.2319145503903064,-0.26312922426219837,115.0,0.26846933933620015,34.75,1,running
recovery_pair02_negative,2,negative,3,274,0.5370403528213501,0.6942363381385803,1.0,1.0,1.0,1.0,1.0,0.24396419525146484,0.2735009789466858,1.0,0.8099242448806763,-0.9280630350112915,0.024978484958410263,0.5699967741966248,0.8216469287872314,0.19305555522441864,0.8283360600471497,-0.9281080365180969,0.06141155585646629,0.48520153760910034,0,42,0,42,0.81960129737854,2.226502474546011,-0.2528990078321915,121.0,0.2587127134364003,30.1,1,running
recovery_pair02_negative,2,negative,3,275,0.5648537874221802,0.7763608694076538,1.0,1.0,1.0,1.0,1.0,0.2341717928647995,1.0,1.0,0.8213059902191162,-0.9250271320343018,0.024070722982287407,0.501510739326477,0.8651514053344727,0.16722221672534943,0.86245197057724,-0.941962718963623,0.059785451740026474,0.4202752709388733,0,42,0,42,0.81960129737854,2.220279652355683,-0.24338487755563315,126.0,0.24872416823230747,26.33,1,running
recovery_pair02_negative,2,negative,3,276,0.6097828149795532,0.8739904165267944,1.0,1.0,1.0,1.0,1.0,0.2343592494726181,1.0,1.0,0.8283360600471497,-0.9281080365180969,0.023141391575336456,0.4435405433177948,0.896254301071167,0.1462777704000473,0.8696357011795044,-0.9451574683189392,0.058120694011449814,0.36763614416122437,0,42,0,42,0.8202573657035828,2.2135160675719816,-0.234672294227328,130.0,0.2387320143997353,23.43,1,running
recovery_pair02_negative,2,negative,3,277,0.6439563632011414,0.9921579957008362,1.0,1.0,1.0,1.0,0.25996822118759155,0.23791994154453278,1.0,1.0,0.86245197057724,-0.941962718963623,0.0222117081284523,0.3976283669471741,0.9175465703010559,0.1301666647195816,0.8958843350410461,-0.9562880992889404,0.0564553365111351,0.3271445035934448,0,42,0,42,0.8327198028564453,2.2064767580023465,-0.22682354951890443,134.0,0.22895807642184673,20.4,1,running
recovery_pair02_negative,2,negative,3,278,0.6846504211425781,1.0,1.0,1.0,1.0,1.0,0.24325141310691833,0.2381897121667862,1.0,1.0,0.8696357011795044,-0.9451574683189392,0.02130233868956566,0.3485720455646515,0.9372819662094116,0.1133333370089531,0.8970772624015808,-0.956817090511322,0.054826345294713974,0.2848377227783203,0,42,0,42,0.8245804309844971,2.199534234559129,-0.22008119137360743,138.0,0.2198052313896142,17.2,1,running
recovery_pair02_negative,2,negative,3,279,0.7389451861381531,1.0,1.0,1.0,1.0,1.0,0.23559440672397614,0.2625789940357208,1.0,1.0,0.8958843350410461,-0.9562880992889404,0.020450754091143608,0.2957080602645874,0.9552783370018005,0.09555555880069733,0.8988857865333557,-0.9577218890190125,0.053300872445106506,0.24015730619430542,0,42,0,42,0.79519122838974,2.191822451797754,-0.21341957546365253,141.0,0.2100292523638172,14.97,1,running
recovery_pair02_negative,2,negative,3,280,0.7795863747596741,1.0,1.0,1.0,1.0,1.0,0.22719749808311462,0.2862618863582611,1.0,1.0,0.8970772624015808,-0.956817090511322,0.01954120397567749,0.25831323862075806,0.9660612344741821,0.08316666632890701,0.9000628590583801,-0.9583767652511597,0.09667468070983887,-0.28751304745674133,1,43,0,43,0.7679535150527954,2.180797363614804,-0.20465207496058158,141.0,0.19642075507347106,15.99,1,success
recovery_pair03_positive,3,positive,1,221,0.5248020887374878,0.6229605674743652,0.8897525072097778,1.0,1.0,1.0,1.0,0.2323831021785736,0.274615615606308,1.0,0.7535198926925659,-0.8949547410011292,0.03752218186855316,0.1872098743915558,0.9823199510574341,0.05994444340467453,0.7643572688102722,-0.8997964859008789,0.08388154208660126,0.1506568193435669,0,38,0,39,0.7734843492507935,2.1708151655839205,-0.23295169392800819,107.0,0.3870598469672665,9.19,1,running
recovery_pair03_positive,3,positive,1,222,0.5298248529434204,0.6364961266517639,0.937801718711853,1.0,1.0,1.0,1.0,0.22099553048610687,1.0,1.0,0.75617915391922,-0.8961161971092224,0.0360121913254261,0.1597089022397995,0.9871641397476196,0.051055554300546646,0.811337947845459,-0.9195851683616638,0.12174353748559952,-0.2758755683898926,1,39,0,40,0.7656154632568359,2.165213005291613,-0.21587786908548545,108.0,0.36927480890213826,8.58,1,running
recovery_pair03_positive,3,positive,1,223,0.533957302570343,0.6463126540184021,0.9640103578567505,1.0,1.0,1.0,1.0,0.21874727308750153,1.0,1.0,0.7643572688102722,-0.8997964859008789,0.0343574658036232,0.14919018745422363,0.9888085126876831,0.04766666516661644,0.8144974708557129,-0.9208985567092896,0.11893734335899353,-0.2762695848941803,1,39,0,40,0.7656154632568359,2.158171415884305,-0.19272476135795436,105.0,0.3454416573079071,12.25,1,running
recovery_pair03_positive,3,positive,1,224,0.528561532497406,0.6252039670944214,0.8898624181747437,1.0,1.0,1.0,1.0,0.22121112048625946,0.2361903339624405,1.0,0.811337947845459,-0.9195851683616638,0.03214002028107643,0.21217767894268036,0.9772310853004456,0.06805555522441864,0.7677176594734192,-0.9008144736289978,0.11262615770101547,-0.2702443599700928,1,39,0,40,0.7661498785018921,2.152604223729917,-0.1700507144054283,102.0,0.3227807387960963,16.21,1,running
recovery_pair03_positive,3,positive,1,225,0.5242732167243958,0.6047477126121521,0.8314955830574036,1.0,1.0,1.0,1.0,0.2333047091960907,0.21889996528625488,1.0,0.8144974708557129,-0.9208985567092896,0.030031641945242882,0.27915871143341064,0.9602449536323547,0.09005555510520935,0.7645001411437988,-0.8995388150215149,0.10868845880031586,-0.2698616683483124,1,39,0,40,0.7229072451591492,2.1484678763009577,-0.14813402539392226,99.0,0.30158740428409164,20.49,1,running
recovery_pair03_positive,3,positive,1,226,0.5202844738960266,0.589454174041748,0.7809372544288635,1.0,1.0,1.0,1.0,0.25213298201560974,0.2065449208021164,1.0,0.7677176594734192,-0.9008144736289978,0.02805979736149311,0.3500438928604126,0.9367333054542542,0.11383333057165146,0.7615448236465454,-0.8987891674041748,0.10500847548246384,-0.26963675022125244,1,39,0,40,0.7229072451591492,2.1455917314247905,-0.1268961819678289,96.0,0.2817976170682144,25.11,1,running
recovery_pair03_positive,3,positive,1,227,0.5172684788703918,0.5719706416130066,0.7405188679695129,1.0,1.0,1.0,1.0,1.0,0.20779931545257568,1.0,0.7645001411437988,-0.8995388150215149,0.026218554005026817,0.42435747385025024,0.905494749546051,0.13950000703334808,0.7639431357383728,-0.9107561111450195,0.10183009505271912,-0.27322685718536377,1,39,0,40,0.7272976040840149,2.143911745003145,-0.10606306085764482,93.0,0.2632576498649602,30.14,1,running
recovery_pair03_positive,3,positive,1,228,0.5161198377609253,0.5562521815299988,0.7045692205429077,1.0,1.0,1.0,1.0,1.0,0.20945417881011963,0.24149195849895477,0.7615448236465454,-0.8987891674041748,0.024493593722581863,0.5021145939826965,0.8648011088371277,0.16744443774223328,0.7952951192855835,-0.9177578091621399,0.10030770301818848,-0.2753273546695709,1,39,0,40,0.7232850193977356,2.143396629158716,-0.08542205695889143,90.0,0.24593173655762038,35.67,1,running
recovery_pair03_positive,3,positive,1,229,0.514139711856842,0.5523746609687805,0.6749787330627441,1.0,1.0,1.0,1.0,1.0,0.20665286481380463,0.21575583517551422,0.7639431357383728,-0.9107561111450195,0.022881578654050827,0.5831159353256226,0.8123889565467834,0.19816666841506958,0.8036794066429138,-0.9208555221557617,0.09783926606178284,-0.2762566804885864,1,39,0,40,0.7232850193977356,2.144015770013387,-0.06527537430013958,87.0,0.2302513058289645,41.72,1,running
recovery_pair03_positive,3,positive,1,230,0.5191360116004944,0.5433310866355896,0.6407358050346375,0.9388014674186707,1.0,1.0,1.0,1.0,0.22131741046905518,0.2080179750919342,0.7952951192855835,-0.9177578091621399,0.021422667428851128,0.6654909253120422,0.7464058995246887,0.23177777230739594,0.8072147965431213,-0.9221144318580627,0.09540262818336487,-0.2766343355178833,1,39,0,40,0.7113279700279236,2.1456570259386147,-0.04582535552100567,84.0,0.21651996286660563,48.28,1,running
recovery_pair03_positive,3,positive,1,231,0.5201594829559326,0.531663715839386,0.6191353797912598,0.8697370290756226,1.0,1.0,1.0,1.0,0.24952690303325653,0.20323656499385834,0.8036794066429138,-0.9208555221557617,0.020145099610090256,0.7464058995246887,0.6654909253120422,0.26822221279144287,0.8114619851112366,-0.9236277937889099,0.09332642704248428,-0.27708834409713745,1,39,0,40,0.7070590853691101,2.148301445770677,-0.02676487707684612,80.0,0.2047302204555935,56.42,1,running
recovery_pair03_positive,3,positive,1,232,0.5218923091888428,0.5282572507858276,0.6026504635810852,0.8113735318183899,1.0,1.0,1.0,1.0,1.0,0.20201687514781952,0.8072147965431213,-0.9221144318580627,0.019048169255256653,0.8331143856048584,0.5531007647514343,0.31344443559646606,0.8505651354789734,-0.9387428164482117,0.09331662952899933,-0.28162285685539246,1,39,0,40,0.7070590853691101,2.151970914335395,-0.007966280774455159,77.0,0.19509776200268578,64.16,1,success
recovery_pair03_positive,3,positive,2,227,0.49553728103637695,0.49038663506507874,0.5501990914344788,0.718615710735321,1.0,1.0,1.0,1.0,1.0,0.2400440275669098,0.8429986834526062,-0.9350765943527222,0.03766394779086113,0.8048937916755676,0.5934188961982727,0.29777777194976807,0.8294181823730469,-0.9307019114494324,0.08413548767566681,0.6000000238418579,0,38,0,37,0.8401541113853455,2.266095165605789,-0.1775482703443048,84.0,0.3950028332085693,48.35,1,running
recovery_pair03_positive,3,positive,2,228,0.48605963587760925,0.49872976541519165,0.5839560627937317,0.8318303823471069,1.0,1.0,1.0,1.0,0.2613127827644348,0.2575134336948395,0.8310485482215881,-0.9311230182647705,0.03675120696425438,0.7472184300422668,0.6645785570144653,0.2686111032962799,0.7971489429473877,-0.9181203246116638,0.08250047266483307,0.6000000238418579,0,38,0,37,0.8528770804405212,2.266866053107563,-0.16224445200283644,91.0,0.38436589751297406,42.97,1,running
recovery_pair03_positive,3,positive,2,229,0.482050359249115,0.5154189467430115,0.6386714577674866,1.0,1.0,1.0,1.0,1.0,0.24367916584014893,1.0,0.8294181823730469,-0.9307019114494324,0.03576153889298439,0.6816153526306152,0.73171067237854,0.23872222006320953,0.783126950263977,-0.9173121452331543,0.08072765171527863,0.5999743938446045,0,38,0,37,0.8528770804405212,2.265814373899685,-0.1472232662933527,98.0,0.3729506584405446,37.46,1,running
recovery_pair03_positive,3,positive,2,230,0.4857828915119171,0.5470530390739441,0.7098716497421265,1.0,1.0,1.0,1.0,1.0,0.2438500076532364,1.0,0.7971489429473877,-0.9181203246116638,0.0346994586288929,0.6082074046134949,0.793778121471405,0.20811110734939575,0.7822563052177429,-0.9176092743873596,0.07882510870695114,0.5230402946472168,0,38,0,37,0.8500010371208191,2.2630708577025405,-0.13264600917444355,104.0,0.3608695668843606,32.8,1,running
recovery_pair03_positive,3,positive,2,231,0.4970029890537262,0.5797160267829895,0.8226333856582642,1.0,1.0,1.0,1.0,0.26728108525276184,0.2428574413061142,1.0,0.783126950263977,-0.9173121452331543,0.03357543423771858,0.54170823097229,0.8405665755271912,0.18222221732139587,0.7898626327514648,-0.9115500450134277,0.07681159675121307,0.4579744040966034,0,38,0,37,0.8500010371208191,2.259016833233939,-0.11892618431726779,109.0,0.348597598403883,28.99,1,running
recovery_pair03_positive,3,positive,2,232,0.5117406249046326,0.6229904294013977,0.9459956288337708,1.0,1.0,1.0,1.0,0.2523573935031891,0.2615073025226593,1.0,0.7822563052177429,-0.9176092743873596,0.0324336402118206,0.48465695977211,0.8747043013572693,0.1610555499792099,0.8022469878196716,-0.9170941114425659,0.07476626336574554,0.40477675199508667,0,38,0,37,0.8277658224105835,2.253844709430297,-0.10573312391181222,114.0,0.3359847947710079,25.07,1,running
recovery_pair03_positive,3,positive,2,233,0.5290725231170654,0.6688995957374573,1.0,1.0,1.0,1.0,1.0,0.23650452494621277,1.0,1.0,0.7898626327514648,-0.9115500450134277,0.03126015141606331,0.4237252175807953,0.9057908058166504,0.13927777111530304,0.8425857424736023,-0.9335763454437256,0.07266413420438766,0.35004323720932007,0,38,0,37,0.8277658224105835,2.2477771995820777,-0.09321054941742536,118.0,0.3232434071655077,22.04,1,running
recovery_pair03_positive,3,positive,2,234,0.5528239607810974,0.7221802473068237,1.0,1.0,1.0,1.0,1.0,0.23904097080230713,1.0,1.0,0.8022469878196716,-0.9170941114425659,0.03007468767464161,0.3752537965774536,0.926922082901001,0.12244444340467453,0.8462575674057007,-0.9352051615715027,0.07054056972265244,0.30773645639419556,0,38,0,37,0.8094660639762878,2.2410136165856454,-0.08136528526243104,122.0,0.3104879465419957,18.92,1,running
recovery_pair03_positive,3,positive,2,235,0.5715500116348267,0.7750038504600525,1.0,1.0,1.0,1.0,1.0,0.2312760204076767,1.0,1.0,0.8425857424736023,-0.9335763454437256,0.028887905180454254,0.32424765825271606,0.945972204208374,0.10511111468076706,0.8500167727470398,-0.9366405010223389,0.06841465830802917,0.2641730308532715,0,38,0,37,0.8094660639762878,2.233718879150247,-0.07017940652211681,125.0,0.29780149744931494,16.7,1,running
recovery_pair03_positive,3,positive,2,236,0.5928877592086792,0.84201580286026,1.0,1.0,1.0,1.0,0.29108577966690063,0.23208118975162506,1.0,1.0,0.8462575674057007,-0.9352051615715027,0.02770755998790264,0.2873605191707611,0.9578225016593933,0.092777781188488,0.8754296898841858,-0.9475532174110413,0.06630025058984756,0.23317599296569824,0,38,0,37,0.7991012334823608,2.2261172827934437,-0.05972876011709968,127.0,0.2853804180401761,15.4,1,running
recovery_pair03_positive,3,positive,2,237,0.6134292483329773,0.9089816808700562,1.0,1.0,1.0,1.0,0.2634257674217224,0.22831463813781738,1.0,1.0,0.8500167727470398,-0.9366405010223389,0.026551904156804085,0.26555612683296204,0.964095413684845,0.0855555534362793,0.8811095952987671,-0.9499422311782837,0.10828554630279541,-0.28498268127441406,1,39,0,38,0.7912217378616333,2.215817873539638,-0.046396482169509076,127.0,0.2691200437963615,16.32,1,running
recovery_pair03_positive,3,positive,2,238,0.6116332411766052,0.903983473777771,1.0,1.0,1.0,1.0,0.2624408006668091,0.22606335580348969,1.0,1.0,0.8754296898841858,-0.9475532174110413,0.025039032101631165,0.2810017168521881,0.9597072601318359,0.09066666662693024,0.8820732831954956,-0.95026695728302,0.10562366992235184,-0.28508010506629944,1,39,0,38,0.768781304359436,2.2034733062386187,-0.02921879923974216,124.0,0.24904067297078236,20.79,1,running
recovery_pair03_positive,3,positive,2,239,0.5969957709312439,0.8372971415519714,1.0,1.0,1.0,1.0,1.0,0.21965180337429047,1.0,1.0,0.8811095952987671,-0.9499422311782837,0.02317083813250065,0.35494381189346313,0.9348876476287842,0.11550000309944153,0.8607589602470398,-0.9410629272460938,0.10121139138936996,-0.2823188900947571,1,39,0,38,0.7601751089096069,2.1922574491217306,-0.01166080132514859,121.0,0.22988813953043113,25.75,1,running
recovery_pair03_positive,3,positive,2,240,0.584505558013916,0.7878084778785706,1.0,1.0,1.0,1.0,1.0,0.2171928882598877,1.0,1.0,0.8820732831954956,-0.95026695728302,0.02138887345790863,0.43444526195526123,0.9006982445716858,0.14305555820465088,0.861541748046875,-0.9412986636161804,0.09805844724178314,-0.2823896110057831,1,39,0,38,0.7601751089096069,2.1823246234281615,0.006005317690757543,118.0,0.21210086762237654,31.27,1,running
recovery_pair03_positive,3,positive,2,241,0.5631250143051147,0.7395979762077332,1.0,1.0,1.0,1.0,1.0,0.21733985841274261,0.2375917285680771,1.0,0.8607589602470398,-0.9410629272460938,0.019733944907784462,0.519071638584137,0.8547307252883911,0.17372222244739532,0.8293112516403198,-0.928166389465332,0.0934823751449585,-0.2784499228000641,1,39,0,38,0.7502534985542297,2.1737511846969264,0.023495860964607426,114.0,0.19608398606361466,38.39,1,success
recovery_pair03_positive,3,positive,3,229,0.5315605401992798,0.5538219809532166,0.6676141619682312,0.971522867679596,1.0,1.0,1.0,1.0,0.2076237052679062,1.0,0.7316033244132996,-0.8844457268714905,0.03755650669336319,0.30303525924682617,0.952979326248169,0.09799999743700027,0.7356518507003784,-0.8995252251625061,0.12072563171386719,-0.26985758543014526,1,39,0,38,0.718993067741394,2.103626217800301,-0.2556193640360565,84.0,0.3842343081785058,21.65,1,running
recovery_pair03_positive,3,positive,3,230,0.5312140583992004,0.5446172952651978,0.6378675699234009,0.8983372449874878,1.0,1.0,1.0,1.0,0.20542658865451813,0.24341635406017303,0.7337663769721985,-0.8861573934555054,0.03574930503964424,0.36893579363822937,0.9294548630714417,0.1202777773141861,0.7611142992973328,-0.904020369052887,0.11876143515110016,-0.2712061107158661,1,39,0,38,0.718993067741394,2.1073289795269807,-0.22739452814290007,81.0,0.35822837057832024,26.43,1,running
recovery_pair03_positive,3,positive,3,231,0.5289540886878967,0.5428968667984009,0.6135630011558533,0.8347542881965637,1.0,1.0,1.0,1.0,0.21323344111442566,0.21564093232154846,0.7356518507003784,-0.8995252251625061,0.03332969546318054,0.44510412216186523,0.8954788446426392,0.14683333039283752,0.7631317973136902,-0.9048968553543091,0.11452798545360565,-0.2714690566062927,1,39,0,38,0.7219748497009277,2.111763164271169,-0.2043910050150582,77.0,0.33779328793920793,32.32,1,running
recovery_pair03_positive,3,positive,3,232,0.5395669341087341,0.5332831740379333,0.5986781120300293,0.7834247350692749,1.0,1.0,1.0,1.0,0.22450144588947296,0.20627853274345398,0.7611142992973328,-0.904020369052887,0.03142841160297394,0.5346473455429077,0.845075249671936,0.17955555021762848,0.7699358463287354,-0.907761812210083,0.11146233975887299,-0.27232855558395386,1,39,0,38,0.6925618648529053,2.117277867331608,-0.18226693362704466,74.0,0.3189858350818321,37.57,1,running
recovery_pair03_positive,3,positive,3,233,0.5476938486099243,0.5269430875778198,0.5793380737304688,0.7363284230232239,1.0,1.0,1.0,1.0,1.0,0.19787481427192688,0.7631317973136902,-0.9048968553543091,0.029678557068109512,0.6097302436828613,0.7926089763641357,0.20872221887111664,0.8149200677871704,-0.9257670044898987,0.11057697236537933,-0.2777301073074341,1,39,0,38,0.6925618648529053,2.123953055917841,-0.16060386291022377,71.0,0.30162735098863475,43.26,1,running
recovery_pair03_positive,3,positive,3,234,0.5550220012664795,0.5283601880073547,0.5611666440963745,0.6954163908958435,1.0,1.0,1.0,1.0,1.0,0.19895972311496735,0.7699358463287354,-0.907761812210083,0.028063520789146423,0.6853101253509521,0.7282513976097107,0.24033333361148834,0.8204168081283569,-0.9278660416603088,0.10795873403549194,-0.2783598303794861,1,39,0,38,0.6963590383529663,2.1303043003815696,-0.1432022532414937,69.0,0.2886632849189431,47.83,1,running
recovery_pair03_positive,3,positive,3,235,0.5635245442390442,0.52479487657547,0.5553092360496521,0.6663212776184082,0.9902453422546387,1.0,1.0,1.0,1.0,0.2021077573299408,0.8149200677871704,-0.9257670044898987,0.026857342571020126,0.7411562204360962,0.671332597732544,0.26572221517562866,0.827669084072113,-0.930424153804779,0.10616067051887512,-0.2791272699832916,1,39,0,38,0.7073771357536316,2.140342792296254,-0.11981492953915812,65.0,0.2730240828865369,55.93,1,running
recovery_pair03_positive,3,positive,3,236,0.5737389326095581,0.5215114951133728,0.5385109782218933,0.6380490660667419,0.907078742980957,1.0,1.0,1.0,1.0,0.21327152848243713,0.8204168081283569,-0.9278660416603088,0.025402257218956947,0.828353762626648,0.560205340385437,0.3107222318649292,0.8407586812973022,-0.9349580407142639,0.10420861840248108,-0.28048741817474365,1,39,0,38,0.7464503645896912,2.1481154177105393,-0.10418749760029694,62.0,0.2640242308573894,62.12,1,running
recovery_pair03_positive,3,positive,3,237,0.5868159532546997,0.519832968711853,0.5266715884208679,0.6076362729072571,0.8333790898323059,1.0,1.0,1.0,1.0,0.23472212255001068,0.827669084072113,-0.930424153804779,0.02456491068005562,0.8839288949966431,0.4676212966442108,0.34511110186576843,0.850057065486908,-0.9381206035614014,0.10317355394363403,-0.2814362049102783,1,39,0,38,0.8215274214744568,2.1603957694814624,-0.08274279564821786,58.0,0.25413220408600484,71.14,1,running
recovery_pair03_positive,3,positive,3,238,0.6058186888694763,0.5295107364654541,0.523063063621521,0.587048351764679,0.7770481705665588,1.0,1.0,1.0,1.0,1.0,0.8407586812973022,-0.9349580407142639,0.02364455908536911,0.9463112950325012,0.32325685024261475,0.3952222168445587,0.8454126119613647,-0.9388461112976074,0.04227063059806824,-0.28165385127067566,1,39,0,38,1.794586420059204,2.16794806869079,-0.07099004004698996,56.0,0.25013525180595675,76.18,1,running
recovery_pair03_positive,3,positive,3,239,0.6256089210510254,0.5313999056816101,0.5127390027046204,0.5710596442222595,0.7356905937194824,1.0,1.0,1.0,1.0,1.0,0.850057065486908,-0.9381206035614014,0.023272672668099403,0.9710509777069092,0.2388724386692047,0.42322221398353577,0.8537409901618958,-0.9413832426071167,0.04268705099821091,-0.282414972782135,1,39,0,38,1.7879942655563354,2.1723442267568944,-0.06486366667058957,53.0,0.24865617824930258,80.88,1,running
recovery_pair03_positive,3,positive,3,240,0.6464389562606812,0.5358920693397522,0.510855495929718,0.5554956793785095,0.6970667839050293,1.0,1.0,1.0,1.0,1.0,0.8454126119613647,-0.9388461112976074,0.02313506044447422,0.9873585104942322,0.1585027277469635,0.4493333399295807,0.861596941947937,-0.9438753724098206,0.0,0.6000000238418579,0,40,0,39,1.778522253036499,2.177798425581029,-0.05772302783958444,54.0,0.2474486609497333,81.93,1,running
recovery_pair03_positive,3,positive,3,241,0.6316095590591431,0.5308685302734375,0.5081492066383362,0.5595808625221252,0.7146517634391785,1.0,1.0,1.0,1.0,1.0,0.8537409901618958,-0.9413832426071167,0.023022720590233803,0.9900972843170166,0.14038284122943878,0.45516666769981384,0.860589861869812,-0.9433447122573853,0.0,0.6000000238418579,0,40,0,39,1.778522253036499,2.17783825008381,-0.05773833182195939,59.0,0.24748792038774234,76.94,1,running
recovery_pair03_positive,3,positive,3,242,0.5901066660881042,0.5163180232048035,0.5171058773994446,0.5899085402488708,0.7983735799789429,1.0,1.0,1.0,1.0,1.0,0.861596941947937,-0.9438753724098206,0.023026371374726295,0.9741339683532715,0.2259712815284729,0.4274444580078125,0.8496095538139343,-0.9397664070129395,0.0,0.6000000238418579,0,40,0,39,0.8038516640663147,2.177365181194919,-0.05874392279939785,67.0,0.24784955583284074,68.69,1,running
recovery_pair03_positive,3,positive,3,243,0.5566373467445374,0.5094708800315857,0.5320575833320618,0.6367584466934204,0.9438207745552063,1.0,1.0,1.0,1.0,0.229671910405159,0.860589861869812,-0.9433447122573853,0.023060007020831108,0.9316278100013733,0.36341384053230286,0.3816111087799072,0.854468047618866,-0.9394214153289795,0.0579749271273613,0.6000000238418579,0,40,0,39,0.7352972626686096,2.179340794855123,-0.05290182256634958,74.0,0.24524571624897976,62.99,1,running
recovery_pair03_positive,3,positive,3,244,0.5264855623245239,0.5099514722824097,0.5507060289382935,0.6998981237411499,1.0,1.0,1.0,1.0,1.0,0.210084930062294,0.8496095538139343,-0.9397664070129395,0.02281775325536728,0.890927255153656,0.45414599776268005,0.34994444251060486,0.8478038311004639,-0.9371905326843262,0.09993115067481995,-0.28115716576576233,1,41,0,40,0.7352972626686096,2.182195092482901,-0.04200435111978627,75.0,0.24010478127833482,64.36,1,running
recovery_pair03_positive,3,positive,3,245,0.5225591659545898,0.5117394924163818,0.5579310059547424,0.7170311808586121,1.0,1.0,1.0,1.0,1.0,0.2154143899679184,0.854468047618866,-0.9394214153289795,0.022339442744851112,0.9015306830406189,0.4327152371406555,0.3575555682182312,0.851118266582489,-0.9384046792984009,0.09924004226922989,-0.28152140974998474,1,41,0,40,0.7539503574371338,2.188954175390794,-0.020039997465944263,71.0,0.23188729809300726,73.57,1,running
recovery_pair03_positive,3,positive,3,246,0.5438288450241089,0.5083653330802917,0.5427222847938538,0.668123185634613,1.0,1.0,1.0,1.0,1.0,0.22617681324481964,0.8478038311004639,-0.9371905326843262,0.021574875339865685,0.9591659903526306,0.2828437089920044,0.4087222218513489,0.8597765564918518,-0.9412623643875122,0.04298882931470871,-0.2823787331581116,1,41,0,40,0.791618824005127,2.193300897898457,-0.008393006433230462,67.0,0.22899303818930913,80.58,1,running
recovery_pair03_positive,3,positive,3,247,0.5511060953140259,0.5048970580101013,0.5278025269508362,0.6328607201576233,0.9296211004257202,1.0,1.0,1.0,1.0,0.2521232068538666,0.851118266582489,-0.9384046792984009,0.021305600181221962,0.9865151047706604,0.16367033123970032,0.4476666748523712,0.8667091727256775,-0.9433149099349976,0.043335460126399994,-0.28299447894096375,1,41,0,40,0.8824312686920166,2.1976629273224377,0.0012525263456856404,64.0,0.22774518975661537,86.22,1,running
recovery_pair03_positive,3,positive,3,248,0.5586267113685608,0.4997546672821045,0.5228663086891174,0.6030812859535217,0.8513849377632141,1.0,1.0,1.0,1.0,1.0,0.8597765564918518,-0.9412623643875122,0.021189488470554352,0.9978245496749878,0.06592559814453125,0.4790000021457672,0.854924201965332,-0.9408827424049377,0.04274621233344078,-0.2822648286819458,1,41,0,40,1.7491413354873657,2.201870132796934,0.009219338342345534,60.0,0.2276175957962199,92.48,1,running
recovery_pair03_positive,3,positive,3,249,0.5810331106185913,0.512008547782898,0.5074621438980103,0.5836324095726013,0.7840701937675476,1.0,1.0,1.0,1.0,1.0,0.8667091727256775,-0.9433149099349976,0.021177630871534348,0.9990633726119995,-0.04327065125107765,0.5137777924537659,0.8644096851348877,-0.9436688423156738,0.043220486491918564,-0.2831006646156311,1,41,0,40,1.7761175632476807,2.2057450817181805,0.01571465628738469,58.0,0.22817838860503478,96.38,1,running
recovery_pair03_positive,3,positive,3,250,0.5999079346656799,0.5128811001777649,0.5079906582832336,0.5648058652877808,0.7423437237739563,1.0,1.0,1.0,1.0,1.0,0.854924201965332,-0.9408827424049377,0.02122979238629341,0.993806779384613,-0.11112203449010849,0.535444438457489,0.8695812225341797,-0.9452313780784607,0.0,0.6000000238418579,0,42,0,41,1.768007755279541,2.207790329742941,0.01882959190400664,62.0,0.22870550081137792,93.31,1,running
recovery_pair03_positive,3,positive,3,251,0.5711037516593933,0.5051450729370117,0.5145022869110107,0.5919609069824219,0.8080223798751831,1.0,1.0,1.0,1.0,1.0,0.8644096851348877,-0.9436688423156738,0.021278847008943558,0.9983317255973816,-0.05773827061057091,0.5183888673782349,0.8640240430831909,-0.9434911012649536,0.0,0.6000000238418579,0,42,0,41,0.9031605124473572,2.2074293785770136,0.018022135117804015,67.0,0.22871660524194162,88.08,1,running
recovery_pair03_positive,3,positive,3,252,0.53798508644104,0.49953770637512207,0.530117928981781,0.6351197361946106,0.9548627138137817,1.0,1.0,1.0,1.0,0.25804585218429565,0.8695812225341797,-0.9452313780784607,0.02127988077700138,0.9994385838508606,0.033504050225019455,0.4893333315849304,0.8726276159286499,-0.9449628591537476,0.0,0.6000000238418579,0,42,0,41,0.7776418924331665,2.207056652653562,0.016815892204263223,76.0,0.22889016268586118,78.77,1,running
recovery_pair03_positive,3,positive,3,253,0.5183271765708923,0.4995550215244293,0.5522971153259277,0.710222065448761,1.0,1.0,1.0,1.0,1.0,0.22218339145183563,0.8640240430831909,-0.9434911012649536,0.021296033635735512,0.9808533191680908,0.1947479546070099,0.43761110305786133,0.8667113184928894,-0.9433891773223877,0.04333556815981865,-0.28301677107810974,1,43,0,42,0.7574561834335327,2.207882980151125,0.020476103463003346,77.0,0.22810696666168534,78.69,1,running
recovery_pair03_positive,3,positive,3,254,0.5119072198867798,0.5066604018211365,0.556587278842926,0.7311165928840637,1.0,1.0,1.0,1.0,1.0,0.21641604602336884,0.8726276159286499,-0.9449628591537476,0.021223148331046104,0.9805804491043091,0.19611729681491852,0.43716666102409363,0.8684598803520203,-0.9440310001373291,0.043422993272542953,-0.28320932388305664,1,43,0,42,0.7574561834335327,2.2098190399917352,0.027887638021078222,74.0,0.2269460501494614,83.6,1,running
recovery_pair03_positive,3,positive,3,255,0.5223711133003235,0.4979586899280548,0.5422569513320923,0.6841105818748474,1.0,1.0,1.0,1.0,1.0,0.22715674340724945,0.8667113184928894,-0.9433891773223877,0.021115146577358246,0.9937679171562195,0.11146893352270126,0.46444445848464966,0.8696619272232056,-0.944145917892456,0.04348309710621834,-0.2832437753677368,1,43,0,42,0.7950485944747925,2.2131553453056134,0.03823831861593437,70.0,0.22634566929806468,90.34,1,running
recovery_pair03_positive,3,positive,3,256,0.5356369614601135,0.49996641278266907,0.5319106578826904,0.6571332812309265,1.0,1.0,1.0,1.0,1.0,0.2554134130477905,0.8684598803520203,-0.9440310001373291,0.021059276536107063,0.9999824166297913,-0.005934084765613079,0.5018888711929321,0.8747588992118835,-0.9457054734230042,0.04373794421553612,-0.28371164202690125,1,43,0,42,0.8939469456672668,2.215961340693237,0.04550173649910204,67.0,0.22667853594654078,95.31,1,running
recovery_pair03_positive,3,positive,3,257,0.541835367679596,0.49976596236228943,0.519551157951355,0.6285954713821411,0.9183967709541321,1.0,1.0,1.0,1.0,1.0,0.8696619272232056,-0.944145917892456,0.02109026350080967,0.9957085847854614,-0.09254436939954758,0.5295000076293945,0.8622008562088013,-0.9428037405014038,0.043110042810440063,-0.28284114599227905,1,43,0,42,1.7491809129714966,2.2204369838902,0.055380264026007694,64.0,0.2281953696811176,101.02,1,running
recovery_pair03_positive,3,positive,3,258,0.5562844276428223,0.500621497631073,0.5100473165512085,0.5992220640182495,0.8445466756820679,1.0,1.0,1.0,1.0,1.0,0.8747588992118835,-0.9457054734230042,0.021231386810541153,0.9815605282783508,-0.19115163385868073,0.5612221956253052,0.8683208227157593,-0.9443186521530151,0.043416041880846024,-0.283295601606369,1,43,0,42,1.752175211906433,2.2246756743289313,0.06340227392666871,61.0,0.23038581298649577,106.22,1,running
recovery_pair03_positive,3,positive,3,259,0.5691839456558228,0.507702648639679,0.5030717253684998,0.5806150436401367,0.7837806344032288,1.0,1.0,1.0,1.0,1.0,0.8622008562088013,-0.9428037405014038,0.021435178816318512,0.9601962566375732,-0.27932628989219666,0.5901111364364624,0.8738340735435486,-0.9457958340644836,0.0,0.6000000238418579,0,44,0,43,1.7607510089874268,2.228064062398668,0.06917702623090904,60.0,0.2325000881248762,108.79,1,running
recovery_pair03_positive,3,positive,3,260,0.5749669671058655,0.5037168264389038,0.5078158974647522,0.5724796056747437,0.7763112783432007,1.0,1.0,1.0,1.0,1.0,0.8683208227157593,-0.9443186521530151,0.021631892770528793,0.9467055201530457,-0.3221004605293274,0.6043888926506042,0.8759036064147949,-0.9463276267051697,0.0,0.6000000238418579,0,44,0,43,1.7394012212753296,2.230717501818109,0.07392960225777401,63.0,0.23423618540358015,107.06,1,running
recovery_pair03_positive,3,positive,3,261,0.5582625865936279,0.4969717860221863,0.5013881325721741,0.5852243304252625,0.820311963558197,1.0,1.0,1.0,1.0,1.0,0.8738340735435486,-0.9457958340644836,0.021793413907289505,0.9559980630874634,-0.2933729887008667,0.5947777628898621,0.8720585703849792,-0.945006787776947,0.0,0.6000000238418579,0,44,0,43,1.7314989566802979,2.2309926112558953,0.07443151576375252,67.0,0.23442111824717618,103.19,1,running
recovery_pair03_positive,3,positive,3,262,0.5341418981552124,0.49471399188041687,0.5194133520126343,0.6315366625785828,0.9463992118835449,1.0,1.0,1.0,1.0,1.0,0.8759036064147949,-0.9463276267051697,0.0218106210231781,0.973618745803833,-0.22818094491958618,0.5732777714729309,0.8674265742301941,-0.9439865946769714,0.0,0.6000000238418579,0,44,0,43,0.8509872555732727,2.2306459277349364,0.07329908006950206,75.0,0.23427542108139535,94.9,1,running
recovery_pair03_positive,3,positive,3,263,0.5077570080757141,0.4937656819820404,0.5511075258255005,0.7003749012947083,1.0,1.0,1.0,1.0,1.0,0.24313922226428986,0.8720585703849792,-0.945006787776947,0.021797068417072296,0.9963452816009521,-0.08541692048311234,0.527222216129303,0.8799920678138733,-0.9472622275352478,0.0,0.6000000238418579,0,44,0,43,0.777300238609314,2.2304724780603213,0.07229204431358383,82.0,0.23428346269941566,87.65,1,running
recovery_pair03_positive,3,positive,3,264,0.4976351261138916,0.5058620572090149,0.5796836018562317,0.7948639988899231,1.0,1.0,1.0,1.0,1.0,0.22208578884601593,0.8674265742301941,-0.9439865946769714,0.021797826513648033,0.9991589784622192,0.04100373759865761,0.48694443702697754,0.8812774419784546,-0.9484195113182068,0.04406387358903885,-0.28452587127685547,1,45,0,44,0.7743488550186157,2.2307433328740007,0.07483104075705138,84.0,0.23410766913456035,86.27,1,running
recovery_pair03_positive,3,positive,3,265,0.49743860960006714,0.5041519999504089,0.587607204914093,0.8206116557121277,1.0,1.0,1.0,1.0,1.0,0.2212425321340561,0.8799920678138733,-0.9472622275352478,0.021781468763947487,0.9978817105293274,0.06505480408668518,0.4792777895927429,0.8821098804473877,-0.9488486051559448,0.044105496257543564,-0.2846545875072479,1,45,0,44,0.7743488550186157,2.2323321821952646,0.0857080508756909,80.0,0.23409437170363878,92.97,1,running
recovery_pair03_positive,3,positive,3,266,0.4940468370914459,0.4997938573360443,0.5677617788314819,0.7644585967063904,1.0,1.0,1.0,1.0,1.0,0.22725804150104523,0.8812774419784546,-0.9484195113182068,0.021780231967568398,0.9986568093299866,-0.051813069730997086,0.5164999961853027,0.882900595664978,-0.9485366940498352,0.04414502903819084,-0.28456100821495056,1,45,0,44,0.7954031229019165,2.23389328180362,0.09330579834171292,77.0,0.23484054156740647,97.85,1,running
recovery_pair03_positive,3,positive,3,267,0.5030854344367981,0.5002265572547913,0.5496833324432373,0.7210745215415955,1.0,1.0,1.0,1.0,1.0,0.2412867248058319,0.8821098804473877,-0.9488486051559448,0.021849660202860832,0.9906290173530579,-0.13658010959625244,0.5436111092567444,0.8838329911231995,-0.9484986066818237,0.04419165104627609,-0.2845495939254761,1,45,0,44,0.8445035219192505,2.236120623268859,0.10195092373954733,74.0,0.23644738573035132,102.99,1,running
recovery_pair03_positive,3,positive,3,268,0.5087196230888367,0.49187055230140686,0.5367942452430725,0.6801395416259766,1.0,1.0,1.0,1.0,1.0,0.27106404304504395,0.882900595664978,-0.9485366940498352,0.021999159827828407,0.974409282207489,-0.22478099167346954,0.5721666812896729,0.8838967680931091,-0.9481012225151062,0.044194839894771576,-0.2844303846359253,1,45,0,44,0.9487241506576538,2.2394426911559946,0.11228881741781391,70.0,0.23945180006507386,109.5,1,running
recovery_pair03_positive,3,positive,3,269,0.5257142186164856,0.49117380380630493,0.5302008390426636,0.643313467502594,0.9904999136924744,1.0,1.0,1.0,1.0,1.0,0.8838329911231995,-0.9484986066818237,0.022278673946857452,0.9426414966583252,-0.3338068723678589,0.6083333492279053,0.8714320659637451,-0.944969654083252,0.043571602553129196,-0.2834908962249756,1,45,0,44,1.7186644077301025,2.242185082742949,0.11943242656136845,68.0,0.24223783256570205,113.2,1,running
recovery_pair03_positive,3,positive,3,270,0.5329136252403259,0.4910469651222229,0.5170884728431702,0.616493821144104,0.9062076210975647,1.0,1.0,1.0,1.0,1.0,0.8838967680931091,-0.9481012225151062,0.022537900134921074,0.919135332107544,-0.3939419090747833,0.6288889050483704,0.8742601871490479,-0.9454019069671631,0.04371301084756851,-0.28362059593200684,1,45,0,44,1.7186644077301025,2.2466282262757256,0.1293170881161733,64.0,0.24708030287382127,119.47,1,running
recovery_pair03_positive,3,positive,3,271,0.5465585589408875,0.4957236349582672,0.4996893107891083,0.5918390154838562,0.8316651582717896,1.0,1.0,1.0,1.0,1.0,0.8714320659637451,-0.944969654083252,0.022988446056842804,0.8706133961677551,-0.4919677674770355,0.6637222170829773,0.8785142302513123,-0.9462189078330994,0.0,0.6000000238418579,0,46,0,45,1.728837013244629,2.2484474266541827,0.1329255758955008,66.0,0.24913883354673438,118.27,1,running
recovery_pair03_positive,3,positive,3,272,0.5331665277481079,0.4939534366130829,0.5096549391746521,0.6134263873100281,0.8895653486251831,1.0,1.0,1.0,1.0,1.0,0.8742601871490479,-0.9454019069671631,0.02317996695637703,0.8807254433631897,-0.47362712025642395,0.6570555567741394,0.8770879507064819,-0.9459348917007446,0.0,0.6000000238418579,0,46,0,45,1.722926378250122,2.2480591435894666,0.13178795912805497,74.0,0.2486693910481837,110.01,1,running
recovery_pair03_positive,3,positive,3,273,0.5133806467056274,0.49226468801498413,0.532932460308075,0.673083484172821,1.0,1.0,1.0,1.0,1.0,1.0,0.8785142302513123,-0.9462189078330994,0.023136280477046967,0.9396328926086426,-0.3421841561794281,0.6111666560173035,0.8724607825279236,-0.94535231590271,0.0,0.6000000238418579,0,46,0,45,0.8205174803733826,2.2478494452240914,0.13073961434506454,81.0,0.2483889476760026,102.78,1,running
recovery_pair03_positive,3,positive,3,274,0.4895709455013275,0.494472473859787,0.565598726272583,0.7637813687324524,1.0,1.0,1.0,1.0,1.0,0.23443356156349182,0.8770879507064819,-0.9459348917007446,0.023110199719667435,0.975226640701294,-0.2212080955505371,0.5709999799728394,0.8892452716827393,-0.9502396583557129,0.0,0.6000000238418579,0,46,0,45,0.7904284596443176,2.247765999012709,0.129837882764585,86.0,0.24824789340114173,97.57,1,running
recovery_pair03_positive,3,positive,3,275,0.4842199683189392,0.5123003125190735,0.6149283051490784,0.8990920782089233,1.0,1.0,1.0,1.0,1.0,0.22583670914173126,0.8724607825279236,-0.94535231590271,0.023097075521945953,0.9912846684455872,-0.1317373663187027,0.5420555472373962,0.8961304426193237,-0.9536409378051758,0.04480652138590813,-0.28609228134155273,1,47,0,46,0.7841193675994873,2.2478473153331064,0.1337589242229812,88.0,0.2486039720685982,96.47,1,running
recovery_pair03_positive,3,positive,3,276,0.48968711495399475,0.5178338885307312,0.6106008291244507,0.9169363975524902,1.0,1.0,1.0,1.0,1.0,0.22403410077095032,0.8892452716827393,-0.9502396583557129,0.023130204528570175,0.9936310052871704,-0.11268296837806702,0.5359444618225098,0.8970867395401001,-0.9540969133377075,0.044854339212179184,-0.28622907400131226,1,47,0,46,0.7841193675994873,2.2483052820649294,0.14153357333039265,85.0,0.24978584922276245,101.24,1,running
recovery_pair03_positive,3,positive,3,277,0.48574405908584595,0.5022119879722595,0.5967240929603577,0.8372318148612976,1.0,1.0,1.0,1.0,1.0,0.23383216559886932,0.8961304426193237,-0.9536409378051758,0.023240169510245323,0.9808193445205688,-0.1949191391468048,0.5624444484710693,0.8943725824356079,-0.9525335431098938,0.044718630611896515,-0.2857600748538971,1,47,0,46,0.8184126019477844,2.2495847137576828,0.15249767835882538,81.0,0.25247907721460394,107.68,1,running
recovery_pair03_positive,3,positive,3,278,0.4912393093109131,0.4989919066429138,0.5696212649345398,0.782828152179718,1.0,1.0,1.0,1.0,1.0,0.23491522669792175,0.8970867395401001,-0.9540969133377075,0.023490743711590767,0.952767550945282,-0.3037005066871643,0.5982221961021423,0.8944423794746399,-0.951920211315155,0.044722121208906174,-0.28557607531547546,1,47,0,46,0.8222032785415649,2.251274644631143,0.1618201405580399,78.0,0.25571421548950674,112.69,1,running
recovery_pair03_positive,3,positive,3,279,0.5005195736885071,0.490979939699173,0.5531428456306458,0.7271882891654968,1.0,1.0,1.0,1.0,1.0,0.26575690507888794,0.8943725824356079,-0.9525335431098938,0.023791737854480743,0.9226054549217224,-0.38574501872062683,0.6260555386543274,0.89312744140625,-0.9509783983230591,0.04465637356042862,-0.2852935194969177,1,47,0,46,0.9301491975784302,2.253092245886909,0.16947773758251938,75.0,0.2590207160828333,117.28,1,running
recovery_pair03_positive,3,positive,3,280,0.5026501417160034,0.48782750964164734,0.5313825607299805,0.6831451654434204,1.0,1.0,1.0,1.0,1.0,1.0,0.8944423794746399,-0.951920211315155,0.024099385365843773,0.8887772560119629,-0.4583393335342407,0.6515555381774902,0.8765830993652344,-0.9461033940315247,0.04382915422320366,-0.28383103013038635,1,47,0,46,1.7073962688446045,2.256208618785932,0.17987371412345318,71.0,0.2644477691133032,123.34,1,running
recovery_pair03_positive,3,positive,3,281,0.5127461552619934,0.48838871717453003,0.5258330702781677,0.6476960778236389,1.0,1.0,1.0,1.0,1.0,1.0,0.89312744140625,-0.9509783983230591,0.024604320526123047,0.8354238867759705,-0.549606204032898,0.6852222084999084,0.878010630607605,-0.9460197687149048,0.04390053078532219,-0.2838059365749359,1,47,0,46,1.6859275102615356,2.2592447622863148,0.18816674644948375,68.0,0.2695416728291384,127.89,1,running
recovery_pair03_positive,3,positive,3,282,0.5255929231643677,0.4816935658454895,0.5175485610961914,0.6189802289009094,0.9245107769966125,1.0,1.0,1.0,1.0,1.0,0.8765830993652344,-0.9461033940315247,0.025078248232603073,0.7891913056373596,-0.6141474843025208,0.7105000019073486,0.8800223469734192,-0.946178138256073,0.0,0.6000000238418579,0,48,0,47,1.6859275102615356,2.261718957959269,0.1942458299694551,69.0,0.2736343873590272,127.97,1,running
recovery_pair03_positive,3,positive,3,283,0.5227357149124146,0.4844929873943329,0.5158513188362122,0.6259724497795105,0.9493708610534668,1.0,1.0,1.0,1.0,1.0,0.878010630607605,-0.9460197687149048,0.0254590455442667,0.788332998752594,-0.6152487993240356,0.7109444737434387,0.8797200918197632,-0.9461060166358948,0.0,0.6000000238418579,0,48,0,47,1.6955581903457642,2.261853669150226,0.19456901394481926,75.0,0.2738576963940852,122.03,1,running
recovery_pair03_positive,3,positive,3,284,0.5006016492843628,0.484445184469223,0.5353439450263977,0.6863456964492798,1.0,1.0,1.0,1.0,1.0,1.0,0.8800223469734192,-0.946178138256073,0.025479821488261223,0.8477705121040344,-0.5303632020950317,0.6779444217681885,0.8787871599197388,-0.9465361833572388,0.0,0.6000000238418579,0,48,0,47,0.9093868732452393,2.261927736029537,0.19481660524083816,80.0,0.27400110130735206,117.07,1,running
recovery_pair03_positive,3,positive,3,285,0.4869038760662079,0.4902786910533905,0.5590680241584778,0.7731044888496399,1.0,1.0,1.0,1.0,1.0,0.25982481241226196,0.8797200918197632,-0.9461060166358948,0.02549317292869091,0.890451192855835,-0.45507872104644775,0.6503888964653015,0.8968082070350647,-0.9521226286888123,0.0,0.6000000238418579,0,48,0,47,0.8155173063278198,2.2618652796096397,0.19382105873235433,88.0,0.2736507234926124,108.88,1,running
recovery_pair03_positive,3,positive,3,286,0.48299741744995117,0.5087512135505676,0.6133535504341125,0.9126731157302856,1.0,1.0,1.0,1.0,1.0,0.23300494253635406,0.8787871599197388,-0.9465361833572388,0.02546057105064392,0.9461983442306519,-0.3235871493816376,0.604888916015625,0.9033588171005249,-0.955700695514679,0.0,0.6000000238418579,0,48,0,47,0.8155173063278198,2.2619190699777736,0.19287386124747946,95.0,0.2734287705232267,101.68,1,running
recovery_pair03_positive,3,positive,3,287,0.48897886276245117,0.528752863407135,0.6797302961349487,1.0,1.0,1.0,1.0,1.0,1.0,0.23595261573791504,0.8968082070350647,-0.9521226286888123,0.02543991059064865,0.9792935252189636,-0.20244546234607697,0.5648888945579529,0.9078444242477417,-0.9582986235618591,0.0,0.6000000238418579,0,48,0,47,0.8258341550827026,2.262088346922273,0.19192869822794992,102.0,0.27332124755667664,94.48,1,running
recovery_pair03_positive,3,positive,3,288,0.49124959111213684,0.5670113563537598,0.778910756111145,1.0,1.0,1.0,1.0,1.0,0.25538402795791626,0.2461577206850052,0.9033588171005249,-0.955700695514679,0.02542990632355213,0.9969446659088135,-0.07811110466718674,0.5248888731002808,0.8901045918464661,-0.9518147706985474,0.0,0.6000000238418579,0,48,0,47,0.8219072818756104,2.26238186384191,0.1909612934378219,109.0,0.27333008275236065,87.27,1,running
recovery_pair03_positive,3,positive,3,289,0.5074157118797302,0.6107975840568542,0.9194145202636719,1.0,1.0,1.0,1.0,1.0,0.23483064770698547,0.2831830382347107,0.9078444242477417,-0.9582986235618591,0.025430724024772644,0.9988650679588318,0.0476294606924057,0.48483332991600037,0.8937450647354126,-0.9544007182121277,0.0,0.6000000238418579,0,48,0,47,0.8219072818756104,2.2627881561717755,0.18999430292313335,114.0,0.27345114732894893,82.05,1,running
recovery_pair03_positive,3,positive,3,290,0.524776041507721,0.6796769499778748,1.0,1.0,1.0,1.0,1.0,1.0,0.23645195364952087,1.0,0.8901045918464661,-0.9518147706985474,0.025441987439990044,0.9903891682624817,0.13830888271331787,0.4558333456516266,0.8847527503967285,-0.9540241956710815,0.0,0.6000000238418579,0,48,0,47,0.8275818228721619,2.263664556342103,0.1883751103247663,122.0,0.27385152614268155,73.68,1,running
recovery_pair03_positive,3,positive,3,291,0.5596308708190918,0.7727215886116028,1.0,1.0,1.0,1.0,1.0,0.25779488682746887,0.24504093825817108,1.0,0.8937450647354126,-0.9544007182121277,0.025479240342974663,0.9597072601318359,0.2810017168521881,0.40933331847190857,0.8877153992652893,-0.9510884284973145,0.0,0.6000000238418579,0,48,0,47,0.853158175945282,2.2643694805428307,0.18742926684810438,129.0,0.27427686098535914,66.45,1,running
recovery_pair03_positive,3,positive,3,292,0.6096238493919373,0.9138743281364441,1.0,1.0,1.0,1.0,1.0,0.24375948309898376,0.29068347811698914,1.0,0.8847527503967285,-0.9540241956710815,0.02551882155239582,0.9167117476463318,0.3995492160320282,0.36916667222976685,0.89457106590271,-0.9545718431472778,0.06237947568297386,0.6000000238418579,0,48,0,47,0.8294914960861206,2.261658461065858,0.19037419051947851,134.0,0.27247139548029314,62.2,1,running
recovery_pair03_positive,3,positive,3,293,0.6656910181045532,1.0,1.0,1.0,1.0,1.0,1.0,0.2369975745677948,1.0,1.0,0.8877153992652893,-0.9510884284973145,0.02535083517432213,0.8845809698104858,0.4663866460323334,0.34555554389953613,0.9162304401397705,-0.9636214375495911,0.06192745268344879,0.6000000238418579,0,48,0,47,0.8294914960861206,2.2518711905745947,0.19919783763222357,142.0,0.26576982916931624,56.61,1,running
recovery_pair03_positive,3,positive,3,294,0.7732290029525757,1.0,1.0,1.0,1.0,1.0,0.2645682990550995,0.2437516748905182,1.0,1.0,0.89457106590271,-0.9545718431472778,0.024727314710617065,0.834943950176239,0.5503350496292114,0.31450000405311584,0.9289728999137878,-0.9694270491600037,0.060961637645959854,0.6000000238418579,0,48,0,47,0.8191757202148438,2.244309917993789,0.20451537752779778,148.0,0.2604077375266566,52.25,1,running
recovery_pair03_positive,3,positive,3,295,0.933134138584137,1.0,1.0,1.0,1.0,1.0,0.2340501993894577,0.2675537168979645,1.0,1.0,0.9162304401397705,-0.9636214375495911,0.024228429421782494,0.7906895875930786,0.6122173070907593,0.29027777910232544,0.9341493248939514,-0.9719367027282715,0.060067955404520035,0.6000000238418579,0,48,0,47,0.8121302723884583,2.233109718755531,0.2105214670289775,156.0,0.25215832577979985,46.41,1,running
recovery_pair03_positive,3,positive,3,296,1.0,1.0,1.0,1.0,1.0,1.0,0.23203721642494202,1.0,1.0,1.0,0.9289728999137878,-0.9694270491600037,0.023460902273654938,0.7242922186851501,0.6894931197166443,0.257833331823349,0.9330663084983826,-0.9744359850883484,0.0586930550634861,0.6000000238418579,0,48,0,47,0.8121302723884583,2.223291919557866,0.21425314631736148,163.0,0.2446108023924398,41.1,1,running
recovery_pair03_positive,3,positive,3,297,1.0,1.0,1.0,1.0,1.0,0.2546296715736389,0.23624835908412933,1.0,1.0,1.0,0.9341493248939514,-0.9719367027282715,0.02275867387652397,0.6573752164840698,0.753563404083252,0.22833333909511566,0.945669949054718,-0.9774066805839539,0.057435132563114166,0.5738642811775208,0,48,0,47,0.8268692493438721,2.2149149619486206,0.21644394280686108,168.0,0.23792019377115578,37.4,1,running
recovery_pair03_positive,3,positive,3,298,1.0,1.0,1.0,1.0,1.0,0.2364477962255478,0.2558716833591461,1.0,1.0,1.0,0.9330663084983826,-0.9744359850883484,0.022136187180876732,0.6073758602142334,0.7944146394729614,0.20777778327465057,0.944161593914032,-0.9768089056015015,0.056320033967494965,0.5222024917602539,0,48,0,47,0.7919027209281921,2.2029359719367223,0.21817700779332677,175.0,0.2279415842577283,32.09,1,running
recovery_pair03_positive,3,positive,3,299,1.0,1.0,1.0,1.0,1.0,0.22625792026519775,1.0,1.0,1.0,1.0,0.945669949054718,-0.9774066805839539,0.021207764744758606,0.5312507152557373,0.8472146391868591,0.17827777564525604,0.93293297290802,-0.972372829914093,0.1013035774230957,-0.29171186685562134,1,49,0,48,0.760603129863739,2.1904948223712655,0.21885971659001663,177.0,0.2172667263312811,31.74,1,running
recovery_pair03_positive,3,positive,3,300,1.0,1.0,1.0,1.0,1.0,0.2173151820898056,1.0,1.0,1.0,1.0,0.944161593914032,-0.9768089056015015,0.020214572548866272,0.5260655283927917,0.8504440784454346,0.17633333802223206,0.9328862428665161,-0.972326397895813,0.09952209889888763,-0.2916979193687439,1,49,0,48,0.7484013438224792,2.1665047385189875,0.2211263598334049,173.0,0.19778565894311395,39.66,1,success
recovery_pair03_negative,3,negative,1,240,0.501517653465271,0.5515052080154419,0.7212005853652954,1.0,1.0,1.0,1.0,0.26884934306144714,0.24262554943561554,1.0,0.7491844892501831,-0.9050285816192627,0.03775498643517494,0.43491679430007935,0.9004706144332886,0.14322222769260406,0.7614333629608154,-0.8990670442581177,0.08429857343435287,0.3599567115306854,0,42,0,42,0.8491894006729126,2.211393925207407,-0.44316970807316414,100.0,0.39088587704036115,22.74,1,running
recovery_pair03_negative,3,negative,1,241,0.5033928155899048,0.5754136443138123,0.7835127711296082,1.0,1.0,1.0,1.0,0.24608299136161804,0.24850700795650482,1.0,0.7596036195755005,-0.9088917970657349,0.03636816143989563,0.38655000925064087,0.9222684502601624,0.1263333261013031,0.7660992741584778,-0.9008460640907288,0.08181431144475937,0.31751030683517456,0,42,0,42,0.83167964220047,2.2080703885163353,-0.4276805713124613,104.0,0.37610126210250705,19.59,1,running
recovery_pair03_negative,3,negative,1,242,0.5088366270065308,0.5987598299980164,0.8521373867988586,1.0,1.0,1.0,1.0,0.23762275278568268,0.27180567383766174,1.0,0.7614333629608154,-0.8990670442581177,0.03499259427189827,0.3352871537208557,0.9421159625053406,0.10883333534002304,0.7712720632553101,-0.9031499624252319,0.07935021072626114,0.27352800965309143,0,42,0,42,0.8251535892486572,2.203182462863384,-0.4103269185064682,108.0,0.35898360211181923,16.47,1,running
recovery_pair03_negative,3,negative,1,243,0.5254331827163696,0.6270551681518555,0.922938346862793,1.0,1.0,1.0,1.0,0.23575817048549652,1.0,1.0,0.7660992741584778,-0.9008460640907288,0.03339996561408043,0.28351327776908875,0.9589683413505554,0.09149999916553497,0.8194106221199036,-0.9234853982925415,0.07649726420640945,0.22996458411216736,0,42,0,42,0.7987537384033203,2.199153206087643,-0.39840850854523413,110.0,0.3468943155323419,15.04,1,running
recovery_pair03_negative,3,negative,1,244,0.5294080972671509,0.6531663537025452,1.0,1.0,1.0,1.0,1.0,0.22821535170078278,1.0,1.0,0.7712720632553101,-0.9031499624252319,0.03227517381310463,0.25949332118034363,0.9657449126243591,0.08355555683374405,0.8266317248344421,-0.9265403151512146,0.1158139705657959,-0.2779621183872223,1,43,0,43,0.7766883969306946,2.1936114194799186,-0.3839503134187081,112.0,0.33189596809283956,13.69,1,running
recovery_pair03_negative,3,negative,1,245,0.5389661192893982,0.6694310903549194,1.0,1.0,1.0,1.0,1.0,0.2219109684228897,1.0,1.0,0.8194106221199036,-0.9234853982925415,0.03087972104549408,0.23666857182979584,0.9715904593467712,0.07605555653572083,0.8292666673660278,-0.9274071455001831,0.11344599723815918,-0.27822214365005493,1,43,0,43,0.7766883969306946,2.1859650478871218,-0.3647714515826426,111.0,0.3118977021488831,15.6,1,running
recovery_pair03_negative,3,negative,1,246,0.5341488718986511,0.6579752564430237,1.0,1.0,1.0,1.0,1.0,0.2272297590970993,1.0,1.0,0.8266317248344421,-0.9265403151512146,0.029019078239798546,0.26891982555389404,0.9631625413894653,0.08666666597127914,0.8303562998771667,-0.9279272556304932,0.11016743630170822,-0.2783781886100769,1,43,0,43,0.7714157104492188,2.1786226296284283,-0.3434658178938552,107.0,0.29049534217993234,20.94,1,running
recovery_pair03_negative,3,negative,1,247,0.5277501940727234,0.630350649356842,0.9298182129859924,1.0,1.0,1.0,1.0,0.2204044908285141,0.24134521186351776,1.0,0.8292666673660278,-0.9274071455001831,0.0270277988165617,0.3573901057243347,0.933955192565918,0.11633333563804626,0.7888040542602539,-0.9104586243629456,0.10452276468276978,-0.2731375992298126,1,43,0,43,0.7658366560935974,2.172765267587254,-0.32264536018554385,104.0,0.27059818553520576,25.68,1,running
recovery_pair03_negative,3,negative,1,248,0.517595112323761,0.607345461845398,0.8525439500808716,1.0,1.0,1.0,1.0,0.23670311272144318,0.21881046891212463,1.0,0.8303562998771667,-0.9279272556304932,0.025176553055644035,0.4333445131778717,0.9012283682823181,0.14266666769981384,0.7845245003700256,-0.9086163640022278,0.1009925901889801,-0.2725849151611328,1,43,0,43,0.7658366560935974,2.1682955783676525,-0.3026322177014521,101.0,0.25251391141100693,30.8,1,running
recovery_pair03_negative,3,negative,1,249,0.5146104097366333,0.5930394530296326,0.8014969825744629,1.0,1.0,1.0,1.0,0.262403666973114,0.21963432431221008,1.0,0.7888040542602539,-0.9104586243629456,0.023493990302085876,0.5120428800582886,0.8589599132537842,0.1711111068725586,0.7854233384132385,-0.9094430208206177,0.09802348911762238,-0.2728329300880432,1,43,0,43,0.7137672901153564,2.1644958818973574,-0.2795144101975819,97.0,0.23308608922736218,37.89,1,running
recovery_pair03_negative,3,negative,1,250,0.5106622576713562,0.5789235234260559,0.7592624425888062,1.0,1.0,1.0,1.0,1.0,0.2039335072040558,1.0,0.7845245003700256,-0.9086163640022278,0.02168641798198223,0.6141474843025208,0.7891913056373596,0.21050000190734863,0.7913074493408203,-0.9212241768836975,0.09507972002029419,-0.27636727690696716,1,43,0,43,0.7137672901153564,2.162713543933619,-0.26319281764001073,95.0,0.22050334198812763,42.55,1,running
recovery_pair03_negative,3,negative,1,251,0.5130739808082581,0.5585967898368835,0.710202157497406,1.0,1.0,1.0,1.0,1.0,0.208043172955513,0.2477283924818039,0.7854233384132385,-0.9094430208206177,0.02051571011543274,0.6762333512306213,0.7366874814033508,0.2363888919353485,0.8182148337364197,-0.9268200397491455,0.09432797133922577,-0.27804601192474365,1,43,0,43,0.7281510829925537,2.161585746032103,-0.2437194150238772,92.0,0.20697658892818327,49.32,1,running
recovery_pair03_negative,3,negative,1,252,0.5132690072059631,0.549265444278717,0.6812610626220703,1.0,1.0,1.0,1.0,1.0,0.21331752836704254,0.22119995951652527,0.7913074493408203,-0.9212241768836975,0.019257182255387306,0.7583619356155396,0.651833713054657,0.27399998903274536,0.8281798958778381,-0.9302670359611511,0.09257176518440247,-0.2790801227092743,1,43,0,43,0.7459388375282288,2.161635022795803,-0.22159157138112504,88.0,0.19396071159235764,58.44,1,success
recovery_pair03_negative,3,negative,2,245,0.5185782313346863,0.6021347045898438,0.8493914008140564,1.0,1.0,1.0,1.0,0.23604974150657654,1.0,1.0,0.7528722286224365,-0.8950644135475159,0.03801348805427551,0.2554457485675812,0.966823399066925,0.08222222328186035,0.8069114685058594,-0.9179823994636536,0.08476162701845169,0.20664697885513306,0,40,0,40,0.8149321675300598,2.1932100795415037,-0.4590173799211454,106.0,0.39510358867268836,13.28,1,running
recovery_pair03_negative,3,negative,2,246,0.5219911932945251,0.6268829107284546,0.9053866267204285,1.0,1.0,1.0,1.0,0.2328377664089203,1.0,1.0,0.7583485245704651,-0.8973699808120728,0.03676058351993561,0.22971001267433167,0.9732590913772583,0.07377777993679047,0.812686562538147,-0.9204587936401367,0.08251726627349854,0.18542377650737762,0,40,0,40,0.8020038604736328,2.1875437756016103,-0.44099534623049924,109.0,0.3766323751406009,10.86,1,running
recovery_pair03_negative,3,negative,2,247,0.520585834980011,0.6412916779518127,0.9659601449966431,1.0,1.0,1.0,1.0,0.22914396226406097,1.0,1.0,0.8069114685058594,-0.9179823994636536,0.035042017698287964,0.18840986490249634,0.9820904731750488,0.060333333909511566,0.8173999786376953,-0.9222072958946228,0.07943873107433319,0.15163420140743256,0,40,0,40,0.7572922110557556,2.1831402890931675,-0.4285541029950725,110.0,0.3636583036383119,10.24,1,running
recovery_pair03_negative,3,negative,2,248,0.5357608199119568,0.6624251008033752,1.0,1.0,1.0,1.0,1.0,0.21636919677257538,1.0,1.0,0.812686562538147,-0.9204587936401367,0.033834900707006454,0.17777179181575775,0.9840717315673828,0.0568888895213604,0.8234134912490845,-0.9247021079063416,0.11844706535339355,-0.2774106562137604,1,41,0,41,0.7572922110557556,2.1759286703152636,-0.4089811506228347,109.0,0.34313592467777826,11.84,1,running
recovery_pair03_negative,3,negative,2,249,0.532832145690918,0.6419979333877563,0.9740868806838989,1.0,1.0,1.0,1.0,0.22525227069854736,1.0,1.0,0.8173999786376953,-0.9222072958946228,0.03192548453807831,0.2051793783903122,0.9787243604660034,0.06577777862548828,0.821222722530365,-0.923833966255188,0.11491712927818298,-0.2771502137184143,1,41,0,41,0.7747771739959717,2.167705337015968,-0.38267965985045926,106.0,0.3164035065489271,16.01,1,running
recovery_pair03_negative,3,negative,2,250,0.5259978771209717,0.6268630623817444,0.8937932252883911,1.0,1.0,1.0,1.0,0.22136490046977997,0.2474224865436554,1.0,0.8234134912490845,-0.9247021079063416,0.02943829819560051,0.27580511569976807,0.9612135887145996,0.0889444425702095,0.7759540677070618,-0.9045866131782532,0.10819828510284424,-0.27137598395347595,1,41,0,41,0.7747771739959717,2.163113613551651,-0.36461235553472454,103.0,0.29870316436504013,20.1,1,running
recovery_pair03_negative,3,negative,2,251,0.5211337208747864,0.6024130582809448,0.8353184461593628,1.0,1.0,1.0,1.0,0.2330239713191986,0.22352269291877747,1.0,0.821222722530365,-0.923833966255188,0.027791449800133705,0.3436596989631653,0.9390942454338074,0.11166666448116302,0.7720682621002197,-0.9029878973960876,0.10505394637584686,-0.27089637517929077,1,41,0,41,0.7504293322563171,2.158258895770359,-0.33993657466312927,99.0,0.2755409519730574,26.05,1,running
recovery_pair03_negative,3,negative,2,252,0.5201548933982849,0.59136563539505,0.7881932258605957,1.0,1.0,1.0,1.0,0.2531470060348511,0.21440838277339935,1.0,0.7759540677070618,-0.9045866131782532,0.02563643269240856,0.43915534019470215,0.8984111547470093,0.14472222328186035,0.7745071053504944,-0.9046013355255127,0.10131551325321198,-0.2713804244995117,1,41,0,41,0.7293646335601807,2.15582438132125,-0.3225769134082835,97.0,0.26005436410326854,29.81,1,running
recovery_pair03_negative,3,negative,2,253,0.513680100440979,0.5731021165847778,0.7374753355979919,1.0,1.0,1.0,1.0,1.0,0.20838989317417145,1.0,0.7720682621002197,-0.9029878973960876,0.024195553734898567,0.49712541699409485,0.867678701877594,0.1656111180782318,0.7729704976081848,-0.9142612814903259,0.09865759313106537,-0.2742784023284912,1,41,0,41,0.7288284301757812,2.154010546867887,-0.3025773814896353,94.0,0.2431840433708325,35.29,1,running
recovery_pair03_negative,3,negative,2,254,0.5145655870437622,0.5575169324874878,0.7060879468917847,1.0,1.0,1.0,1.0,1.0,0.2082366943359375,0.26950961351394653,0.7745071053504944,-0.9046013355255127,0.022625932469964027,0.5777151584625244,0.8162384033203125,0.1960555613040924,0.8043012619018555,-0.9215554594993591,0.09741240739822388,-0.27646663784980774,1,41,0,41,0.7288284301757812,2.153220259445686,-0.27930150525888287,90.0,0.225114206784336,42.89,1,running
recovery_pair03_negative,3,negative,2,255,0.5114061832427979,0.5446694493293762,0.6724608540534973,1.0,1.0,1.0,1.0,1.0,0.2110954225063324,0.22822117805480957,0.7729704976081848,-0.9142612814903259,0.02094470150768757,0.6805930137634277,0.7326617240905762,0.23827777802944183,0.8151596784591675,-0.9253787994384766,0.09494368731975555,-0.27761363983154297,1,41,0,41,0.7388339638710022,2.153548730730648,-0.2629135024203948,87.0,0.21363563456563472,48.95,1,running
recovery_pair03_negative,3,negative,2,256,0.5151147842407227,0.5393282175064087,0.6476864218711853,0.9450058341026306,1.0,1.0,1.0,1.0,0.2198772430419922,0.21329668164253235,0.8043012619018555,-0.9215554594993591,0.019876737147569656,0.7541368007659912,0.6567173600196838,0.27194443345069885,0.8201138377189636,-0.9270148873329163,0.09327830374240875,-0.2781044840812683,1,41,0,41,0.7114823460578918,2.1552614301812976,-0.24059716176087212,84.0,0.2000938234871021,56.89,1,running
recovery_pair03_negative,3,negative,2,257,0.5178124308586121,0.5292649269104004,0.6161279082298279,0.8774670362472534,1.0,1.0,1.0,1.0,0.24346567690372467,0.20328067243099213,0.8151596784591675,-0.9253787994384766,0.018616808578372,0.8376234173774719,0.5462481379508972,0.316055566072464,0.8260549306869507,-0.9289007782936096,0.09131838381290436,-0.2786702513694763,1,41,0,41,0.7073232531547546,2.1573434177173434,-0.22507296801781365,81.0,0.1923810238339536,63.87,1,success
recovery_pair03_negative,3,negative,3,247,0.4992493689060211,0.5460231900215149,0.7034574747085571,1.0,1.0,1.0,1.0,0.2692282795906067,0.23844313621520996,1.0,0.7463001012802124,-0.9039163589477539,0.037221383303403854,0.43240052461624146,0.901681661605835,0.14233332872390747,0.7575381994247437,-0.8972780108451843,0.08334271609783173,0.357722669839859,0,44,0,44,0.8345509767532349,2.2019153795697237,-0.4426218676165322,99.0,0.38537546165037345,22.6,1,running
recovery_pair03_negative,3,negative,3,248,0.5050578117370605,0.5669370889663696,0.7625284790992737,1.0,1.0,1.0,1.0,0.2510380446910858,0.2414828985929489,1.0,0.7581967115402222,-0.9083133339881897,0.03585546836256981,0.3842953145503998,0.9232102036476135,0.12555555999279022,0.7621381878852844,-0.8990978002548218,0.08089590817689896,0.31555554270744324,0,44,0,44,0.845190167427063,2.19904216285637,-0.4271167506895983,102.0,0.37070699979294175,20.47,1,running
recovery_pair03_negative,3,negative,3,249,0.5134326219558716,0.5976253747940063,0.8192901611328125,1.0,1.0,1.0,1.0,0.2465604543685913,0.2504819929599762,1.0,0.7575381994247437,-0.8972780108451843,0.03449070826172829,0.3497169017791748,0.9368554353713989,0.11372222006320953,0.7685604691505432,-0.9020724892616272,0.07845116406679153,0.28581511974334717,0,44,0,44,0.8115701675415039,2.195377123840327,-0.41242673476240965,106.0,0.356378481826325,17.25,1,running
recovery_pair03_negative,3,negative,3,250,0.5198215246200562,0.6207513213157654,0.8966199159622192,1.0,1.0,1.0,1.0,0.2318771928548813,0.2756829857826233,1.0,0.7621381878852844,-0.8990978002548218,0.0331575870513916,0.29654157161712646,0.9550199508666992,0.09583333134651184,0.7760676145553589,-0.905231237411499,0.07606308162212372,0.24085544049739838,0,44,0,44,0.7908423542976379,2.190174388714152,-0.39602490599257073,109.0,0.33984056823776126,15.03,1,running
recovery_pair03_negative,3,negative,3,251,0.5259119868278503,0.6490527391433716,0.9727715849876404,1.0,1.0,1.0,1.0,0.22595496475696564,1.0,1.0,0.7685604691505432,-0.9020724892616272,0.03184221312403679,0.25747010111808777,0.9662862420082092,0.0828888863325119,0.8234206438064575,-0.9250905513763428,0.11447779834270477,-0.27752718329429626,1,45,0,45,0.7908423542976379,2.1851805542556613,-0.3822705122708398,110.0,0.3256663223826814,14.65,1,running
recovery_pair03_negative,3,negative,3,252,0.534284234046936,0.6468662023544312,0.9852337837219238,1.0,1.0,1.0,1.0,0.22805669903755188,1.0,1.0,0.7760676145553589,-0.905231237411499,0.030300121754407883,0.2529137432575226,0.9674888253211975,0.08138889074325562,0.8250161409378052,-0.9257822632789612,0.11219519376754761,-0.2777346968650818,1,45,0,45,0.7906380891799927,2.1780306006766934,-0.3604306770049249,106.0,0.3037056246843773,19.89,1,running
recovery_pair03_negative,3,negative,3,253,0.5261946320533752,0.6224409341812134,0.9002018570899963,1.0,1.0,1.0,1.0,0.22589659690856934,0.24549414217472076,1.0,0.8234206438064575,-0.9250905513763428,0.02825687825679779,0.34021544456481934,0.9403474926948547,0.11050000041723251,0.7830207943916321,-0.907926619052887,0.10643531382083893,-0.27237799763679504,1,45,0,45,0.7857874035835266,2.1723531843720782,-0.3391230954862936,103.0,0.2832247246679404,24.48,1,running
recovery_pair03_negative,3,negative,3,254,0.5218657851219177,0.6032509207725525,0.8389464616775513,1.0,1.0,1.0,1.0,0.23386657238006592,0.22451068460941315,1.0,0.8250161409378052,-0.9257822632789612,0.026351334527134895,0.41437557339668274,0.9101059436798096,0.13600000739097595,0.7812567353248596,-0.907140851020813,0.10293363034725189,-0.2721422612667084,1,45,0,45,0.7489740252494812,2.16805021455588,-0.31856068148228156,100.0,0.26444599485871156,29.46,1,running
recovery_pair03_negative,3,negative,3,255,0.5108878016471863,0.5844388008117676,0.785575270652771,1.0,1.0,1.0,1.0,0.2645041346549988,0.21399258077144623,1.0,0.7830207943916321,-0.907926619052887,0.024604156613349915,0.49181580543518066,0.8706992864608765,0.16366666555404663,0.7790038585662842,-0.9066550135612488,0.09969119727611542,-0.27199652791023254,1,45,0,45,0.73679518699646,2.164466986117668,-0.2948442106986071,97.0,0.24416727210116998,35.34,1,running
recovery_pair03_negative,3,negative,3,256,0.5104507803916931,0.5719967484474182,0.7411856055259705,1.0,1.0,1.0,1.0,1.0,0.2105129063129425,1.0,0.7812567353248596,-0.907140851020813,0.022717418149113655,0.578427255153656,0.8157339692115784,0.19633333384990692,0.7841225266456604,-0.9184834957122803,0.09656734019517899,-0.27554506063461304,1,45,0,45,0.7336674332618713,2.16286875757544,-0.2783401695375795,94.0,0.23110607888613546,40.81,1,running
recovery_pair03_negative,3,negative,3,257,0.5089571475982666,0.5603781938552856,0.706500232219696,1.0,1.0,1.0,1.0,1.0,0.20961926877498627,0.25891488790512085,0.7790038585662842,-0.9066550135612488,0.021502193063497543,0.6535527110099792,0.7568809986114502,0.22672222554683685,0.8141314387321472,-0.9253168106079102,0.09589091688394547,-0.27759504318237305,1,45,0,45,0.7336674332618713,2.161969391313366,-0.25863460158147683,91.0,0.21689680015007523,47.31,1,running
recovery_pair03_negative,3,negative,3,258,0.508372962474823,0.541573703289032,0.6729360818862915,1.0,1.0,1.0,1.0,1.0,0.21636424958705902,0.2298901081085205,0.7841225266456604,-0.9184834957122803,0.02018015831708908,0.7350329160690308,0.6780313849449158,0.2628333270549774,0.8225693106651306,-0.9281522035598755,0.09394460171461105,-0.27844566106796265,1,45,0,45,0.7429707050323486,2.1621852406105115,-0.23937058137554015,88.0,0.2047616807807975,54.38,1,running
recovery_pair03_negative,3,negative,3,259,0.513516366481781,0.5403856039047241,0.6372137665748596,0.949081540107727,1.0,1.0,1.0,1.0,0.22495734691619873,0.2122773379087448,0.8141314387321472,-0.9253168106079102,0.019051097333431244,0.8128975033760071,0.582406759262085,0.30211111903190613,0.829063355922699,-0.9302316904067993,0.09224678575992584,-0.2790695130825043,1,45,0,45,0.7173377275466919,2.163419481934225,-0.2206104577723105,85.0,0.19491379672892323,61.97,1,success
recovery_pair04_positive,4,positive,1,208,0.7173628211021423,0.571281909942627,0.5219528079032898,0.5468022227287292,0.6619395017623901,0.9758321642875671,1.0,1.0,1.0,1.0,0.8996180891990662,-0.9588367342948914,0.03776488080620766,0.8768945932388306,0.48068270087242126,0.3403888940811157,0.8532782196998596,-0.9424270987510681,0.08431629836559296,0.6000000238418579,0,34,0,33,0.8162505626678467,2.1369560629405515,-0.24624887850276875,54.0,0.3978241826237998,56.14,1,running
recovery_pair04_positive,4,positive,1,209,0.6377857327461243,0.5443277955055237,0.5203976035118103,0.5732179880142212,0.7354108095169067,1.0,1.0,1.0,1.0,0.23321445286273956,0.8837050795555115,-0.9529966115951538,0.0370137020945549,0.8304014801979065,0.5571655035018921,0.3118889033794403,0.8522356748580933,-0.9391835331916809,0.08297069370746613,0.6000000238418579,0,34,0,33,0.7755044102668762,2.1451946411505243,-0.2331566385396672,61.0,0.38856136428288035,50.94,1,running
recovery_pair04_positive,4,positive,1,210,0.5932666063308716,0.5247396230697632,0.5358468890190125,0.6054133176803589,0.8315843343734741,1.0,1.0,1.0,1.0,0.22157268226146698,0.8532782196998596,-0.9424270987510681,0.036151885986328125,0.7764865159988403,0.630133867263794,0.28299999237060547,0.8374702334403992,-0.9338032603263855,0.12330040335655212,-0.2801409959793091,1,35,0,34,0.7614677548408508,2.1540309454809012,-0.21577848794199758,63.0,0.3760310029287508,51.18,1,running
recovery_pair04_positive,4,positive,1,211,0.5788037180900574,0.5183762907981873,0.5321900844573975,0.6166400909423828,0.8531203866004944,1.0,1.0,1.0,1.0,0.2175622135400772,0.8522356748580933,-0.9391835331916809,0.034986063838005066,0.7791191935539246,0.6268758177757263,0.28433331847190857,0.8351255059242249,-0.9328269362449646,0.12109477818012238,-0.2798480987548828,1,35,0,34,0.7614677548408508,2.1660650460381428,-0.19407899471605988,59.0,0.36171097630844906,58.33,1,running
recovery_pair04_positive,4,positive,1,212,0.5970934629440308,0.5241363644599915,0.5185060501098633,0.593320369720459,0.787925660610199,1.0,1.0,1.0,1.0,0.23319263756275177,0.8374702334403992,-0.9338032603263855,0.03365371748805046,0.8510861396789551,0.5250260829925537,0.324055552482605,0.8469350934028625,-0.9370710253715515,0.11929859220981598,-0.28112131357192993,1,35,0,34,0.8161742091178894,2.1791085354093145,-0.17341798562348423,56.0,0.3499795672339649,64.78,1,running
recovery_pair04_positive,4,positive,1,213,0.614850640296936,0.528091311454773,0.5148512125015259,0.5649967193603516,0.7343007326126099,1.0,1.0,1.0,1.0,0.25972622632980347,0.8351255059242249,-0.9328269362449646,0.03256222978234291,0.9046783447265625,0.4260950982570648,0.35988888144493103,0.8565464019775391,-0.9404785633087158,0.11782391369342804,-0.28214359283447266,1,35,0,34,0.9090417623519897,2.1930482832716462,-0.15382188153953189,53.0,0.34098876140178036,71.48,1,running
recovery_pair04_positive,4,positive,1,214,0.6381005048751831,0.5332139730453491,0.5071043372154236,0.5528838038444519,0.6958855390548706,1.0,1.0,1.0,1.0,1.0,0.8469350934028625,-0.9370710253715515,0.031725719571113586,0.9482128620147705,0.3176356554031372,0.39711111783981323,0.849183201789856,-0.9400718808174133,0.0424591600894928,-0.28202158212661743,1,35,0,34,1.7748651504516602,2.2028470994676033,-0.14120537677456962,51.0,0.336480810023036,76.07,1,running
recovery_pair04_positive,4,positive,1,215,0.6480633616447449,0.5332834124565125,0.5073668360710144,0.5385701060295105,0.6695537567138672,1.0,1.0,1.0,1.0,1.0,0.8565464019775391,-0.9404785633087158,0.03130629286170006,0.9705905914306641,0.24073627591133118,0.4226111173629761,0.8558772206306458,-0.9420893788337708,0.04279386252164841,-0.28262683749198914,1,35,0,34,1.775783896446228,2.2087378859860642,-0.13426537991972673,48.0,0.3346129008443817,80.6,1,running
recovery_pair04_positive,4,positive,1,216,0.6766802072525024,0.5443204641342163,0.5076011419296265,0.5311636328697205,0.6331267952919006,0.951985776424408,1.0,1.0,1.0,1.0,0.849183201789856,-0.9400718808174133,0.03113250434398651,0.9865721464157104,0.1633259654045105,0.44777777791023254,0.8680047392845154,-0.9460678696632385,0.0,0.6000000238418579,0,36,0,35,1.7538877725601196,2.211460623284954,-0.13131266598580832,50.0,0.3340272395675966,79.28,1,running
recovery_pair04_positive,4,positive,1,217,0.6489233374595642,0.531343936920166,0.5011107921600342,0.5347264409065247,0.6648010611534119,1.0,1.0,1.0,1.0,1.0,0.8558772206306458,-0.9420893788337708,0.031078016385436058,0.9825479388237,0.18600960075855255,0.4404444396495819,0.8590198755264282,-0.9429351687431335,0.0,0.6000000238418579,0,36,0,35,1.7538877725601196,2.210806375208442,-0.13224901661690192,57.0,0.33433969415376374,72.09,1,running
recovery_pair04_positive,4,positive,1,218,0.5995791554450989,0.5163662433624268,0.5062763690948486,0.557412326335907,0.7392741441726685,1.0,1.0,1.0,1.0,1.0,0.8680047392845154,-0.9460678696632385,0.031107086688280106,0.9515407681465149,0.3075226843357086,0.40049999952316284,0.8435989022254944,-0.9377843737602234,0.0,0.6000000238418579,0,36,0,35,0.8434035778045654,2.2102757226061063,-0.13324741419126238,64.0,0.33478166198359655,64.91,1,running
recovery_pair04_positive,4,positive,1,219,0.5537688136100769,0.5042053461074829,0.5158268809318542,0.605866014957428,0.8551865220069885,1.0,1.0,1.0,1.0,0.24097244441509247,0.8590198755264282,-0.9429351687431335,0.03114820457994938,0.9056428074836731,0.42404136061668396,0.36061111092567444,0.8483341336250305,-0.9371024966239929,0.07246360927820206,0.6000000238418579,0,36,0,35,0.7938628196716309,2.2127459801288443,-0.12713022305852323,70.0,0.331623333607971,59.91,1,running
recovery_pair04_positive,4,positive,1,220,0.5413100123405457,0.5024331212043762,0.5320095419883728,0.6497802734375,0.9916578531265259,1.0,1.0,1.0,1.0,0.22681795060634613,0.8435989022254944,-0.9377843737602234,0.030854351818561554,0.8652389645576477,0.501359760761261,0.33283331990242004,0.8390405774116516,-0.9341692328453064,0.11388925462961197,-0.28025078773498535,1,37,0,36,0.7870321273803711,2.2185933125820596,-0.10991026278296825,71.0,0.3225393758613974,61.67,1,running
recovery_pair04_positive,4,positive,1,221,0.52393639087677,0.49422937631607056,0.5351460576057434,0.6589535474777222,1.0,1.0,1.0,1.0,1.0,0.22486631572246552,0.8483341336250305,-0.9371024966239929,0.030009182170033455,0.8802289962768555,0.47454917430877686,0.3426111042499542,0.8394947052001953,-0.9341354966163635,0.11239796876907349,-0.28024065494537354,1,37,0,36,0.7870321273803711,2.2268860701139728,-0.08830822498920446,67.0,0.3129631442454562,69.47,1,running
recovery_pair04_positive,4,positive,1,222,0.5323279500007629,0.49653419852256775,0.5196026563644409,0.6216440796852112,0.9166759848594666,1.0,1.0,1.0,1.0,0.23656581342220306,0.8390405774116516,-0.9341692328453064,0.02911820448935032,0.936488687992096,0.350697785615921,0.3859444558620453,0.8500068783760071,-0.9375362396240234,0.11132752895355225,-0.2812608778476715,1,37,0,36,0.8279803395271301,2.236210805843374,-0.0675518168351319,64.0,0.30618012360514174,76.49,1,running
recovery_pair04_positive,4,positive,1,223,0.5467789769172668,0.49471211433410645,0.508232057094574,0.6017951369285583,0.842254638671875,1.0,1.0,1.0,1.0,0.2578691840171814,0.8394947052001953,-0.9341354966163635,0.028487110510468483,0.9723291397094727,0.23361507058143616,0.4249444305896759,0.8599624633789062,-0.9407917261123657,0.04299812391400337,-0.28223752975463867,1,37,0,36,0.9025421142578125,2.244111894530125,-0.051735120851854006,63.0,0.30270286487815234,80.75,1,running
recovery_pair04_positive,4,positive,1,224,0.5485252141952515,0.49441447854042053,0.5045672059059143,0.5820956230163574,0.8283233642578125,1.0,1.0,1.0,1.0,0.27283570170402527,0.8500068783760071,-0.9375362396240234,0.028163578361272812,0.9869963526725769,0.16074256598949432,0.4486111104488373,0.8636624217033386,-0.9418683052062988,0.04318312183022499,-0.2825604975223541,1,37,0,36,0.9549249410629272,2.2496193871776358,-0.040755291792301904,63.0,0.3008956342119356,83.06,1,running
recovery_pair04_positive,4,positive,1,225,0.5518354177474976,0.4883222281932831,0.4976833462715149,0.586760938167572,0.8129393458366394,1.0,1.0,1.0,1.0,1.0,0.8599624633789062,-0.9407917261123657,0.02799544855952263,0.9926732182502747,0.12082988768815994,0.4614444375038147,0.8480059504508972,-0.9383488893508911,0.0424002967774868,-0.28150469064712524,1,37,0,36,1.7091277837753296,2.2540152559314994,-0.032628869490497266,60.0,0.30014570660862305,87.81,1,running
recovery_pair04_positive,4,positive,1,226,0.5635215640068054,0.49280110001564026,0.49716028571128845,0.5634594559669495,0.7573123574256897,1.0,1.0,1.0,1.0,1.0,0.8636624217033386,-0.9418683052062988,0.027925660833716393,0.9992696046829224,0.03821340575814247,0.48783332109451294,0.8550218939781189,-0.9403663277626038,0.042751096189022064,-0.28210991621017456,1,37,0,36,1.7248038053512573,2.258760226955952,-0.024968056902747837,56.0,0.3002157839467558,93.53,1,running
recovery_pair04_positive,4,positive,1,227,0.5865788459777832,0.5051366090774536,0.49295374751091003,0.544721245765686,0.707746148109436,1.0,1.0,1.0,1.0,1.0,0.8480059504508972,-0.9383488893508911,0.02793218567967415,0.9981027245521545,-0.061571154743433,0.519611120223999,0.8636981248855591,-0.9430786967277527,0.0,0.6000000238418579,0,38,0,37,1.7137935161590576,2.260942377804727,-0.021763402471005066,59.0,0.30049658023322373,91.27,1,running
recovery_pair04_positive,4,positive,1,228,0.5678063035011292,0.49770861864089966,0.4896552860736847,0.5599279999732971,0.7422173619270325,1.0,1.0,1.0,1.0,1.0,0.8550218939781189,-0.9403663277626038,0.02795831672847271,0.9997543692588806,-0.022163866087794304,0.5070555806159973,0.8590219616889954,-0.9415050148963928,0.0,0.6000000238418579,0,38,0,37,0.9548300504684448,2.2604661650360507,-0.02272916780230895,66.0,0.3005639112332064,84.06,1,running
recovery_pair04_positive,4,positive,1,229,0.5397806763648987,0.4917249381542206,0.5066235065460205,0.5961249470710754,0.8604194521903992,1.0,1.0,1.0,1.0,0.27280858159065247,0.8636981248855591,-0.9430786967277527,0.027964573353528976,0.9946308135986328,0.10348694771528244,0.46700000762939453,0.8666903972625732,-0.942776083946228,0.0,0.6000000238418579,0,38,0,37,0.8311408162117004,2.2601015781476326,-0.023761469369830694,73.0,0.30076502694959184,76.86,1,running
recovery_pair04_positive,4,positive,1,230,0.5074111819267273,0.48114535212516785,0.5268760323524475,0.6636837720870972,1.0,1.0,1.0,1.0,1.0,0.23746880888938904,0.8590219616889954,-0.9415050148963928,0.02798328548669815,0.9738174676895142,0.2273312211036682,0.4269999861717224,0.856715738773346,-0.9396041035652161,0.0,0.6000000238418579,0,38,0,37,0.8089857697486877,2.25985963737093,-0.02484487733678115,80.0,0.3011016539217685,69.66,1,running
recovery_pair04_positive,4,positive,1,231,0.4977494180202484,0.4898456633090973,0.559415876865387,0.7480615377426147,1.0,1.0,1.0,1.0,1.0,0.23113879561424255,0.8666903972625732,-0.942776083946228,0.02801460027694702,0.9376465082168579,0.3475903272628784,0.3869999945163727,0.8562248945236206,-0.9399750232696533,0.06685027480125427,0.6000000238418579,0,38,0,37,0.8089857697486877,2.2605705968293313,-0.017843870322565607,86.0,0.29824735263189067,64.89,1,running
recovery_pair04_positive,4,positive,1,232,0.4818550944328308,0.5013759136199951,0.6004799008369446,0.8769973516464233,1.0,1.0,1.0,1.0,0.2712728977203369,0.2375437319278717,0.856715738773346,-0.9396041035652161,0.027749035507440567,0.905494749546051,0.42435747385025024,0.3605000078678131,0.8322280645370483,-0.9307057857513428,0.06637455523014069,0.6000000238418579,0,38,0,37,0.8314030766487122,2.2606256429183578,-0.005627828079669821,93.0,0.29254789790617636,59.98,1,running
recovery_pair04_positive,4,positive,1,233,0.4813403785228729,0.5281609892845154,0.662964940071106,1.0,1.0,1.0,1.0,1.0,0.23836104571819305,0.25931474566459656,0.8562248945236206,-0.9399750232696533,0.027218759059906006,0.8658508062362671,0.500302255153656,0.3332222104072571,0.8396090269088745,-0.9341434240341187,0.06542465090751648,0.6000000238418579,0,38,0,37,0.8129569888114929,2.2592634773203075,0.006117112281713617,100.0,0.28616879179097926,54.96,1,running
recovery_pair04_positive,4,positive,1,234,0.48786643147468567,0.5562442541122437,0.7497178912162781,1.0,1.0,1.0,1.0,1.0,0.2322734296321869,1.0,0.8322280645370483,-0.9307057857513428,0.0266252513974905,0.8187513947486877,0.5741481781005859,0.30533334612846375,0.8192184567451477,-0.9307703375816345,0.06436146795749664,0.6000000238418579,0,38,0,37,0.8129569888114929,2.2565483891788953,0.01755283185694642,107.0,0.279020107261483,49.85,1,running
recovery_pair04_positive,4,positive,1,235,0.49860191345214844,0.6031510233879089,0.8796212077140808,1.0,1.0,1.0,1.0,0.29072219133377075,0.23564627766609192,1.0,0.8396090269088745,-0.9341434240341187,0.025960134342312813,0.7643589973449707,0.6447908878326416,0.27694445848464966,0.8286444544792175,-0.9276496767997742,0.06317001581192017,0.6000000238418579,0,38,0,37,0.8247619867324829,2.2525500006368926,0.028423499148906236,114.0,0.27120046021616884,44.63,1,running
recovery_pair04_positive,4,positive,1,236,0.5225978493690491,0.6713960766792297,1.0,1.0,1.0,1.0,1.0,0.24898383021354675,0.25407567620277405,1.0,0.8192184567451477,-0.9307703375816345,0.025232581421732903,0.702525794506073,0.7116582989692688,0.2479444444179535,0.8391047120094299,-0.9323189854621887,0.06186674162745476,0.6000000238418579,0,38,0,37,0.8022638559341431,2.247372888298876,0.03855679225366085,121.0,0.2627949499506289,39.27,1,running
recovery_pair04_positive,4,positive,1,237,0.5611711144447327,0.7615447640419006,1.0,1.0,1.0,1.0,1.0,0.2292182445526123,1.0,1.0,0.8286444544792175,-0.9276496767997742,0.02445053681731224,0.6329755783081055,0.774171769618988,0.21816666424274445,0.8721933364868164,-0.9458026885986328,0.060465823858976364,0.5483126640319824,0,38,0,37,0.8022638559341431,2.241148467521302,0.04787413964440697,127.0,0.25387855962302247,34.78,1,running
recovery_pair04_positive,4,positive,1,238,0.607611358165741,0.8942307233810425,1.0,1.0,1.0,1.0,1.0,0.2388976365327835,1.0,1.0,0.8391047120094299,-0.9323189854621887,0.023620953783392906,0.570426881313324,0.8213483691215515,0.19322222471237183,0.8804932236671448,-0.9496265649795532,0.058979760855436325,0.4856204092502594,0,38,0,37,0.8326865434646606,2.234096759472856,0.056320347007059395,133.0,0.24460865050861294,30.14,1,running
recovery_pair04_positive,4,positive,1,239,0.6588015556335449,1.0,1.0,1.0,1.0,1.0,0.2509067952632904,0.2379104346036911,1.0,1.0,0.8721933364868164,-0.9458026885986328,0.022758478298783302,0.5021145939826965,0.8648011088371277,0.16744443774223328,0.9033161401748657,-0.9593390822410583,0.057434774935245514,0.4208337962627411,0,38,0,37,0.8279998302459717,2.2264672912532624,0.06391242482197597,138.0,0.2351596264460869,26.37,1,running
recovery_pair04_positive,4,positive,1,240,0.7203872799873352,1.0,1.0,1.0,1.0,1.0,0.23657138645648956,0.25280681252479553,1.0,1.0,0.8804932236671448,-0.9496265649795532,0.021879343315958977,0.4441661238670349,0.8959444761276245,0.14650000631809235,0.9046816229820251,-0.9600869417190552,0.05585993826389313,0.36819466948509216,0,38,0,37,0.8021755218505859,2.218387053120308,0.07075981377150996,142.0,0.22557683612745075,23.5,1,running
recovery_pair04_positive,4,positive,1,241,0.7905058860778809,1.0,1.0,1.0,1.0,1.0,0.22919300198554993,1.0,1.0,1.0,0.9033161401748657,-0.9593390822410583,0.02098775841295719,0.39874908328056335,0.9170600771903992,0.13055555522441864,0.906394898891449,-0.9648862481117249,0.054262805730104446,0.3281219005584717,0,38,0,37,0.7803917527198792,2.2100028330285,0.07690640799815392,146.0,0.21595470853733284,20.52,1,running
recovery_pair04_positive,4,positive,1,242,0.8676974177360535,1.0,1.0,1.0,1.0,1.0,0.22296907007694244,1.0,1.0,1.0,0.9046816229820251,-0.9600869417190552,0.02009250968694687,0.3505343198776245,0.9365499019622803,0.11400000005960464,0.9091463088989258,-0.9659473896026611,0.0981164276599884,-0.2897842228412628,1,39,0,38,0.7721268534660339,2.198148851145313,0.0847170842701405,146.0,0.20266392336727462,21.88,1,running
recovery_pair04_positive,4,positive,1,243,0.893698513507843,1.0,1.0,1.0,1.0,1.0,0.2206076681613922,1.0,1.0,1.0,0.906394898891449,-0.9648862481117249,0.018855934962630272,0.3726638853549957,0.9279664158821106,0.12155555188655853,0.9118686318397522,-0.9669504761695862,0.09603741765022278,-0.29008516669273376,1,39,0,38,0.7377585172653198,2.1828296314118756,0.09532643340300716,144.0,0.18559707940519687,26.09,1,success
recovery_pair04_positive,4,positive,2,206,0.5502258539199829,0.51813143491745,0.5476616024971008,0.6634341478347778,1.0,1.0,1.0,1.0,1.0,0.22324644029140472,0.759613573551178,-0.9042102694511414,0.03744687885046005,0.6812320947647095,0.7320674657821655,0.23855555057525635,0.8133745193481445,-0.9254105091094971,0.12441538274288177,-0.27762317657470703,1,35,0,35,0.757365882396698,2.166336042132019,-0.21983267714732418,67.0,0.38488876973674857,48.61,1,running
recovery_pair04_positive,4,positive,2,207,0.5612613558769226,0.5102868676185608,0.5312546491622925,0.6308643221855164,0.9218726754188538,1.0,1.0,1.0,1.0,0.21639025211334229,0.7686142921447754,-0.9076811075210571,0.0358101911842823,0.7502264976501465,0.6611809134483337,0.2700555622577667,0.8232528567314148,-0.928751528263092,0.12197743356227875,-0.2786254584789276,1,35,0,35,0.757365882396698,2.1768783273730596,-0.19722969528566017,63.0,0.36956457012507904,55.59,1,running
recovery_pair04_positive,4,positive,2,208,0.5658798813819885,0.5143783688545227,0.5265148878097534,0.607213020324707,0.8564606308937073,1.0,1.0,1.0,1.0,0.23065605759620667,0.8133745193481445,-0.9254105091094971,0.03438441827893257,0.8250148892402649,0.565110981464386,0.3088333308696747,0.8368778228759766,-0.9334554672241211,0.12010465562343597,-0.28003665804862976,1,35,0,35,0.8072962164878845,2.188429457670712,-0.17575084310984346,60.0,0.35681900106527653,61.88,1,running
recovery_pair04_positive,4,positive,2,209,0.5854005813598633,0.5167770385742188,0.5127152800559998,0.5828449130058289,0.7841229438781738,1.0,1.0,1.0,1.0,0.23895807564258575,0.8232528567314148,-0.928751528263092,0.03319856524467468,0.8819624185562134,0.4713197648525238,0.34377777576446533,0.8482041358947754,-0.9373394250869751,0.11854670941829681,-0.2812018394470215,1,35,0,35,0.8363532423973083,2.2011674922892386,-0.15506988483711284,57.0,0.3466658182260527,68.47,1,running
recovery_pair04_positive,4,positive,2,210,0.6042644381523132,0.5185244679450989,0.5085569620132446,0.5646597146987915,0.7342388033866882,1.0,1.0,1.0,1.0,0.28811606764793396,0.8368778228759766,-0.9334554672241211,0.032253921031951904,0.9302255511283875,0.36698833107948303,0.38038888573646545,0.858309805393219,-0.9409517049789429,0.11735978722572327,-0.28228551149368286,1,35,0,35,1.0084062814712524,2.2148286619501047,-0.13545465695531142,54.0,0.33936573689345734,75.27,1,running
recovery_pair04_positive,4,positive,2,211,0.6240505576133728,0.5211754441261292,0.5090789794921875,0.5495831370353699,0.68700110912323,1.0,1.0,1.0,1.0,1.0,0.8482041358947754,-0.9373394250869751,0.03157471492886543,0.9671347737312317,0.25426438450813293,0.4181666672229767,0.8514583706855774,-0.9404743313789368,0.04257291927933693,-0.28214231133461,1,35,0,35,1.7318376302719116,2.223972688944156,-0.12359689190376451,50.0,0.3362911834284542,81.76,1,running
recovery_pair04_positive,4,positive,2,212,0.6462216973304749,0.5280667543411255,0.4948107600212097,0.5299893617630005,0.6544528603553772,1.0,1.0,1.0,1.0,1.0,0.858309805393219,-0.9409517049789429,0.03128866106271744,0.9896764159202576,0.14331988990306854,0.4542222321033478,0.8606721758842468,-0.9432427287101746,0.04303361102938652,-0.2829728424549103,1,35,0,35,1.7318376302719116,2.2299653311407193,-0.1167269245306865,47.0,0.33527976345081545,86.31,1,running
recovery_pair04_positive,4,positive,2,213,0.6778201460838318,0.5348240733146667,0.4998994767665863,0.5187559723854065,0.6235407590866089,0.9169246554374695,1.0,1.0,1.0,1.0,0.8514583706855774,-0.9404743313789368,0.03119456022977829,0.9979268908500671,0.06435813754796982,0.4794999957084656,0.8739172220230103,-0.9475516080856323,0.0,0.6000000238418579,0,36,0,36,1.7297006845474243,2.232621124966153,-0.11393416204580675,50.0,0.3350911393863846,83.96,1,running
recovery_pair04_positive,4,positive,2,214,0.6421899199485779,0.5272806286811829,0.494200199842453,0.5267593860626221,0.6526476740837097,1.0,1.0,1.0,1.0,1.0,0.8606721758842468,-0.9432427287101746,0.031177004799246788,0.9944486618041992,0.10522274672985077,0.4664444327354431,0.8624545931816101,-0.9436683654785156,0.0,0.6000000238418579,0,36,0,36,1.7297006845474243,2.2320294705263497,-0.11478184542442778,57.0,0.33529209091890944,76.79,1,running
recovery_pair04_positive,4,positive,2,215,0.5889143347740173,0.5050519704818726,0.4958961606025696,0.556118905544281,0.7296838760375977,1.0,1.0,1.0,1.0,1.0,0.8739172220230103,-0.9475516080856323,0.03119569644331932,0.9735390543937683,0.22852078080177307,0.42661112546920776,0.8469489812850952,-0.9384374618530273,0.0,0.6000000238418579,0,36,0,36,0.8739632964134216,2.231524853039727,-0.11573172769224943,64.0,0.3356301370799609,69.62,1,running
recovery_pair04_positive,4,positive,2,216,0.5546150803565979,0.4936419129371643,0.5097972750663757,0.6023291945457458,0.8453914523124695,1.0,1.0,1.0,1.0,0.2497037947177887,0.8624545931816101,-0.9436683654785156,0.031227154657244682,0.9374036192893982,0.348244845867157,0.38677778840065,0.8533104658126831,-0.9386823177337646,0.07260502129793167,0.6000000238418579,0,36,0,36,0.824330747127533,2.232787839995826,-0.11275534466210245,67.0,0.3343597012262523,67.12,1,running
recovery_pair04_positive,4,positive,2,217,0.5313190817832947,0.4896453022956848,0.5144141912460327,0.6211978793144226,0.9158828854560852,1.0,1.0,1.0,1.0,0.2355230748653412,0.8469489812850952,-0.9384374618530273,0.031108949333429337,0.9213211536407471,0.3888023793697357,0.3728888928890228,0.8461986184120178,-0.9361675977706909,0.07239328324794769,0.6000000238418579,0,36,0,36,0.811660647392273,2.236319487304725,-0.10363839936487387,71.0,0.33039352245056547,64.67,1,running
recovery_pair04_positive,4,positive,2,218,0.5180333256721497,0.49417099356651306,0.5264145135879517,0.6575850248336792,1.0,1.0,1.0,1.0,1.0,0.2319030463695526,0.8533104658126831,-0.9386823177337646,0.030739936977624893,0.9038586616516113,0.42783117294311523,0.35927778482437134,0.8424029350280762,-0.9350452423095703,0.07173225283622742,0.6000000238418579,0,36,0,36,0.7967953681945801,2.2398704582667297,-0.0908593233782861,78.0,0.32421111199759267,59.72,1,running
recovery_pair04_positive,4,positive,2,219,0.49770668148994446,0.4970780313014984,0.560777485370636,0.7339740991592407,1.0,1.0,1.0,1.0,1.0,0.2276558130979538,0.8461986184120178,-0.9361675977706909,0.030164726078510284,0.8635715842247009,0.5042262077331543,0.33177778124809265,0.8418394923210144,-0.9350976943969727,0.11279383301734924,-0.28052932024002075,1,37,0,37,0.7967953681945801,2.2432134994133675,-0.07289130727397607,79.0,0.31498000917638314,61.55,1,running
recovery_pair04_positive,4,positive,2,220,0.5023429989814758,0.5005597472190857,0.5543075203895569,0.7385429739952087,1.0,1.0,1.0,1.0,1.0,0.23208306729793549,0.8424029350280762,-0.9350452423095703,0.029305849224328995,0.879233181476593,0.47639167308807373,0.34194445610046387,0.8449797630310059,-0.9362495541572571,0.11141233146190643,-0.2808748781681061,1,37,0,37,0.811172366142273,2.2483148817579046,-0.05051855697237413,75.0,0.30539262538042505,69.4,1,running
recovery_pair04_positive,4,positive,2,221,0.5042113065719604,0.49706462025642395,0.5419605374336243,0.6879003643989563,1.0,1.0,1.0,1.0,1.0,0.23176352679729462,0.8418394923210144,-0.9350976943969727,0.028413837775588036,0.9360595345497131,0.35184165835380554,0.38555556535720825,0.8507384061813354,-0.9379479885101318,0.11010236293077469,-0.2813844084739685,1,37,0,37,0.811172366142273,2.2544489543359196,-0.02913717463241606,72.0,0.2986697297354842,76.42,1,running
recovery_pair04_positive,4,positive,2,222,0.5109759569168091,0.4912863075733185,0.5278778672218323,0.6566720008850098,1.0,1.0,1.0,1.0,1.0,0.24163970351219177,0.8449797630310059,-0.9362495541572571,0.02778833732008934,0.9720430374145508,0.23480282723903656,0.42455556988716125,0.856401801109314,-0.9396228194236755,0.04282009229063988,-0.28188684582710266,1,37,0,37,0.84573894739151,2.2593747168342224,-0.014874914616956947,69.0,0.29576495051778384,82.28,1,running
recovery_pair04_positive,4,positive,2,223,0.518966794013977,0.4868566393852234,0.5175889134407043,0.6242212653160095,0.950637698173523,1.0,1.0,1.0,1.0,0.248630091547966,0.8507384061813354,-0.9379479885101318,0.027518071234226227,0.9909363985061646,0.1343320906162262,0.457111120223999,0.8622704148292542,-0.9412927031517029,0.04311352223157883,-0.2823878228664398,1,37,0,37,0.8702053427696228,2.262792263945096,-0.006523100915359786,66.0,0.2948848246685425,87.02,1,running
recovery_pair04_positive,4,positive,2,224,0.535662055015564,0.48156192898750305,0.5068049430847168,0.597439706325531,0.8631343245506287,1.0,1.0,1.0,1.0,0.280222624540329,0.856401801109314,-0.9396228194236755,0.02743619866669178,0.9986477494239807,0.05198736488819122,0.4834444522857666,0.8681716918945312,-0.9431099891662598,0.0434085838496685,-0.28293299674987793,1,37,0,37,0.980779230594635,2.2667232636219032,0.0017183962943193348,63.0,0.2947904345594087,91.79,1,running
recovery_pair04_positive,4,positive,2,225,0.5459409952163696,0.4871850609779358,0.4974668622016907,0.5786519050598145,0.7999249696731567,1.0,1.0,1.0,1.0,1.0,0.8622704148292542,-0.9412927031517029,0.027427399531006813,0.9995120167732239,-0.0312363114207983,0.5099444389343262,0.8566076755523682,-0.9406087398529053,0.04283038526773453,-0.28218263387680054,1,37,0,37,1.7049318552017212,2.271103820223242,0.009690610577101681,59.0,0.2954983706141349,97.56,1,running
recovery_pair04_positive,4,positive,2,226,0.5631791353225708,0.4944429099559784,0.48712339997291565,0.5538275241851807,0.7414770126342773,1.0,1.0,1.0,1.0,1.0,0.8681716918945312,-0.9431099891662598,0.027493279427289963,0.9913076162338257,-0.13156436383724213,0.5419999957084656,0.8638004660606384,-0.9425749182701111,0.04319002479314804,-0.2827724814414978,1,37,0,37,1.6989874839782715,2.2759809906538653,0.017464804333201755,56.0,0.29701847299744194,102.31,1,running
recovery_pair04_positive,4,positive,2,227,0.5819681286811829,0.4957616329193115,0.4854249954223633,0.5358277559280396,0.6939276456832886,1.0,1.0,1.0,1.0,1.0,0.8566076755523682,-0.9406087398529053,0.02763470448553562,0.9770084023475647,-0.2132009118795395,0.5683888792991638,0.8694851994514465,-0.9442191123962402,0.0,0.6000000238418579,0,38,0,38,1.6989874839782715,2.2794414758576576,0.02253719005004838,57.0,0.29841901821700956,102.46,1,running
recovery_pair04_positive,4,positive,2,228,0.5714388489723206,0.49084654450416565,0.4904855787754059,0.5437134504318237,0.7179526090621948,1.0,1.0,1.0,1.0,1.0,0.8638004660606384,-0.9425749182701111,0.027765003964304924,0.9764468669891357,-0.21575798094272614,0.5692222118377686,0.8685684204101562,-0.9438707232475281,0.0,0.6000000238418579,0,38,0,38,1.6734181642532349,2.279002427636635,0.021692824203738914,64.0,0.29830568939010066,95.28,1,running
recovery_pair04_positive,4,positive,2,229,0.5291731953620911,0.47811946272850037,0.4961218535900116,0.5827174186706543,0.8310017585754395,1.0,1.0,1.0,1.0,1.0,0.8694851994514465,-0.9442191123962402,0.027754470705986023,0.9957568645477295,-0.09202300757169724,0.5293333530426025,0.856987714767456,-0.940344512462616,0.0,0.6000000238418579,0,38,0,38,0.8832102417945862,2.2786464652267986,0.02075787943638132,71.0,0.2983052982082441,88.08,1,running
recovery_pair04_positive,4,positive,2,230,0.5049959421157837,0.47948387265205383,0.5201214551925659,0.6434861421585083,1.0,1.0,1.0,1.0,1.0,0.2523457705974579,0.8685684204101562,-0.9438707232475281,0.027754435315728188,0.9994385838508606,0.033504050225019455,0.4893333315849304,0.8667717576026917,-0.9425614476203918,0.0,0.6000000238418579,0,38,0,38,0.8353481292724609,2.2784013360014295,0.01977356068900861,78.0,0.2984294398050709,80.89,1,running
recovery_pair04_positive,4,positive,2,231,0.4852253496646881,0.4871234893798828,0.5442178845405579,0.7158842086791992,1.0,1.0,1.0,1.0,1.0,0.23867090046405792,0.856987714767456,-0.940344512462616,0.02776598557829857,0.987386167049408,0.15833039581775665,0.44938889145851135,0.8643785119056702,-0.9422490000724792,0.0,0.6000000238418579,0,38,0,38,0.834255576133728,2.27827457668597,0.018749599459306307,85.0,0.29868166035964994,73.7,1,running
recovery_pair04_positive,4,positive,2,232,0.4797782897949219,0.49333104491233826,0.5790144801139832,0.8390143513679504,1.0,1.0,1.0,1.0,1.0,0.238358736038208,0.8667717576026917,-0.9425614476203918,0.027789447456598282,0.9598053097724915,0.280666708946228,0.4094444513320923,0.8670851588249207,-0.9439160227775574,0.0,0.6000000238418579,0,38,0,38,0.834255576133728,2.2782730384109287,0.017678463430495495,92.0,0.29907102698369215,66.51,1,running
recovery_pair04_positive,4,positive,2,233,0.47923967242240906,0.5115571618080139,0.6420680284500122,1.0,1.0,1.0,1.0,1.0,0.24996539950370789,0.24603237211704254,0.8643785119056702,-0.9422490000724792,0.02782568149268627,0.917129635810852,0.39858901500701904,0.3695000112056732,0.8467561602592468,-0.9363619685173035,0.0665118396282196,0.6000000238418579,0,38,0,38,0.8395292162895203,2.2779923129436415,0.02080998687578363,96.0,0.2976757099048159,63.05,1,running
recovery_pair04_positive,4,positive,2,234,0.4796687066555023,0.5285791754722595,0.6798862218856812,1.0,1.0,1.0,1.0,1.0,0.2398654967546463,0.2743392288684845,0.8670851588249207,-0.9439160227775574,0.027695849537849426,0.8914023637771606,0.45321276783943176,0.35027778148651123,0.845111608505249,-0.9362151026725769,0.06627928465604782,0.6000000238418579,0,38,0,38,0.8395292162895203,2.2770170060018105,0.028701599641340732,99.0,0.29402672346074415,61.42,1,running
recovery_pair04_positive,4,positive,2,235,0.4872919023036957,0.5489130020141602,0.7328919768333435,1.0,1.0,1.0,1.0,1.0,0.24171848595142365,1.0,0.8467561602592468,-0.9363619685173035,0.027356363832950592,0.8781500458717346,0.4783853590488434,0.34122222661972046,0.8284274339675903,-0.9336745142936707,0.06567112356424332,0.6000000238418579,0,38,0,38,0.8235004544258118,2.2744465476027,0.04045786628493312,106.0,0.28784563168968974,56.45,1,running
recovery_pair04_positive,4,positive,2,236,0.4922386109828949,0.5858396887779236,0.8625769019126892,1.0,1.0,1.0,1.0,1.0,0.23528584837913513,1.0,0.845111608505249,-0.9362151026725769,0.02678125910460949,0.8334038257598877,0.5526644587516785,0.31361111998558044,0.8342772722244263,-0.9366698265075684,0.06464093923568726,0.6000000238418579,0,38,0,38,0.8235004544258118,2.270532047907282,0.051690530299151535,113.0,0.2808878362553656,51.39,1,running
recovery_pair04_positive,4,positive,2,237,0.5189550518989563,0.6476866006851196,1.0,1.0,1.0,1.0,1.0,0.26177817583084106,0.25064998865127563,1.0,0.8284274339675903,-0.9336745142936707,0.026133913546800613,0.7814115881919861,0.6240159869194031,0.2854999899864197,0.846714973449707,-0.9352728724479675,0.06348130851984024,0.6000000238418579,0,38,0,38,0.840931236743927,2.2653869102599744,0.06219023456713569,120.0,0.2732471024428314,46.22,1,running
recovery_pair04_positive,4,positive,2,238,0.5557770729064941,0.737601637840271,1.0,1.0,1.0,1.0,1.0,0.24026606976985931,0.2945668697357178,1.0,0.8342772722244263,-0.9366698265075684,0.025423001497983932,0.7220017910003662,0.6918911933898926,0.2567777633666992,0.8531384468078613,-0.938162624835968,0.06220785155892372,0.6000000238418579,0,38,0,38,0.8242030143737793,2.259231476599754,0.07167411176746041,127.0,0.26512353108419534,40.9,1,running
recovery_pair04_positive,4,positive,2,239,0.5988138318061829,0.8750594258308411,1.0,1.0,1.0,1.0,1.0,0.23548658192157745,1.0,1.0,0.846714973449707,-0.9352728724479675,0.024667197838425636,0.6547408103942871,0.7558534741401672,0.22722221910953522,0.8852781057357788,-0.9514090418815613,0.06085392087697983,0.5710717439651489,0,38,0,38,0.8242030143737793,2.252117803222179,0.08024923991430816,133.0,0.25646281620493167,36.44,1,running
recovery_pair04_positive,4,positive,2,240,0.6553949117660522,1.0,1.0,1.0,1.0,1.0,0.25700485706329346,0.24481698870658875,1.0,1.0,0.8531384468078613,-0.938162624835968,0.023861398920416832,0.5939806699752808,0.8044793009757996,0.20244444906711578,0.907805323600769,-0.9611762166023254,0.059410467743873596,0.508798360824585,0,38,0,38,0.8324893116950989,2.2442002199685853,0.08790262531152679,139.0,0.2473510953598421,31.84,1,running
recovery_pair04_positive,4,positive,2,241,0.7343677878379822,1.0,1.0,1.0,1.0,1.0,0.23785409331321716,0.25776737928390503,1.0,1.0,0.8852781057357788,-0.9514090418815613,0.023013636469841003,0.5275490283966064,0.8495246171951294,0.17688888311386108,0.909917414188385,-0.9622389674186707,0.0578918494284153,0.44457027316093445,0,38,0,38,0.8114665746688843,2.235677650294401,0.0946643680881962,144.0,0.23792073475213893,28.13,1,running
recovery_pair04_positive,4,positive,2,242,0.8272984623908997,1.0,1.0,1.0,1.0,1.0,0.2318475991487503,1.0,1.0,1.0,0.907805323600769,-0.9611762166023254,0.02213623933494091,0.47147369384765625,0.8818801045417786,0.15627777576446533,0.9121372103691101,-0.967006504535675,0.05632012337446213,0.39276888966560364,0,38,0,38,0.8031227588653564,2.226760431035837,0.10057013557359357,149.0,0.22832546028551526,24.29,1,running
recovery_pair04_positive,4,positive,2,243,0.9382666349411011,1.0,1.0,1.0,1.0,1.0,0.22946365177631378,1.0,1.0,1.0,0.909917414188385,-0.9622389674186707,0.02124348096549511,0.41135528683662415,0.9114750623703003,0.13494443893432617,0.9159117937088013,-0.9684804081916809,0.054720908403396606,0.33915236592292786,0,38,0,38,0.8023029565811157,2.2179118413319707,0.10552862910121039,153.0,0.2189925121456348,21.31,1,running
recovery_pair04_positive,4,positive,2,244,1.0,1.0,1.0,1.0,1.0,0.2696647346019745,0.2292294204235077,1.0,1.0,1.0,0.9121372103691101,-0.967006504535675,0.02037515491247177,0.36341384053230286,0.9316278100013733,0.11838889122009277,0.9358698725700378,-0.9736852049827576,0.05316541716456413,0.2975437343120575,0,38,0,38,0.8023029565811157,2.208827465181326,0.10992226331090502,156.0,0.209545759666287,19.25,1,running
recovery_pair04_positive,4,positive,2,245,1.0,1.0,1.0,1.0,1.0,0.24276886880397797,0.2295895665884018,1.0,1.0,1.0,0.9159117937088013,-0.9684804081916809,0.019496217370033264,0.3296906352043152,0.9440889954566956,0.10694444179534912,0.9353907704353333,-0.9733868837356567,0.05159096047282219,0.2687807083129883,0,38,0,38,0.8035634756088257,2.199662234138503,0.1137397377836431,159.0,0.20011931775747638,17.13,1,running
recovery_pair04_positive,4,positive,2,246,1.0,1.0,1.0,1.0,1.0,0.2299715131521225,0.23371848464012146,1.0,1.0,1.0,0.9358698725700378,-0.9736852049827576,0.018619172275066376,0.29454073309898376,0.9556389451026917,0.09516666829586029,0.9346583485603333,-0.973013162612915,0.05001988634467125,0.23917992413043976,0,38,0,38,0.7917933464050293,2.1905411744075582,0.11700801856600959,162.0,0.19081664975084126,14.92,1,success
recovery_pair04_positive,4,positive,3,210,0.5272617340087891,0.5858305096626282,0.7764443159103394,1.0,1.0,1.0,1.0,0.2217283695936203,0.23451676964759827,1.0,0.7378395795822144,-0.8875153660774231,0.038635071367025375,0.14660099148750305,0.989195704460144,0.046833332628011703,0.7386279702186584,-0.8875560760498047,0.12280650436878204,-0.2662668228149414,1,37,0,36,0.7717495560646057,2.1145645361724505,-0.2461152633000057,95.0,0.3905539087090942,12.06,1,running
recovery_pair04_positive,4,positive,3,211,0.5232884287834167,0.5815219283103943,0.7374757528305054,1.0,1.0,1.0,1.0,0.23136641085147858,0.22049987316131592,1.0,0.7396230101585388,-0.8880636096000671,0.03633727878332138,0.20893588662147522,0.9779293537139893,0.06700000166893005,0.7388028502464294,-0.8879173994064331,0.11869912594556808,-0.26637524366378784,1,37,0,36,0.742638111114502,2.113087639033916,-0.22176905521429244,92.0,0.3668902369410402,15.95,1,running
recovery_pair04_positive,4,positive,3,212,0.5259132385253906,0.5655093789100647,0.6969515085220337,1.0,1.0,1.0,1.0,0.258067786693573,0.21218231320381165,1.0,0.7386279702186584,-0.8875560760498047,0.034135602414608,0.2747983932495117,0.9615018963813782,0.08861111104488373,0.739465594291687,-0.8887829184532166,0.11478832364082336,-0.26663488149642944,1,37,0,36,0.7164011597633362,2.1129096647049144,-0.19843643025722288,89.0,0.3447103390005097,20.12,1,running
recovery_pair04_positive,4,positive,3,213,0.522292971611023,0.5530083179473877,0.6745142340660095,1.0,1.0,1.0,1.0,1.0,0.20468604564666748,1.0,0.7388028502464294,-0.8879173994064331,0.03207197040319443,0.34398746490478516,0.9389742612838745,0.11177777498960495,0.7433006167411804,-0.902441143989563,0.11128342151641846,-0.2707323431968689,1,37,0,36,0.7111101746559143,2.113905985902175,-0.1756336051730925,86.0,0.3236011096924377,24.61,1,running
recovery_pair04_positive,4,positive,3,214,0.5255800485610962,0.5417211055755615,0.6516827344894409,0.9312286972999573,1.0,1.0,1.0,1.0,0.20317433774471283,0.24363625049591064,0.739465594291687,-0.8887829184532166,0.03010796383023262,0.4164394736289978,0.9091634154319763,0.13672222197055817,0.7707558870315552,-0.9079160094261169,0.10913798213005066,-0.27237480878829956,1,37,0,36,0.7111101746559143,2.116082969991112,-0.15328573754689429,83.0,0.30361133198535095,29.48,1,running
recovery_pair04_positive,4,positive,3,215,0.5268442034721375,0.5388034582138062,0.6205300688743591,0.8614903688430786,1.0,1.0,1.0,1.0,0.2113819122314453,0.2197224348783493,0.7433006167411804,-0.902441143989563,0.028248107060790062,0.4921197295188904,0.8705275058746338,0.16377778351306915,0.7721025347709656,-0.9085028767585754,0.10587368905544281,-0.27255088090896606,1,37,0,36,0.7253589630126953,2.119381657148488,-0.13165841789054944,80.0,0.2851131416306555,34.75,1,running
recovery_pair04_positive,4,positive,3,216,0.530749499797821,0.5297605395317078,0.599226176738739,0.804388165473938,1.0,1.0,1.0,1.0,0.21853400766849518,0.20724542438983917,0.7707558870315552,-0.9079160094261169,0.026527032256126404,0.5699967741966248,0.8216469287872314,0.19305555522441864,0.7752352952957153,-0.9097122550010681,0.10294728726148605,-0.27291369438171387,1,37,0,36,0.7003771066665649,2.1237027832071917,-0.11105497395773824,77.0,0.2685056407277872,40.43,1,running
recovery_pair04_positive,4,positive,3,217,0.542995035648346,0.5273698568344116,0.5883646011352539,0.7547311186790466,1.0,1.0,1.0,1.0,1.0,0.20010773837566376,0.7721025347709656,-0.9085028767585754,0.02498186193406582,0.6485185623168945,0.7611988186836243,0.22461111843585968,0.8217370510101318,-0.9283088445663452,0.10250446200370789,-0.27849265933036804,1,37,0,36,0.7003771066665649,2.1291062095179947,-0.09085399218213709,73.0,0.25345827291598216,47.62,1,running
recovery_pair04_positive,4,positive,3,218,0.5488196611404419,0.522149384021759,0.5693920850753784,0.71075040102005,1.0,1.0,1.0,1.0,1.0,0.20211942493915558,0.7752352952957153,-0.9097122550010681,0.0235818512737751,0.7386906743049622,0.6740445494651794,0.26455554366111755,0.8281663060188293,-0.9306820034980774,0.10031802952289581,-0.2792046070098877,1,37,0,36,0.7074179649353027,2.135539139322513,-0.07124359695910733,70.0,0.24036139074637253,54.33,1,running
recovery_pair04_positive,4,positive,3,219,0.5534698367118835,0.521892249584198,0.5568490624427795,0.6806465983390808,1.0,1.0,1.0,1.0,1.0,0.20441308617591858,0.8217370510101318,-0.9283088445663452,0.02236330695450306,0.8123889565467834,0.5831159353256226,0.3018333315849304,0.8373181819915771,-0.9338268041610718,0.09859281033277512,-0.28014805912971497,1,37,0,36,0.7154458165168762,2.142971382139921,-0.052271963635579566,67.0,0.22950314509018097,61.53,1,running
recovery_pair04_positive,4,positive,3,220,0.563552975654602,0.5211764574050903,0.54477858543396,0.6468116641044617,0.9435895085334778,1.0,1.0,1.0,1.0,0.21169869601726532,0.8281663060188293,-0.9306820034980774,0.02135305106639862,0.8790668249130249,0.47669854760169983,0.34183332324028015,0.8475102782249451,-0.9372730255126953,0.0972927063703537,-0.2811819314956665,1,37,0,36,0.7409454584121704,2.1512951589312848,-0.034094191513467875,64.0,0.22118914456301142,69.16,1,running
recovery_pair04_positive,4,positive,3,221,0.5747806429862976,0.5199500322341919,0.5316111445426941,0.6219838261604309,0.8671130537986755,1.0,1.0,1.0,1.0,0.23082546889781952,0.8373181819915771,-0.9338268041610718,0.020579520612955093,0.9345775246620178,0.35575950145721436,0.38422220945358276,0.8584704399108887,-0.9408994913101196,0.09645504504442215,-0.2822698652744293,1,37,0,36,0.8078891634941101,2.1604971295737805,-0.016592679365834306,61.0,0.21552782213137517,77.13,1,running
recovery_pair04_positive,4,positive,3,222,0.5940510630607605,0.5222723484039307,0.5270628333091736,0.5996488928794861,0.8036149740219116,1.0,1.0,1.0,1.0,1.0,0.8475102782249451,-0.9372730255126953,0.020052790641784668,0.9748779535293579,0.22273969650268555,0.4284999966621399,0.8514611124992371,-0.9405597448348999,0.04257305711507797,-0.2821679413318634,1,37,0,36,1.8202738761901855,2.1680245838721657,-0.0035320528313974335,60.0,0.21292769604959505,82.1,1,running
recovery_pair04_positive,4,positive,3,223,0.592370331287384,0.5259016752243042,0.5200782418251038,0.5942326188087463,0.7982504963874817,1.0,1.0,1.0,1.0,1.0,0.8584704399108887,-0.9408994913101196,0.019810866564512253,0.9905094504356384,0.13744454085826874,0.4561111032962799,0.8569380640983582,-0.9420664310455322,0.04284690320491791,-0.2826199531555176,1,37,0,36,1.8201762437820435,2.172996770959117,0.004650000118098099,57.0,0.2120389477851668,87.67,1,running
recovery_pair04_positive,4,positive,3,224,0.6184806227684021,0.5248794555664062,0.5200503468513489,0.5752972364425659,0.7489103674888611,1.0,1.0,1.0,1.0,1.0,0.8514611124992371,-0.9405597448348999,0.019728180021047592,0.9991732239723206,0.04065496474504471,0.48705556988716125,0.8654854893684387,-0.9447233080863953,0.0,0.6000000238418579,0,38,0,37,1.8065589666366577,2.175541199727494,0.008495480205468692,60.0,0.21194141332511357,85.92,1,running
recovery_pair04_positive,4,positive,3,225,0.5875091552734375,0.51615971326828,0.5211158394813538,0.5989537835121155,0.8124083280563354,1.0,1.0,1.0,1.0,1.0,0.8569380640983582,-0.9420664310455322,0.01971910335123539,0.9974656701087952,0.07114926725625992,0.47733333706855774,0.8598413467407227,-0.9428012371063232,0.0,0.6000000238418579,0,38,0,37,0.7972004413604736,2.1750818736552175,0.00751426498273133,67.0,0.21211350173581062,78.63,1,running
recovery_pair04_positive,4,positive,3,226,0.5551183223724365,0.5105211734771729,0.5318553447723389,0.6455367207527161,0.9538186192512512,1.0,1.0,1.0,1.0,0.2277715504169464,0.8654854893684387,-0.9447233080863953,0.019735123962163925,0.9803745150566101,0.1971440464258194,0.43683332204818726,0.8666437864303589,-0.943388044834137,0.043332189321517944,-0.2830164134502411,1,39,0,38,0.7972004413604736,2.1766359763280168,0.01151544933277906,68.0,0.2111788865712871,78.76,1,running
recovery_pair04_positive,4,positive,3,227,0.5522434115409851,0.5083157420158386,0.530859112739563,0.6424915194511414,0.9536041021347046,1.0,1.0,1.0,1.0,0.23069749772548676,0.8598413467407227,-0.9428012371063232,0.01964816078543663,0.9808193445205688,0.1949191391468048,0.43755555152893066,0.8658605217933655,-0.9430768489837646,0.043293025344610214,-0.2829230725765228,1,39,0,38,0.807441234588623,2.180304527927635,0.019950223345853037,65.0,0.20982040847095648,84.24,1,running
recovery_pair04_positive,4,positive,3,228,0.5627509355545044,0.5095027089118958,0.5273627042770386,0.6235603094100952,0.8725748062133789,1.0,1.0,1.0,1.0,1.0,0.8666437864303589,-0.943388044834137,0.019521767273545265,0.9949510097503662,0.10036171227693558,0.46799999475479126,0.8553171753883362,-0.9413305521011353,0.04276585951447487,-0.28239917755126953,1,39,0,38,1.7832595109939575,2.1844304293579384,0.028119679378813395,61.0,0.2093870051111975,90.74,1,running
recovery_pair04_positive,4,positive,3,229,0.5759250521659851,0.5142533183097839,0.5171478986740112,0.5936937928199768,0.808418869972229,1.0,1.0,1.0,1.0,1.0,0.8658605217933655,-0.9430768489837646,0.019481437280774117,0.9999166131019592,-0.012915077619254589,0.504111111164093,0.8629511594772339,-0.9433826208114624,0.04314756020903587,-0.28301480412483215,1,39,0,38,1.7879940271377563,2.189044087861277,0.03608040194044893,58.0,0.20988319452446075,96.25,1,running
recovery_pair04_positive,4,positive,3,230,0.5960273146629333,0.5161407589912415,0.5108554363250732,0.5745250582695007,0.7592601776123047,1.0,1.0,1.0,1.0,1.0,0.8553171753883362,-0.9413305521011353,0.019527601078152657,0.9940563440322876,-0.10886687785387039,0.5347222089767456,0.8696988821029663,-0.9453346729278564,0.0,0.6000000238418579,0,40,0,39,1.7832660675048828,2.1935217576009456,0.0431599503028792,58.0,0.21100495626527427,98.51,1,running
recovery_pair04_positive,4,positive,3,231,0.5926965475082397,0.5242635011672974,0.5095046162605286,0.5742106437683105,0.7675824165344238,1.0,1.0,1.0,1.0,1.0,0.8629511594772339,-0.9433826208114624,0.019631976261734962,0.988990068435669,-0.14798203110694885,0.5472777485847473,0.8717073798179626,-0.9458793997764587,0.0,0.6000000238418579,0,40,0,39,1.7781275510787964,2.193966808083602,0.04380964701083097,64.0,0.21115560534153544,92.72,1,running
recovery_pair04_positive,4,positive,3,232,0.5629178881645203,0.5080364346504211,0.5247431993484497,0.6153292655944824,0.8698033094406128,1.0,1.0,1.0,1.0,1.0,0.8696988821029663,-0.9453346729278564,0.019646000117063522,0.9988733530044556,-0.04745512455701828,0.5151110887527466,0.8634470105171204,-0.943518340587616,0.0,0.6000000238418579,0,40,0,39,0.7832887768745422,2.1936318285639365,0.04293859377555264,71.0,0.21119419044811055,85.47,1,running
recovery_pair04_positive,4,positive,3,233,0.529352605342865,0.5036150813102722,0.5441188812255859,0.6744636297225952,1.0,1.0,1.0,1.0,1.0,0.2237967997789383,0.8717073798179626,-0.9458793997764587,0.01964958943426609,0.9968761205673218,0.07898107171058655,0.47483333945274353,0.8722856640815735,-0.9450247883796692,0.043614283204078674,-0.28350743651390076,1,41,0,40,0.7832887768745422,2.194893767040079,0.04690878487934949,72.0,0.21080682736598583,85.6,1,running
recovery_pair04_positive,4,positive,3,234,0.5285398960113525,0.4965658187866211,0.5390651226043701,0.6710697412490845,1.0,1.0,1.0,1.0,1.0,0.22772693634033203,0.8634470105171204,-0.943518340587616,0.01961355097591877,0.9970527291297913,0.07671903073787689,0.47555556893348694,0.8710492849349976,-0.9445286393165588,0.043552465736866,-0.2833586037158966,1,41,0,40,0.7970442771911621,2.1980733701739825,0.05570470538484219,68.0,0.21060123929165728,92.14,1,running
recovery_pair04_positive,4,positive,3,235,0.5420905947685242,0.5032048225402832,0.5288107395172119,0.6415767073631287,0.9500764608383179,1.0,1.0,1.0,1.0,0.2524074614048004,0.8722856640815735,-0.9450247883796692,0.01959441788494587,0.9993025660514832,-0.03734136372804642,0.511888861656189,0.8775485157966614,-0.9465201497077942,0.04387742653489113,-0.28395605087280273,1,41,0,40,0.8834261298179626,2.201721938089996,0.0642593756583969,65.0,0.21133036042097914,97.66,1,running
recovery_pair04_positive,4,positive,3,236,0.5536354780197144,0.5082562565803528,0.5214052796363831,0.6134518384933472,0.8717151284217834,1.0,1.0,1.0,1.0,1.0,0.8710492849349976,-0.9445286393165588,0.019662249833345413,0.9910764694213867,-0.13329431414604187,0.542555570602417,0.8665995001792908,-0.9441558718681335,0.04332997649908066,-0.283246785402298,1,41,0,40,1.7675224542617798,2.20571877249262,0.07235256776701218,62.0,0.2129196561630021,103.06,1,running
recovery_pair04_positive,4,positive,3,237,0.5694872140884399,0.5050064325332642,0.5119017958641052,0.5898633003234863,0.8146428465843201,1.0,1.0,1.0,1.0,1.0,0.8775485157966614,-0.9465201497077942,0.01981012150645256,0.9741339683532715,-0.2259712815284729,0.5725555419921875,0.871854841709137,-0.9454341530799866,0.04359274357557297,-0.28363025188446045,1,41,0,40,1.7675224542617798,2.209943304551217,0.07980909822250516,58.0,0.21523836775910404,109.26,1,running
recovery_pair04_positive,4,positive,3,238,0.5908764004707336,0.5165920853614807,0.5066940188407898,0.5626800656318665,0.7505777478218079,1.0,1.0,1.0,1.0,1.0,0.8665995001792908,-0.9441558718681335,0.02002585679292679,0.9440314769744873,-0.32985541224479675,0.6069999933242798,0.8784546256065369,-0.9472854137420654,0.0,0.6000000238418579,0,42,0,41,1.7732176780700684,2.211474253916216,0.08221271201765737,60.0,0.21621842043129788,107.98,1,running
recovery_pair04_positive,4,positive,3,239,0.5745719075202942,0.5092651844024658,0.5066336393356323,0.5827183127403259,0.7872340083122253,1.0,1.0,1.0,1.0,1.0,0.871854841709137,-0.9454341530799866,0.020117035135626793,0.9511643052101135,-0.3086850047111511,0.5998888611793518,0.8760662078857422,-0.9465019702911377,0.0,0.6000000238418579,0,42,0,41,1.7463910579681396,2.2109652056360565,0.08113274420434637,67.0,0.2159486599220748,100.67,1,running
recovery_pair04_positive,4,positive,3,240,0.5416969656944275,0.49896886944770813,0.5275668501853943,0.625770628452301,0.9370856285095215,1.0,1.0,1.0,1.0,1.0,0.8784546256065369,-0.9472854137420654,0.020091937854886055,0.9827098846435547,-0.1851520985364914,0.5592777729034424,0.8668267130851746,-0.9440516829490662,0.0,0.6000000238418579,0,42,0,41,0.806196928024292,2.210602086195723,0.08003897156566174,74.0,0.21583058419279047,93.36,1,running
recovery_pair04_positive,4,positive,3,241,0.5207443833351135,0.5015589594841003,0.5451985001564026,0.6991597414016724,1.0,1.0,1.0,1.0,1.0,0.23034198582172394,0.8760662078857422,-0.9465019702911377,0.02008095197379589,0.9982810020446777,-0.058609455823898315,0.518666684627533,0.8802325129508972,-0.947476327419281,0.0,0.6000000238418579,0,42,0,41,0.7409680485725403,2.210481302626248,0.07946840870426443,80.0,0.21583834018525475,87.21,1,running
recovery_pair04_positive,4,positive,3,242,0.5031996369361877,0.5094154477119446,0.5795221328735352,0.7871070504188538,1.0,1.0,1.0,1.0,1.0,0.21170516312122345,0.8668267130851746,-0.9440516829490662,0.020081687718629837,0.9988146424293518,0.04867544397711754,0.484499990940094,0.8812495470046997,-0.9484179019927979,0.044062476605176926,-0.28452539443969727,1,43,0,42,0.7409680485725403,2.2104599657042305,0.07927359335692269,84.0,0.21586075513195613,83.16,1,running
recovery_pair04_positive,4,positive,3,243,0.5044490694999695,0.5148075222969055,0.6047258973121643,0.8507446050643921,1.0,1.0,1.0,1.0,1.0,0.21300983428955078,0.8802325129508972,-0.947476327419281,0.02008376270532608,0.9928826093673706,0.11909715831279755,0.4620000123977661,0.8833488821983337,-0.9496241807937622,0.04416744410991669,-0.28488725423812866,1,43,0,42,0.7455344200134277,2.2106673490515023,0.08168094650283096,85.0,0.21554110204495974,82.79,1,running
recovery_pair04_positive,4,positive,3,244,0.5021678805351257,0.5141140222549438,0.6082981824874878,0.868763267993927,1.0,1.0,1.0,1.0,1.0,0.21452108025550842,0.8812495470046997,-0.9484179019927979,0.020054025575518608,0.9920927882194519,0.12550638616085052,0.4599444568157196,0.8840332627296448,-0.9499209523200989,0.04420166462659836,-0.2849763035774231,1,43,0,42,0.7508237957954407,2.2115663461949917,0.09011442225948652,82.0,0.21480208854124133,88.04,1,running
recovery_pair04_positive,4,positive,3,245,0.5014874339103699,0.5127679705619812,0.5882425904273987,0.8100588917732239,1.0,1.0,1.0,1.0,1.0,0.2169644683599472,0.8833488821983337,-0.9496241807937622,0.019985273480415344,0.9994149208068848,0.03420178219676018,0.48911112546920776,0.8841537237167358,-0.9495115876197815,0.04420768842101097,-0.2848534882068634,1,43,0,42,0.7593756318092346,2.213046589848937,0.09930769706886679,79.0,0.2148721680139164,93.53,1,running
recovery_pair04_positive,4,positive,3,246,0.508510947227478,0.49862489104270935,0.5701847076416016,0.7527080774307251,1.0,1.0,1.0,1.0,1.0,0.22003959119319916,0.8840332627296448,-0.9499209523200989,0.019991781562566757,0.9981027245521545,-0.061571154743433,0.519611120223999,0.8841227293014526,-0.9489924907684326,0.04420613870024681,-0.2846977710723877,1,43,0,42,0.7701385617256165,2.215055148472171,0.10845787362033638,76.0,0.21587530656971274,99.0,1,running
recovery_pair04_positive,4,positive,3,247,0.5135752558708191,0.500527024269104,0.5535792708396912,0.7090314030647278,1.0,1.0,1.0,1.0,1.0,0.2311280518770218,0.8841537237167358,-0.9495115876197815,0.020085124298930168,0.9876883625984192,-0.15643446147441864,0.550000011920929,0.885281503200531,-0.9489730000495911,0.04426407441496849,-0.2846919000148773,1,43,0,42,0.8089481592178345,2.2175981392848336,0.11754104610288896,73.0,0.21781497275989076,104.44,1,running
recovery_pair04_positive,4,positive,3,248,0.5191119909286499,0.4928227365016937,0.5369371175765991,0.6716651916503906,1.0,1.0,1.0,1.0,1.0,0.2548568844795227,0.8841227293014526,-0.9489924907684326,0.020265590399503708,0.9684092998504639,-0.24936603009700775,0.5802222490310669,0.8856165409088135,-0.9486252665519714,0.044280827045440674,-0.2845875918865204,1,43,0,42,0.8919991254806519,2.220673455117773,0.12651052871016433,69.0,0.2206747198126117,110.81,1,running
recovery_pair04_positive,4,positive,3,249,0.5365644097328186,0.49289318919181824,0.5253921747207642,0.6406591534614563,0.96648770570755,1.0,1.0,1.0,1.0,1.0,0.885281503200531,-0.9489730000495911,0.0205316673964262,0.9347636699676514,-0.355270117521286,0.6156111359596252,0.8736628890037537,-0.9456464052200317,0.04368314519524574,-0.28369393944740295,1,43,0,42,1.7251261472702026,2.22421676100495,0.13519406723119032,66.0,0.22435717693171087,116.03,1,running
recovery_pair04_positive,4,positive,3,250,0.5439043045043945,0.49733397364616394,0.5133266448974609,0.6124609708786011,0.8859106302261353,1.0,1.0,1.0,1.0,1.0,0.8856165409088135,-0.9486252665519714,0.02087426744401455,0.8985643982887268,-0.43884170055389404,0.644611120223999,0.8774397373199463,-0.9463263154029846,0.043871987611055374,-0.28389790654182434,1,43,0,42,1.7406688928604126,2.228157775925979,0.14349675667027134,63.0,0.2287349551860765,121.07,1,running
recovery_pair04_positive,4,positive,3,251,0.5605775713920593,0.49824073910713196,0.512666642665863,0.5890001654624939,0.8178765177726746,1.0,1.0,1.0,1.0,1.0,0.8736628890037537,-0.9456464052200317,0.021281583234667778,0.856537401676178,-0.5160849094390869,0.6726111173629761,0.8816213607788086,-0.9473668932914734,0.0,0.6000000238418579,0,44,0,43,1.7314541339874268,2.232123525436001,0.15107547719420425,63.0,0.23334228200984022,122.86,1,running
recovery_pair04_positive,4,positive,3,252,0.559166669845581,0.49470117688179016,0.5052348375320435,0.5940085649490356,0.8182867169380188,1.0,1.0,1.0,1.0,1.0,0.8774397373199463,-0.9463263154029846,0.021710259839892387,0.8399988412857056,-0.5425881743431091,0.6825555562973022,0.8820191621780396,-0.9472941756248474,0.0,0.6000000238418579,0,44,0,43,1.7314541339874268,2.2345994078739118,0.15611792840575692,65.0,0.23636793055800895,122.01,1,running
recovery_pair04_positive,4,positive,3,253,0.5371350049972534,0.49978047609329224,0.5156592726707458,0.6028913259506226,0.8819664120674133,1.0,1.0,1.0,1.0,1.0,0.8816213607788086,-0.9473668932914734,0.021991753950715065,0.847955584526062,-0.5300672650337219,0.6778333187103271,0.8796756267547607,-0.946570098400116,0.0,0.6000000238418579,0,44,0,43,1.7285304069519043,2.2348455556771656,0.15658727657503857,71.0,0.2366699448185228,116.12,1,running
recovery_pair04_positive,4,positive,3,254,0.5174957513809204,0.49386581778526306,0.5310266613960266,0.6639143824577332,1.0,1.0,1.0,1.0,1.0,1.0,0.8820191621780396,-0.9472941756248474,0.022019866853952408,0.8978739380836487,-0.4402526021003723,0.645111083984375,0.8761299252510071,-0.946121871471405,0.0,0.6000000238418579,0,44,0,43,0.823356032371521,2.2345946968167087,0.15557318425577668,78.0,0.23629735925809786,108.88,1,running
recovery_pair04_positive,4,positive,3,255,0.5012585520744324,0.49677959084510803,0.5625136494636536,0.7484763264656067,1.0,1.0,1.0,1.0,1.0,0.23524458706378937,0.8796756267547607,-0.946570098400116,0.021985182538628578,0.9461983442306519,-0.3235871493816376,0.604888916015625,0.893162190914154,-0.9513133764266968,0.0,0.6000000238418579,0,44,0,43,0.7732647061347961,2.234466380759178,0.1545333968895389,85.0,0.23604756043060446,101.64,1,running
recovery_pair04_positive,4,positive,3,256,0.49054762721061707,0.509715735912323,0.6041768193244934,0.8672003746032715,1.0,1.0,1.0,1.0,1.0,0.2209327667951584,0.8761299252510071,-0.946121871471405,0.021961944177746773,0.979434609413147,-0.20176173746585846,0.5646666884422302,0.8971246480941772,-0.9536686539649963,0.0448562316596508,-0.2861005961894989,1,45,0,44,0.7732647061347961,2.2347282537521203,0.15875402197432278,86.0,0.23683195598897633,101.64,1,running
recovery_pair04_positive,4,positive,3,257,0.4906095862388611,0.507905900478363,0.5985571146011353,0.863577663898468,1.0,1.0,1.0,1.0,1.0,0.2233467549085617,0.893162190914154,-0.9513133764266968,0.022034939378499985,0.979434609413147,-0.20176173746585846,0.5646666884422302,0.8968116641044617,-0.9534968137741089,0.04484058544039726,-0.2860490679740906,1,45,0,44,0.7817136645317078,2.2357035003882624,0.16822714609636166,82.0,0.23923762407478846,107.86,1,running
recovery_pair04_positive,4,positive,3,258,0.4976133406162262,0.4970872402191162,0.5783447027206421,0.799379289150238,1.0,1.0,1.0,1.0,1.0,0.2264896184206009,0.8971246480941772,-0.9536686539649963,0.022258752956986427,0.951808750629425,-0.3066922128200531,0.5992222428321838,0.8963104486465454,-0.952692449092865,0.04481552168726921,-0.2858077585697174,1,45,0,44,0.7927136421203613,2.2372191772333845,0.17756809016815975,79.0,0.24249552521194184,112.97,1,running
recovery_pair04_positive,4,positive,3,259,0.5023661851882935,0.4927878677845001,0.5587263703346252,0.7483096122741699,1.0,1.0,1.0,1.0,1.0,0.23695632815361023,0.8968116641044617,-0.9534968137741089,0.02256186492741108,0.9207093119621277,-0.390249103307724,0.6276111006736755,0.8954172730445862,-0.9518275260925293,0.04477086290717125,-0.28554826974868774,1,45,0,44,0.8293471336364746,2.2391523648718916,0.18638713669014806,76.0,0.24635371188682736,117.89,1,running
recovery_pair04_positive,4,positive,3,260,0.5034503936767578,0.4844681918621063,0.5481622219085693,0.7015255093574524,1.0,1.0,1.0,1.0,1.0,0.26454803347587585,0.8963104486465454,-0.952692449092865,0.022920846939086914,0.8838472962379456,-0.4677755534648895,0.6549444198608398,0.8939228057861328,-0.9507681131362915,0.0446961410343647,-0.28523045778274536,1,45,0,44,0.9259181618690491,2.241651527516666,0.19540097197225903,73.0,0.25107563572702146,122.75,1,running
recovery_pair04_positive,4,positive,3,261,0.5166810154914856,0.48984789848327637,0.5285032987594604,0.6695916056632996,1.0,1.0,1.0,1.0,1.0,1.0,0.8954172730445862,-0.9518275260925293,0.02336016856133938,0.8410390019416809,-0.540974497795105,0.6819444298744202,0.8797520399093628,-0.9468219876289368,0.04398760199546814,-0.28404662013053894,1,45,0,44,1.7144676446914673,2.2446254595567923,0.20418123477949934,70.0,0.25643489497844646,127.46,1,running
recovery_pair04_positive,4,positive,3,262,0.5218737721443176,0.4907294809818268,0.521644651889801,0.6281195878982544,0.9591044187545776,1.0,1.0,1.0,1.0,1.0,0.8939228057861328,-0.9507681131362915,0.023858806118369102,0.793778121471405,-0.6082074046134949,0.7081111073493958,0.8802940845489502,-0.9464012384414673,0.04401470348238945,-0.28392037749290466,1,45,0,44,1.7175531387329102,2.24809945131826,0.21280878005295056,66.0,0.2624353936236831,133.03,1,running
recovery_pair04_positive,4,positive,3,263,0.5408724546432495,0.4942750036716461,0.5084469318389893,0.6036686301231384,0.8773695230484009,1.0,1.0,1.0,1.0,1.0,0.8797520399093628,-0.9468219876289368,0.024417094886302948,0.7309964895248413,-0.6823812127113342,0.7390555739402771,0.8836687803268433,-0.9470457434654236,0.0,0.6000000238418579,0,46,0,45,1.718626618385315,2.2496048701523947,0.2161151172833341,69.0,0.2649495103044988,130.6,1,running
recovery_pair04_positive,4,positive,3,264,0.5186620950698853,0.49103617668151855,0.5218600630760193,0.6377575993537903,0.9809080362319946,1.0,1.0,1.0,1.0,1.0,0.8802940845489502,-0.9464012384414673,0.02465100772678852,0.7592713236808777,-0.6507742404937744,0.7255555391311646,0.8810551166534424,-0.9464828968048096,0.0,0.6000000238418579,0,46,0,45,0.96363765001297,2.2493185165606926,0.2150960492744261,76.0,0.2643393829442779,123.41,1,running
recovery_pair04_positive,4,positive,3,265,0.4982800781726837,0.4890977740287781,0.5459467172622681,0.7157760262489319,1.0,1.0,1.0,1.0,1.0,0.2753250300884247,0.8836687803268433,-0.9470457434654236,0.024594241753220558,0.8347517848014832,-0.5506264567375183,0.6856111288070679,0.8963984251022339,-0.951361894607544,0.0,0.6000000238418579,0,46,0,45,0.8044173717498779,2.249155774737458,0.21403418141336036,83.0,0.26383473757209913,116.2,1,running
recovery_pair04_positive,4,positive,3,266,0.4881565272808075,0.5046917796134949,0.5919060707092285,0.8251151442527771,1.0,1.0,1.0,1.0,1.0,0.22983352839946747,0.8810551166534424,-0.9464828968048096,0.024547278881072998,0.8972583413124084,-0.4415058493614197,0.6455555558204651,0.9019192457199097,-0.9543889760971069,0.0,0.6000000238418579,0,46,0,45,0.7981413006782532,2.2491247286654543,0.2129398192501081,90.0,0.2634474649567026,108.98,1,running
recovery_pair04_positive,4,positive,3,267,0.48127034306526184,0.5162573456764221,0.6435986161231995,0.9976585507392883,1.0,1.0,1.0,1.0,1.0,0.22804036736488342,0.8963984251022339,-0.951361894607544,0.024511251598596573,0.9456321597099304,-0.32523807883262634,0.6054444313049316,0.9090886116027832,-0.9581096172332764,0.04545443132519722,-0.2874329090118408,1,47,0,46,0.7935599684715271,2.2490317950349312,0.21444614332550352,93.0,0.26385350211434505,106.3,1,running
recovery_pair04_positive,4,positive,3,268,0.48615244030952454,0.5229882597923279,0.667756974697113,1.0,1.0,1.0,1.0,1.0,1.0,0.22673141956329346,0.9019192457199097,-0.9543889760971069,0.024549026042222977,0.9598053097724915,-0.280666708946228,0.5905555486679077,0.9096007347106934,-0.958591103553772,0.04548003897070885,-0.2875773310661316,1,47,0,46,0.7935599684715271,2.2487497051386245,0.2237561302951796,90.0,0.2668114971654631,111.2,1,running
recovery_pair04_positive,4,positive,3,269,0.48855772614479065,0.5187857151031494,0.6299646496772766,0.9669215083122253,1.0,1.0,1.0,1.0,1.0,0.22693219780921936,0.9090886116027832,-0.9581096172332764,0.024824241176247597,0.9323238134384155,-0.3616245687007904,0.6177777647972107,0.9091470837593079,-0.9579297304153442,0.04545735567808151,-0.2873789370059967,1,47,0,46,0.794262707233429,2.2489944986184565,0.23334865554643433,87.0,0.27065395722923635,116.08,1,running
recovery_pair04_positive,4,positive,3,270,0.4898877739906311,0.5094479322433472,0.6058496236801147,0.8796196579933167,1.0,1.0,1.0,1.0,1.0,0.23238766193389893,0.9096007347106934,-0.958591103553772,0.02518175169825554,0.8981810808181763,-0.43962568044662476,0.6448888778686523,0.9059668779373169,-0.9561301469802856,0.045298345386981964,-0.2868390679359436,1,47,0,46,0.8133568167686462,2.249801535716694,0.24281333251137216,83.0,0.27523431111942337,121.82,1,running
recovery_pair04_positive,4,positive,3,271,0.49341267347335815,0.49811238050460815,0.5825898051261902,0.8147107362747192,1.0,1.0,1.0,1.0,1.0,0.2419520765542984,0.9091470837593079,-0.9579297304153442,0.025607910007238388,0.8497086763381958,-0.5272524356842041,0.6767777800559998,0.9036924242973328,-0.9546181559562683,0.04518462345004082,-0.2863854467868805,1,47,0,46,0.846832275390625,2.2511757171457467,0.25230855476778596,80.0,0.28058327270985733,126.47,1,running
recovery_pair04_positive,4,positive,3,272,0.49498221278190613,0.4952215552330017,0.5579980611801147,0.7492901086807251,1.0,1.0,1.0,1.0,1.0,0.2649582624435425,0.9059668779373169,-0.9561301469802856,0.026105564087629318,0.8041682243347168,-0.5944018363952637,0.7026110887527466,0.9005112051963806,-0.9528213143348694,0.04502556100487709,-0.28584641218185425,1,47,0,46,0.9273539185523987,2.253096693027148,0.2616621188164414,77.0,0.28657023704569573,130.97,1,running
recovery_pair04_positive,4,positive,3,273,0.49720263481140137,0.49198055267333984,0.539352297782898,0.7031084895133972,1.0,1.0,1.0,1.0,1.0,1.0,0.9036924242973328,-0.9546181559562683,0.026662589982151985,0.7550529837608337,-0.655663788318634,0.7276111245155334,0.8843633532524109,-0.9478668570518494,0.044218167662620544,-0.2843600809574127,1,47,0,46,1.6902899742126465,2.255428536103222,0.27044215290556406,73.0,0.292823398413091,136.27,1,running
recovery_pair04_positive,4,positive,3,274,0.506748378276825,0.4829399883747101,0.5287474989891052,0.6720885038375854,1.0,1.0,1.0,1.0,1.0,1.0,0.9005112051963806,-0.9528213143348694,0.02724439650774002,0.6912608742713928,-0.722605288028717,0.7570555806159973,0.8836021423339844,-0.9469853043556213,0.04418010637164116,-0.2840956151485443,1,47,0,46,1.6902899742126465,2.258224643136827,0.27905358670520897,70.0,0.29953626938607947,140.45,1,running
recovery_pair04_positive,4,positive,3,275,0.5144742727279663,0.4915345013141632,0.5203283429145813,0.6375892758369446,0.9766987562179565,1.0,1.0,1.0,1.0,1.0,0.8843633532524109,-0.9478668570518494,0.02786897122859955,0.6367513537406921,-0.7710692286491394,0.7802777886390686,0.8835484981536865,-0.9465191960334778,0.0,0.6000000238418579,0,48,0,47,1.6789854764938354,2.2601489654243414,0.28430780738528316,72.0,0.30387866038494615,139.12,1,running
recovery_pair04_positive,4,positive,3,276,0.513543426990509,0.4797101318836212,0.523533046245575,0.6587420105934143,1.0,1.0,1.0,1.0,1.0,1.0,0.8836021423339844,-0.9469853043556213,0.02827298454940319,0.6544769406318665,-0.7560819983482361,0.7728888988494873,0.8832917809486389,-0.9466152787208557,0.0,0.6000000238418579,0,48,0,47,1.6789854764938354,2.259915348791838,0.28329901279527275,79.0,0.3031582087055554,131.98,1,running
recovery_pair04_positive,4,positive,3,277,0.4852916896343231,0.4947073757648468,0.5579244494438171,0.747269332408905,1.0,1.0,1.0,1.0,1.0,1.0,0.8835484981536865,-0.9465191960334778,0.028205951675772667,0.7433783411979675,-0.6688711643218994,0.733222246170044,0.8871359825134277,-0.9490509033203125,0.0,0.6000000238418579,0,48,0,47,0.861057698726654,2.259849129857977,0.282708492833569,85.0,0.30279785150361227,125.89,1,running
recovery_pair04_positive,4,positive,3,278,0.4849821925163269,0.49830976128578186,0.6011222004890442,0.8624553680419922,1.0,1.0,1.0,1.0,1.0,0.2460164874792099,0.8832917809486389,-0.9466152787208557,0.02817242033779621,0.8101439476013184,-0.586230993270874,0.699388861656189,0.9071394205093384,-0.9558802247047424,0.0,0.6000000238418579,0,48,0,47,0.8237484693527222,2.2598610160431525,0.2818248938540095,92.0,0.30235539445853293,118.74,1,running
recovery_pair04_positive,4,positive,3,279,0.483285129070282,0.5272409319877625,0.6598427891731262,1.0,1.0,1.0,1.0,1.0,1.0,0.23535670340061188,0.8871359825134277,-0.9490509033203125,0.028131255879998207,0.8768106698989868,-0.4808357357978821,0.6596666574478149,0.9145516157150269,-0.9597918391227722,0.0,0.6000000238418579,0,48,0,47,0.8237484693527222,2.25998043497554,0.28087578954518716,99.0,0.30197411042876104,111.58,1,running
recovery_pair04_positive,4,positive,3,280,0.49136659502983093,0.5553134679794312,0.7446877360343933,1.0,1.0,1.0,1.0,1.0,1.0,0.23641040921211243,0.9071394205093384,-0.9558802247047424,0.028095781803131104,0.9299049377441406,-0.3677999675273895,0.6198889017105103,0.9168369174003601,-0.9614909887313843,0.0,0.6000000238418579,0,48,0,47,0.8274364471435547,2.260211831258401,0.2799495364906549,106.0,0.3017035188801121,104.4,1,running
recovery_pair04_positive,4,positive,3,281,0.5044444799423218,0.6001874208450317,0.8734736442565918,1.0,1.0,1.0,1.0,1.0,0.24855577945709229,0.25103989243507385,0.9145516157150269,-0.9597918391227722,0.028070615604519844,0.9685831665992737,-0.24868988990783691,0.5799999833106995,0.9035847187042236,-0.9568470120429993,0.0,0.6000000238418579,0,48,0,47,0.8212726712226868,2.260560458394343,0.27903689952406724,113.0,0.3015438558795401,97.22,1,running
recovery_pair04_positive,4,positive,3,282,0.525006890296936,0.6563359498977661,1.0,1.0,1.0,1.0,1.0,1.0,0.23464933037757874,1.0,0.9168369174003601,-0.9614909887313843,0.02805575728416443,0.9920709133148193,-0.12567953765392303,0.5401111245155334,0.8957972526550293,-0.9569379687309265,0.0,0.6000000238418579,0,48,0,47,0.8209352493286133,2.2610386893231307,0.2781211181352015,120.0,0.301497905915454,90.03,1,running
recovery_pair04_positive,4,positive,3,283,0.5507304668426514,0.7485941052436829,1.0,1.0,1.0,1.0,1.0,0.31133535504341125,0.23455293476581573,1.0,0.9035847187042236,-0.9568470120429993,0.028051480650901794,0.9999998807907104,-0.0005235987482592463,0.500166654586792,0.8994632959365845,-0.9552012085914612,0.0,0.6000000238418579,0,48,0,47,0.8209352493286133,2.2618624254249875,0.2769032277965085,126.0,0.3016052597383976,83.75,1,running
recovery_pair04_positive,4,positive,3,284,0.5965786576271057,0.864441454410553,1.0,1.0,1.0,1.0,1.0,0.24752011895179749,0.2577957212924957,1.0,0.8957972526550293,-0.9569379687309265,0.02806147187948227,0.9940563440322876,0.10886687785387039,0.4652777910232544,0.9048497676849365,-0.9577599167823792,0.0,0.6000000238418579,0,48,0,47,0.8227266073226929,2.262727504877243,0.2758800494696073,133.0,0.3018515584104696,76.5,1,running
recovery_pair04_positive,4,positive,3,285,0.6539661288261414,1.0,1.0,1.0,1.0,1.0,1.0,0.23506474494934082,1.0,1.0,0.8994632959365845,-0.9552012085914612,0.02808437868952751,0.972369909286499,0.23344536125659943,0.42500001192092896,0.9254945516586304,-0.9668145179748535,0.0,0.6000000238418579,0,48,0,47,0.8227266073226929,2.263606238381043,0.27507829776984594,140.0,0.3022237526590489,69.28,1,running
recovery_pair04_positive,4,positive,3,286,0.7427607178688049,1.0,1.0,1.0,1.0,1.0,1.0,0.23834128677845,1.0,1.0,0.9048497676849365,-0.9577599167823792,0.02811901643872261,0.9353206157684326,0.35380133986473083,0.3848888874053955,0.9254837036132812,-0.9672887921333313,0.06703729182481766,0.6000000238418579,0,48,0,47,0.8341944813728333,2.258878375837415,0.2784258681408982,147.0,0.2997830008358314,63.28,1,running
recovery_pair04_positive,4,positive,3,287,0.882593035697937,1.0,1.0,1.0,1.0,1.0,0.24780793488025665,0.25890490412712097,1.0,1.0,0.9254945516586304,-0.9668145179748535,0.02789192833006382,0.8932144641876221,0.44963082671165466,0.35155555605888367,0.9380538463592529,-0.9731083512306213,0.06663049757480621,0.6000000238418579,0,48,0,47,0.81867516040802,2.248315600392375,0.284505308061798,154.0,0.2939174500783222,58.34,1,running
recovery_pair04_positive,4,positive,3,288,1.0,1.0,1.0,1.0,1.0,1.0,0.23390719294548035,1.0,1.0,1.0,0.9254837036132812,-0.9672887921333313,0.027346184477210045,0.8511777520179749,0.5248775482177734,0.32411110401153564,0.9394044876098633,-0.976433515548706,0.06565290689468384,0.6000000238418579,0,48,0,47,0.81867516040802,2.237218117845457,0.28921405326472577,161.0,0.2872321643055497,53.32,1,running
recovery_pair04_positive,4,positive,3,289,1.0,1.0,1.0,1.0,1.0,1.0,0.24162165820598602,1.0,1.0,1.0,0.9380538463592529,-0.9731083512306213,0.026724187657237053,0.8019841909408569,0.597345232963562,0.2962222099304199,0.9368951320648193,-0.9756501913070679,0.06453869491815567,0.6000000238418579,0,48,0,47,0.8456758260726929,2.2260561311401994,0.29243447413204304,167.0,0.27997278789085833,49.16,1,running
recovery_pair04_positive,4,positive,3,290,1.0,1.0,1.0,1.0,1.0,0.24182353913784027,0.2508760392665863,1.0,1.0,1.0,0.9394044876098633,-0.976433515548706,0.026048770174384117,0.7565386891365051,0.6539489030838013,0.27311110496520996,0.9493704438209534,-0.9787063598632812,0.06332879513502121,0.6000000238418579,0,48,0,47,0.7985152006149292,2.2147156820252505,0.2942959947003683,174.0,0.27203793312561747,43.88,1,running
recovery_pair04_positive,4,positive,3,291,1.0,1.0,1.0,1.0,1.0,0.22814719378948212,1.0,1.0,1.0,1.0,0.9368951320648193,-0.9756501913070679,0.025310512632131577,0.6931502819061279,0.7207931280136108,0.2437777817249298,0.9393911361694336,-0.974805474281311,0.10897587984800339,-0.2924416661262512,1,49,0,48,0.7589151859283447,2.1983158753367467,0.2955306018734666,175.0,0.26008648009153174,45.31,1,running
recovery_pair04_positive,4,positive,3,292,1.0,1.0,1.0,1.0,1.0,0.21683290600776672,1.0,1.0,1.0,1.0,0.9493704438209534,-0.9787063598632812,0.024198541417717934,0.7109222412109375,0.7032706141471863,0.25172221660614014,0.9403886795043945,-0.9751303195953369,0.10703384876251221,-0.292539119720459,1,49,0,48,0.7589151859283447,2.1763964125207353,0.29806195588544565,172.0,0.24553983324249104,52.08,1,running
recovery_pair04_positive,4,positive,3,293,1.0,1.0,1.0,1.0,1.0,0.21901296079158783,0.2380433827638626,1.0,1.0,1.0,0.9393911361694336,-0.974805474281311,0.022845113649964333,0.7888696193695068,0.614560604095459,0.2893333435058594,0.9509226679801941,-0.9792006611824036,0.10513610392808914,-0.29376021027565,1,49,0,48,0.7665453553199768,2.1550131341686747,0.30181519799587436,168.0,0.2334510952522128,60.39,1,running
recovery_pair04_positive,4,positive,3,294,1.0,1.0,1.0,1.0,1.0,0.22417981922626495,0.22171521186828613,1.0,1.0,1.0,0.9403886795043945,-0.9751303195953369,0.021720372140407562,0.8694087266921997,0.4940936267375946,0.33550000190734863,0.9541437029838562,-0.9802974462509155,0.10328236222267151,-0.29408925771713257,1,49,0,48,0.741776704788208,2.134403682410222,0.3066753516053135,165.0,0.22417641751241654,68.16,1,running
recovery_pair04_positive,4,positive,3,295,1.0,1.0,1.0,1.0,1.0,0.236920565366745,0.21193620562553406,1.0,1.0,1.0,0.9509226679801941,-0.9792006611824036,0.02085745707154274,0.9282263517379761,0.37201595306396484,0.3786666691303253,0.9567973613739014,-0.9811708331108093,0.10186927020549774,-0.2943512499332428,1,49,0,48,0.688980221748352,2.1146925983426867,0.312565577395025,161.0,0.21792986233515785,77.25,1,running
recovery_pair04_positive,4,positive,3,296,1.0,1.0,1.0,1.0,1.0,1.0,0.19685149192810059,1.0,1.0,1.0,0.9541437029838562,-0.9802974462509155,0.020276278257369995,0.975342333316803,0.22069743275642395,0.42916667461395264,0.9482432007789612,-0.9789968729019165,0.04741216078400612,-0.29369908571243286,1,49,0,48,0.688980221748352,2.1014456838820013,0.31730681912293485,159.0,0.2154296135945594,82.91,1,running
recovery_pair04_positive,4,positive,3,297,1.0,1.0,1.0,1.0,1.0,1.0,0.1969977468252182,1.0,1.0,1.0,0.9567973613739014,-0.9811708331108093,0.02004365064203739,0.9923534989356995,0.12342827767133713,0.46061110496520996,0.9503282308578491,-0.9795683026313782,0.047516413033008575,-0.2938705086708069,1,49,0,48,0.685135006904602,2.0921898020647633,0.32123064210993374,155.0,0.21476612006071855,89.58,1,running
recovery_pair04_positive,4,positive,3,298,1.0,1.0,1.0,1.0,1.0,1.0,0.19575285911560059,0.222502663731575,1.0,1.0,0.9482432007789612,-0.9789968729019165,0.01998191885650158,0.9999731183052063,0.007330317050218582,0.4976666569709778,0.9534621238708496,-0.9785740971565247,0.04767310619354248,-0.29357224702835083,1,49,0,48,0.685135006904602,2.083172291135862,0.3257155334839524,152.0,0.21518170623839528,95.26,1,running
recovery_pair04_positive,4,positive,3,299,1.0,1.0,1.0,1.0,1.0,1.0,0.20172248780727386,0.200046107172966,1.0,1.0,0.9503282308578491,-0.9795683026313782,0.020020585507154465,0.9957889318466187,-0.09167541563510895,0.5292222499847412,0.9551355838775635,-0.9790334701538086,0.047756779938936234,-0.29371005296707153,1,49,0,48,0.6700367331504822,2.0746145766860478,0.3306164880614182,148.0,0.21661522884910353,101.85,1,running
recovery_pair04_positive,4,positive,3,300,1.0,1.0,1.0,1.0,1.0,1.0,0.1987902969121933,0.19143906235694885,1.0,1.0,0.9534621238708496,-0.9785740971565247,0.020153958350419998,0.9786885380744934,-0.20535019040107727,0.565833330154419,0.9569039344787598,-0.9795536398887634,0.04784519597887993,-0.2938660979270935,1,49,0,48,0.6470871567726135,2.0662579752628445,0.336066494826744,145.0,0.219069072220175,107.4,1,near_goal_safe_timeout
recovery_pair04_negative,4,negative,1,265,0.525642454624176,0.6208351850509644,0.8805417418479919,1.0,1.0,1.0,1.0,0.22658482193946838,0.2821910083293915,1.0,0.7531521320343018,-0.89488285779953,0.03727628290653229,0.17571036517620087,0.984441876411438,0.05622222274541855,0.7624919414520264,-0.8987901210784912,0.12156566232442856,-0.2696370482444763,1,45,0,45,0.7930468916893005,2.1649033234272475,-0.47114208407417074,105.0,0.3813785770520709,10.62,1,running
recovery_pair04_negative,4,negative,1,266,0.5242196321487427,0.6236567497253418,0.8885759115219116,1.0,1.0,1.0,1.0,0.22777019441127777,0.26158639788627625,1.0,0.7569057941436768,-0.896388590335846,0.03548360615968704,0.1842944473028183,0.9828710556030273,0.05900000035762787,0.7630180716514587,-0.899056613445282,0.11838066577911377,-0.2697170078754425,1,45,0,45,0.7942008972167969,2.1592577934577566,-0.449166641645972,103.0,0.3591496235073686,13.32,1,running
recovery_pair04_negative,4,negative,1,267,0.5216661095619202,0.6110605001449585,0.8343076705932617,1.0,1.0,1.0,1.0,0.22691453993320465,0.2372594028711319,1.0,0.7624919414520264,-0.8987901210784912,0.03341541439294815,0.23038943111896515,0.9730985164642334,0.07400000095367432,0.7585515975952148,-0.8969914317131042,0.11445251107215881,-0.2690974473953247,1,45,0,45,0.7687047719955444,2.154520465016947,-0.42613216266117876,100.0,0.33645587558158824,17.34,1,running
recovery_pair04_negative,4,negative,1,268,0.5170887112617493,0.5860291719436646,0.7922831177711487,1.0,1.0,1.0,1.0,0.2364281266927719,0.2196299284696579,1.0,0.7630180716514587,-0.899056613445282,0.03130397945642471,0.29804134368896484,0.954552948474884,0.0963333323597908,0.7562661170959473,-0.8961393237113953,0.11055595427751541,-0.26884180307388306,1,45,0,45,0.7317026257514954,2.1511259141757972,-0.4035429671652161,97.0,0.3149168550807575,21.68,1,running
recovery_pair04_negative,4,negative,1,269,0.5156758427619934,0.5678587555885315,0.7478666305541992,1.0,1.0,1.0,1.0,1.0,0.20905789732933044,1.0,0.7585515975952148,-0.8969914317131042,0.029299981892108917,0.36942240595817566,0.9292615652084351,0.12044444680213928,0.7568941712379456,-0.9079676866531372,0.1069975197315216,-0.27239030599594116,1,45,0,45,0.7317026257514954,2.1490540119274,-0.3817823890490442,94.0,0.2949575357405903,26.35,1,running
recovery_pair04_negative,4,negative,1,270,0.5150517821311951,0.559245228767395,0.7051874995231628,1.0,1.0,1.0,1.0,1.0,0.20964215695858002,1.0,0.7562661170959473,-0.8961393237113953,0.027442961931228638,0.44385334849357605,0.8960994482040405,0.14638888835906982,0.7604218125343323,-0.9093437790870667,0.10384735465049744,-0.2728031575679779,1,45,0,45,0.7286927103996277,2.1481747531566056,-0.36059945079124595,91.0,0.27641302347794355,31.42,1,running
recovery_pair04_negative,4,negative,1,271,0.5159972906112671,0.5480355620384216,0.6798668503761292,1.0,1.0,1.0,1.0,1.0,0.2081979215145111,0.2398867905139923,0.7568941712379456,-0.9079676866531372,0.02571757137775421,0.5213075280189514,0.853368878364563,0.17455555498600006,0.7953914403915405,-0.9177365899085999,0.10250507295131683,-0.27532097697257996,1,45,0,45,0.7286927103996277,2.148450421615694,-0.3396124423460607,88.0,0.2590986125825208,36.96,1,running
recovery_pair04_negative,4,negative,1,272,0.5142027735710144,0.53721684217453,0.6507476568222046,0.956266462802887,1.0,1.0,1.0,1.0,0.2154489904642105,0.21597518026828766,0.7604218125343323,-0.9093437790870667,0.024106627330183983,0.60125732421875,0.7990554571151733,0.20533333718776703,0.7983620762825012,-0.918796181678772,0.09976787865161896,-0.2756388783454895,1,45,0,45,0.7245702147483826,2.1498633319828753,-0.31906264883314345,84.0,0.24340949210544033,44.0,1,running
recovery_pair04_negative,4,negative,1,273,0.5196965336799622,0.5267558097839355,0.6200628876686096,0.8762084245681763,1.0,1.0,1.0,1.0,0.22844411432743073,0.20702005922794342,0.7953914403915405,-0.9177365899085999,0.02264690399169922,0.6946583986282349,0.7193397879600525,0.24444444477558136,0.8023079037666321,-0.920174777507782,0.09735031425952911,-0.27605244517326355,1,45,0,45,0.7129015326499939,2.1523502497526166,-0.2991427943465234,81.0,0.22968479689440116,50.55,1,running
recovery_pair04_negative,4,negative,1,274,0.5233269929885864,0.522908627986908,0.6006103754043579,0.8154917359352112,1.0,1.0,1.0,1.0,1.0,0.20368614792823792,0.7983620762825012,-0.918796181678772,0.02136995457112789,0.772179365158081,0.6354045867919922,0.28083333373069763,0.8417869806289673,-0.9356181621551514,0.09703681617975235,-0.2806854546070099,1,45,0,45,0.6900824904441833,2.1558423266567246,-0.2796837544094979,78.0,0.2179920917235969,57.63,1,running
recovery_pair04_negative,4,negative,1,275,0.5271643996238708,0.517155110836029,0.583160400390625,0.7674483060836792,1.0,1.0,1.0,1.0,1.0,0.19716642796993256,0.8023079037666321,-0.920174777507782,0.020282063633203506,0.8446083664894104,0.5353846549987793,0.320166677236557,0.8471099734306335,-0.9373421669006348,0.09535418450832367,-0.28120267391204834,1,45,0,45,0.6900824904441833,2.160350618198949,-0.2605965911132542,75.0,0.20854639159561003,65.25,1,running
recovery_pair04_negative,4,negative,1,276,0.5271841883659363,0.5118910670280457,0.5628189444541931,0.721136748790741,1.0,1.0,1.0,1.0,1.0,0.20982049405574799,0.8417869806289673,-0.9356181621551514,0.019403228536248207,0.908143162727356,0.4186597466468811,0.36250001192092896,0.8531461954116821,-0.939152181148529,0.09408171474933624,-0.28174567222595215,1,45,0,45,0.7343717217445374,2.165788043681945,-0.2423953272600039,71.0,0.20184737588614307,74.22,1,running
recovery_pair04_negative,4,negative,1,277,0.5411451458930969,0.5104690790176392,0.544710099697113,0.6782087087631226,1.0,1.0,1.0,1.0,1.0,0.21388038992881775,0.8471099734306335,-0.9373421669006348,0.018779946491122246,0.9623129963874817,0.2719443440437317,0.41233333945274353,0.8614635467529297,-0.9417830109596252,0.043073177337646484,-0.2825349271297455,1,45,0,45,0.7485813498497009,2.1704626769384765,-0.22910433826341975,69.0,0.19857057886914115,80.14,1,success
recovery_pair04_negative,4,negative,2,258,0.5152441263198853,0.527837872505188,0.6390295028686523,0.9397426247596741,1.0,1.0,1.0,1.0,0.22448597848415375,1.0,0.7620342373847961,-0.9049490094184875,0.038972411304712296,0.43491679430007935,0.9004706144332886,0.14322222769260406,0.7431440353393555,-0.9026325345039368,0.12363658845424652,-0.27078977227211,1,45,0,44,0.7857009172439575,2.1642390533814453,-0.48821395074578106,84.0,0.39656516123689284,30.47,1,running
recovery_pair04_negative,4,negative,2,259,0.5127245187759399,0.526050329208374,0.6129154562950134,0.8621797561645508,1.0,1.0,1.0,1.0,0.22465918958187103,0.25643178820610046,0.7410034537315369,-0.9019071459770203,0.03689657151699066,0.5070871710777283,0.8618947863578796,0.16927777230739594,0.7695090174674988,-0.9078198075294495,0.12123630940914154,-0.27234596014022827,1,45,0,44,0.786307156085968,2.166930561686152,-0.4676903990693478,81.0,0.3791573260959724,35.12,1,running
recovery_pair04_negative,4,negative,2,260,0.5193604826927185,0.5207958817481995,0.5907921195030212,0.8060317635536194,1.0,1.0,1.0,1.0,0.23464439809322357,0.23212698101997375,0.7431440353393555,-0.9026325345039368,0.03527694195508957,0.5752907991409302,0.8179489374160767,0.19511111080646515,0.7723428010940552,-0.9089218974113464,0.11847669631242752,-0.27267658710479736,1,45,0,44,0.7871384620666504,2.1721689009026406,-0.4396735670266921,78.0,0.3567153540125188,40.86,1,running
recovery_pair04_negative,4,negative,2,261,0.5216068625450134,0.5110963582992554,0.5712248682975769,0.7585867643356323,1.0,1.0,1.0,1.0,0.24846628308296204,0.22489669919013977,0.7695090174674988,-0.9078198075294495,0.03318893164396286,0.6542129516601562,0.7563104033470154,0.22699999809265137,0.7777175903320312,-0.9108882546424866,0.11500510573387146,-0.2732664942741394,1,45,0,44,0.7648861408233643,2.17673916688483,-0.4208855713956868,75.0,0.3427157670482656,46.04,1,running
recovery_pair04_negative,4,negative,2,262,0.5295539498329163,0.5090505480766296,0.5595492124557495,0.7134227156639099,1.0,1.0,1.0,1.0,1.0,0.21853889524936676,0.7723428010940552,-0.9089218974113464,0.031886402517557144,0.7198246121406555,0.6941559910774231,0.2557777762413025,0.8211435079574585,-0.9280614852905273,0.11484313756227493,-0.2784184515476227,1,45,0,44,0.7648861408233643,2.1847663229676377,-0.3947217613625973,71.0,0.3250779167177737,53.64,1,running
recovery_pair04_negative,4,negative,2,263,0.5342658162117004,0.5090887546539307,0.5428425669670105,0.671938955783844,1.0,1.0,1.0,1.0,1.0,0.22010575234889984,0.7777175903320312,-0.9108882546424866,0.03024536930024624,0.8053078651428223,0.5928568243980408,0.2980000078678131,0.8291127681732178,-0.9308702349662781,0.11230196058750153,-0.2792610824108124,1,45,0,44,0.7703701257705688,2.1928876414669176,-0.3731020734496472,68.0,0.31248220617557754,60.12,1,running
recovery_pair04_negative,4,negative,2,264,0.5479949712753296,0.5084212422370911,0.531237781047821,0.6375855803489685,0.9507500529289246,1.0,1.0,1.0,1.0,0.22251488268375397,0.8211435079574585,-0.9280614852905273,0.029073452576994896,0.8670706748962402,0.49818509817123413,0.33399999141693115,0.8403840065002441,-0.9346405863761902,0.11076623201370239,-0.28039219975471497,1,45,0,44,0.7788020968437195,2.202017332501745,-0.3523885457709788,65.0,0.3024812865725093,66.9,1,running
recovery_pair04_negative,4,negative,2,265,0.551417350769043,0.5055258870124817,0.5162976980209351,0.6082778573036194,0.8693777322769165,1.0,1.0,1.0,1.0,0.23924265801906586,0.8291127681732178,-0.9308702349662781,0.028284577652812004,0.9152411818504333,0.4029064476490021,0.36800000071525574,0.8486039638519287,-0.9372219443321228,0.10951041430234909,-0.28116658329963684,1,45,0,44,0.8373492956161499,2.2121844897534664,-0.33238107708002096,61.0,0.2951235052864842,74.97,1,running
recovery_pair04_negative,4,negative,2,266,0.5683687329292297,0.5074456334114075,0.5139185786247253,0.5914055109024048,0.8056387305259705,1.0,1.0,1.0,1.0,1.0,0.8403840065002441,-0.9346405863761902,0.027458393946290016,0.9657901525497437,0.2593247592449188,0.4165000021457672,0.8428685665130615,-0.9374434947967529,0.042143430560827255,-0.2812330722808838,1,45,0,44,1.7518175840377808,2.2191721262384445,-0.3199493966562988,60.0,0.29183306044564755,78.68,1,running
recovery_pair04_negative,4,negative,2,267,0.5774158835411072,0.500519335269928,0.5069501399993896,0.5689939260482788,0.772685170173645,1.0,1.0,1.0,1.0,1.0,0.8486039638519287,-0.9372219443321228,0.02715226449072361,0.9805461764335632,0.19628843665122986,0.43711110949516296,0.8469688892364502,-0.9384654760360718,0.04234844446182251,-0.281539648771286,1,45,0,44,1.7518175840377808,2.2248514784663387,-0.31065791670698395,57.0,0.29016176518345693,83.8,1,running
recovery_pair04_negative,4,negative,2,268,0.5986559987068176,0.5116406679153442,0.5072511434555054,0.5520207285881042,0.7278772592544556,1.0,1.0,1.0,1.0,1.0,0.8428685665130615,-0.9374434947967529,0.026996750384569168,0.9941509366035461,0.10799935460090637,0.4655555486679077,0.8563708662986755,-0.9414911866188049,0.0,0.6000000238418579,0,46,0,45,1.7550479173660278,2.227550986404248,-0.306656371234864,58.0,0.28976431330944885,83.75,1,running
recovery_pair04_negative,4,negative,2,269,0.5891169905662537,0.5118364095687866,0.5014422535896301,0.5619692206382751,0.7334636449813843,1.0,1.0,1.0,1.0,1.0,0.8469688892364502,-0.9384654760360718,0.026959775015711784,0.9940563440322876,0.10886687785387039,0.4652777910232544,0.8555842041969299,-0.9411418437957764,0.0,0.6000000238418579,0,46,0,45,0.9121429324150085,2.227095604587542,-0.30750187037718346,63.0,0.2899317114387997,78.56,1,running
recovery_pair04_negative,4,negative,2,270,0.553278386592865,0.49520114064216614,0.5106204152107239,0.6016653180122375,0.8473613858222961,1.0,1.0,1.0,1.0,0.26061227917671204,0.8563708662986755,-0.9414911866188049,0.026975352317094803,0.9801329374313354,0.19834165275096893,0.4364444315433502,0.8634746074676514,-0.9419963359832764,0.0,0.6000000238418579,0,46,0,45,0.8216856718063354,2.226638937359132,-0.3086792289233422,71.0,0.29030846000841487,70.32,1,running
recovery_pair04_negative,4,negative,2,271,0.5282008051872253,0.4979906380176544,0.5310898423194885,0.6515568494796753,1.0,1.0,1.0,1.0,1.0,0.23476733267307281,0.8555842041969299,-0.9411418437957764,0.027010412886738777,0.9415881633758545,0.3367666006088257,0.390666663646698,0.85145103931427,-0.9382029175758362,0.0,0.6000000238418579,0,46,0,45,0.7717667818069458,2.2263752031421404,-0.30974928228121845,78.0,0.2907729925634888,63.13,1,running
recovery_pair04_negative,4,negative,2,272,0.5044491291046143,0.5004034042358398,0.5637628436088562,0.7405062317848206,1.0,1.0,1.0,1.0,1.0,0.2205047905445099,0.8634746074676514,-0.9419963359832764,0.02705361880362034,0.8920342922210693,0.451967716217041,0.35072222352027893,0.8490263223648071,-0.9376102089881897,0.10758015513420105,-0.28128308057785034,1,47,0,46,0.7717667818069458,2.227147661327506,-0.30450290885677395,82.0,0.28811793844033196,60.03,1,running
recovery_pair04_negative,4,negative,2,273,0.5004659295082092,0.5049318075180054,0.5839092135429382,0.8062933683395386,1.0,1.0,1.0,1.0,1.0,0.22299380600452423,0.85145103931427,-0.9382029175758362,0.02680659294128418,0.866287112236023,0.49954646825790405,0.3334999978542328,0.8508139252662659,-0.9385326504707336,0.10722701251506805,-0.2815597951412201,1,47,0,46,0.7735739350318909,2.2311753434008956,-0.279793348904602,79.0,0.27696422658979825,67.58,1,running
recovery_pair04_negative,4,negative,2,274,0.5060280561447144,0.501545250415802,0.5630119442939758,0.7486234903335571,1.0,1.0,1.0,1.0,1.0,0.2210211306810379,0.8490263223648071,-0.9376102089881897,0.025768861174583435,0.9244129657745361,0.38139307498931885,0.3754444420337677,0.8553628921508789,-0.939833402633667,0.10559551417827606,-0.2819500267505646,1,47,0,46,0.7735739350318909,2.2350358582191037,-0.26224050493815704,76.0,0.2710391656060644,74.13,1,running
recovery_pair04_negative,4,negative,2,275,0.5110486745834351,0.49623289704322815,0.5446041226387024,0.7075936198234558,1.0,1.0,1.0,1.0,1.0,0.22684326767921448,0.8508139252662659,-0.9385326504707336,0.025217585265636444,0.961884617805481,0.2734556198120117,0.41183334589004517,0.8593324422836304,-0.9408984184265137,0.04296662285923958,-0.28226953744888306,1,47,0,46,0.7939514517784119,2.2393799281536824,-0.24639796506606004,72.0,0.2673895431399288,81.54,1,running
recovery_pair04_negative,4,negative,2,276,0.5164306163787842,0.48905521631240845,0.5343498587608337,0.6680505871772766,1.0,1.0,1.0,1.0,1.0,0.23946399986743927,0.8553628921508789,-0.939833402633667,0.024878017604351044,0.9891188144683838,0.14711891114711761,0.453000009059906,0.8642129302024841,-0.9422258138656616,0.043210648000240326,-0.28266775608062744,1,47,0,46,0.8381239771842957,2.242399012609184,-0.23777309426244103,69.0,0.26640373047956123,86.49,1,running
recovery_pair04_negative,4,negative,2,277,0.5268650650978088,0.4894046485424042,0.509936511516571,0.63252192735672,0.9568408727645874,1.0,1.0,1.0,1.0,0.2591899335384369,0.8593324422836304,-0.9408984184265137,0.024786299094557762,0.9981241226196289,0.06122274696826935,0.4805000126361847,0.867556631565094,-0.9430292844772339,0.0433778315782547,-0.2829087972640991,1,47,0,46,0.9071647524833679,2.2459130920819104,-0.22926777174814356,66.0,0.2662316969366776,91.47,1,running
recovery_pair04_negative,4,negative,2,278,0.5382109880447388,0.48914459347724915,0.5116087794303894,0.6042236089706421,0.8739525675773621,1.0,1.0,1.0,1.0,1.0,0.8642129302024841,-0.9422258138656616,0.02477029152214527,0.9996709227561951,-0.025653526186943054,0.5081666707992554,0.8561972975730896,-0.9407440423965454,0.0428098663687706,-0.2822232246398926,1,47,0,46,1.7120060920715332,2.2498685561678085,-0.22103647949563343,63.0,0.2668871796582817,96.43,1,running
recovery_pair04_negative,4,negative,2,279,0.551136314868927,0.4922882914543152,0.5042422413825989,0.5784711837768555,0.8075779676437378,1.0,1.0,1.0,1.0,1.0,0.867556631565094,-0.9430292844772339,0.024831287562847137,0.9937094449996948,-0.11198925226926804,0.5357221961021423,0.8622974753379822,-0.942342221736908,0.04311487451195717,-0.2827026844024658,1,47,0,46,1.7215806245803833,2.25352227988894,-0.21434760133522388,60.0,0.2680638138436515,101.04,1,running
recovery_pair04_negative,4,negative,2,280,0.5711571574211121,0.4936959743499756,0.4918801784515381,0.5597231984138489,0.7496933937072754,1.0,1.0,1.0,1.0,1.0,0.8561972975730896,-0.9407440423965454,0.024940766394138336,0.9814937114715576,-0.19149425625801086,0.5613333582878113,0.867762565612793,-0.9438340067863464,0.0,0.6000000238418579,0,48,0,47,1.7215806245803833,2.256482144256284,-0.20942409880468446,60.0,0.2693221449713337,102.24,1,running
recovery_pair04_negative,4,negative,2,281,0.5651628375053406,0.4977394938468933,0.4982284605503082,0.5625542402267456,0.7541805505752563,1.0,1.0,1.0,1.0,1.0,0.8622974753379822,-0.942342221736908,0.025057829916477203,0.9772680997848511,-0.21200710535049438,0.5680000185966492,0.8690332174301147,-0.9442108273506165,0.0,0.6000000238418579,0,48,0,47,1.701737880706787,2.256051716746302,-0.2102987676918597,66.0,0.2691808147686486,96.03,1,running
recovery_pair04_negative,4,negative,2,282,0.5289026498794556,0.48621082305908203,0.502656877040863,0.6097823977470398,0.8874284625053406,1.0,1.0,1.0,1.0,1.0,0.867762565612793,-0.9438340067863464,0.02504468895494938,0.99446702003479,-0.10504917800426483,0.5335000157356262,0.8589773774147034,-0.9412577748298645,0.0,0.6000000238418579,0,48,0,47,0.8615480065345764,2.255639630520917,-0.21149522704633364,74.0,0.2691609040591672,87.76,1,running
recovery_pair04_negative,4,negative,2,283,0.5081221461296082,0.4837142825126648,0.5300101637840271,0.6638711094856262,1.0,1.0,1.0,1.0,1.0,0.24615657329559326,0.8690332174301147,-0.9442108273506165,0.02504282258450985,0.9992358684539795,0.03908541798591614,0.4875555634498596,0.8691547513008118,-0.9435471296310425,0.0,0.6000000238418579,0,48,0,47,0.7935473322868347,2.255417785351272,-0.21257179461598913,80.0,0.2692893435837961,81.53,1,running
recovery_pair04_negative,4,negative,2,284,0.4906696379184723,0.49544233083724976,0.5632879137992859,0.7629303336143494,1.0,1.0,1.0,1.0,1.0,0.22672781348228455,0.8589773774147034,-0.9412577748298645,0.02505478449165821,0.9890931248664856,0.14729154109954834,0.45294445753097534,0.8708305954933167,-0.9447551369667053,0.04354153200984001,-0.28342655301094055,1,49,0,48,0.7935473322868347,2.2557863183298816,-0.20989265255662354,82.0,0.2688032485759442,80.1,1,running
recovery_pair04_negative,4,negative,2,285,0.48692670464515686,0.4959721267223358,0.5702424645423889,0.776864230632782,1.0,1.0,1.0,1.0,1.0,0.23243342339992523,0.8691547513008118,-0.9435471296310425,0.02500956319272518,0.9851093292236328,0.17192910611629486,0.4449999928474426,0.8704148530960083,-0.9447087049484253,0.043520744889974594,-0.2834126353263855,1,49,0,48,0.8135169744491577,2.2576873524215033,-0.19925831705411662,78.0,0.26755722664488624,86.39,1,running
recovery_pair04_negative,4,negative,2,286,0.5015013813972473,0.49194854497909546,0.5438458323478699,0.7212145924568176,1.0,1.0,1.0,1.0,1.0,0.23402519524097443,0.8708305954933167,-0.9447551369667053,0.02489362098276615,0.9980157613754272,0.06296470761299133,0.4799444377422333,0.8727275133132935,-0.9450746178627014,0.04363637790083885,-0.2835223972797394,1,49,0,48,0.8190881609916687,2.2594797078186972,-0.19175194074252067,75.0,0.26737470708384675,91.04,1,running
recovery_pair04_negative,4,negative,2,287,0.5083445906639099,0.48705241084098816,0.5299260020256042,0.682364284992218,1.0,1.0,1.0,1.0,1.0,0.24600206315517426,0.8704148530960083,-0.9447087049484253,0.02487664856016636,0.9998352527618408,-0.01815042831003666,0.5057777762413025,0.8738381266593933,-0.9451152682304382,0.043691907078027725,-0.28353458642959595,1,49,0,48,0.8610072135925293,2.2626183639155557,-0.1813148697888132,71.0,0.268124205332534,97.37,1,running
recovery_pair04_negative,4,negative,2,288,0.5108734369277954,0.4891357123851776,0.5140122175216675,0.6514293551445007,1.0,1.0,1.0,1.0,1.0,0.27325358986854553,0.8727275133132935,-0.9450746178627014,0.024946367368102074,0.9917384386062622,-0.12827634811401367,0.5409444570541382,0.8763251304626465,-0.9455598592758179,0.043816257268190384,-0.28366798162460327,1,49,0,48,0.9563875198364258,2.265748865694475,-0.1728100648373948,68.0,0.2696247082559135,102.27,1,running
recovery_pair04_negative,4,negative,2,289,0.5230945348739624,0.4858655333518982,0.50586998462677,0.6180617213249207,0.9187986254692078,1.0,1.0,1.0,1.0,1.0,0.8738381266593933,-0.9451152682304382,0.025085993111133575,0.9771569967269897,-0.21251878142356873,0.5681666731834412,0.8638846278190613,-0.9425305128097534,0.043194230645895004,-0.2827591598033905,1,49,0,48,1.7005293369293213,2.2686697737983326,-0.16594099236039445,66.0,0.2714403237117569,105.81,1,running
recovery_pair04_negative,4,negative,2,290,0.5335733890533447,0.48667287826538086,0.5000426173210144,0.5888148546218872,0.8476249575614929,1.0,1.0,1.0,1.0,1.0,0.8763251304626465,-0.9455598592758179,0.025254912674427032,0.9621704816818237,-0.27244818210601807,0.5878333449363708,0.8674604296684265,-0.943307638168335,0.043373022228479385,-0.28299230337142944,1,49,0,48,1.703355073928833,2.273377380253292,-0.1563651189095301,62.0,0.27492260281530073,111.92,1,running
recovery_pair04_negative,4,negative,2,291,0.5474398732185364,0.49139878153800964,0.49427270889282227,0.5714147686958313,0.7875398397445679,1.0,1.0,1.0,1.0,1.0,0.8638846278190613,-0.9425305128097534,0.025578903034329414,0.9277060031890869,-0.3733116388320923,0.6217777729034424,0.8733158111572266,-0.9448291659355164,0.0,0.6000000238418579,0,50,0,49,1.7032902240753174,2.2753446132530004,-0.15276707060954556,64.0,0.27652375531193546,110.71,1,running
recovery_pair04_negative,4,negative,2,292,0.5343066453933716,0.4866543412208557,0.4963882565498352,0.5855323076248169,0.8348471522331238,1.0,1.0,1.0,1.0,1.0,0.8674604296684265,-0.943307638168335,0.02572787180542946,0.9353823065757751,-0.3536381125450134,0.6150555610656738,0.870807945728302,-0.9440528750419617,0.0,0.6000000238418579,0,50,0,49,1.681726336479187,2.274890546335419,-0.15396108608740003,72.0,0.27618451560342766,102.45,1,running
recovery_pair04_negative,4,negative,2,293,0.5036231875419617,0.4804932475090027,0.5217994451522827,0.6444072723388672,1.0,1.0,1.0,1.0,1.0,1.0,0.8733158111572266,-0.9448291659355164,0.025696318596601486,0.9764845371246338,-0.2155875563621521,0.5691666603088379,0.862080454826355,-0.9420449137687683,0.0,0.6000000238418579,0,50,0,49,0.8579165935516357,2.274678597612725,-0.15483063910304914,78.0,0.2760590560602266,96.27,1,running
recovery_pair04_negative,4,negative,2,294,0.4868130385875702,0.4852178990840912,0.5500523447990417,0.7222935557365417,1.0,1.0,1.0,1.0,1.0,0.24511902034282684,0.870807945728302,-0.9440528750419617,0.025684647262096405,0.9940182566642761,-0.10921385884284973,0.5348333120346069,0.8800225853919983,-0.9470873475074768,0.0,0.6000000238418579,0,50,0,49,0.815544605255127,2.2745346391158137,-0.15591563449213805,86.0,0.27602635543759174,88.04,1,running
recovery_pair04_negative,4,negative,2,295,0.48047858476638794,0.4937465488910675,0.5818342566490173,0.8415370583534241,1.0,1.0,1.0,1.0,1.0,0.23301275074481964,0.862080454826355,-0.9420449137687683,0.025681599974632263,0.9994149208068848,0.03420178219676018,0.48911112546920776,0.8820677995681763,-0.9487040042877197,0.0,0.6000000238418579,0,50,0,49,0.815544605255127,2.274493709820875,-0.15681078060924758,92.0,0.27608003374005724,81.85,1,running
recovery_pair04_negative,4,negative,2,296,0.47875574231147766,0.5122420787811279,0.6397964358329773,1.0,1.0,1.0,1.0,1.0,1.0,0.23621155321598053,0.8800225853919983,-0.9470873475074768,0.025686586275696754,0.9899003505706787,0.14176513254642487,0.45472222566604614,0.8898181915283203,-0.9523533582687378,0.0,0.6000000238418579,0,50,0,49,0.8267404437065125,2.274589663400898,-0.15767818057197747,98.0,0.27626960151158964,75.68,1,running
recovery_pair04_negative,4,negative,2,297,0.4846338629722595,0.540439248085022,0.7178429961204529,1.0,1.0,1.0,1.0,1.0,0.24689312279224396,0.2576335370540619,0.8820677995681763,-0.9487040042877197,0.025704234838485718,0.9689294695854187,0.2473372519016266,0.42044445872306824,0.8659807443618774,-0.9435622692108154,0.0,0.6000000238418579,0,50,0,49,0.8211773633956909,2.2748641096838003,-0.15886444188798302,106.0,0.2766753854413051,67.44,1,running
recovery_pair04_negative,4,negative,2,298,0.49016323685646057,0.5799771547317505,0.843694269657135,1.0,1.0,1.0,1.0,1.0,0.23462210595607758,1.0,0.8898181915283203,-0.9523533582687378,0.02574198693037033,0.9234783053398132,0.3836507201194763,0.37466666102409363,0.848966658115387,-0.9411488771438599,0.06277923285961151,0.6000000238418579,0,50,0,49,0.8211773633956909,2.2734081943828213,-0.15466236001443887,111.0,0.27477820073753956,63.28,1,running
recovery_pair04_negative,4,negative,2,299,0.5140126347541809,0.6393259167671204,1.0,1.0,1.0,1.0,1.0,1.0,0.2358781397342682,1.0,0.8659807443618774,-0.9435622692108154,0.025565462186932564,0.8932144641876221,0.44963082671165466,0.35155555605888367,0.8601972460746765,-0.9462449550628662,0.06246303394436836,0.6000000238418579,0,50,0,49,0.8255735039710999,2.267826846919147,-0.14239695128258648,119.0,0.26825439189017086,57.76,1,running
recovery_pair04_negative,4,negative,2,300,0.5397745966911316,0.7150678634643555,1.0,1.0,1.0,1.0,1.0,0.24846816062927246,0.2512398362159729,1.0,0.848966658115387,-0.9411488771438599,0.024958482012152672,0.845820963382721,0.5334668755531311,0.320888876914978,0.8635910153388977,-0.9419212937355042,0.061375733464956284,0.6000000238418579,0,50,0,49,0.8302467465400696,2.261823195922941,-0.13273645188313896,125.0,0.2618805134715139,53.8,1,near_goal_safe_timeout
recovery_pair04_negative,4,negative,3,252,0.5014200210571289,0.5655947327613831,0.761123538017273,1.0,1.0,1.0,1.0,0.2613082528114319,0.25106701254844666,1.0,0.7595741152763367,-0.908933699131012,0.03772037848830223,0.4257792830467224,0.9048270583152771,0.14000000059604645,0.7674196362495422,-0.9016602039337158,0.08423657715320587,0.35185837745666504,0,44,0,44,0.8635042905807495,2.224720760858401,-0.4467439823622834,103.0,0.3906033093176441,22.12,1,running
recovery_pair04_negative,4,negative,3,253,0.5060644745826721,0.5869818925857544,0.8303411602973938,1.0,1.0,1.0,1.0,0.2467155158519745,0.25826334953308105,1.0,0.7639831304550171,-0.9107141494750977,0.03634187579154968,0.3765476644039154,0.9263972640037537,0.12288888543844223,0.7725728750228882,-0.9038299918174744,0.08176721632480621,0.30885347723960876,0,44,0,44,0.8523939847946167,2.2206264106228413,-0.43153788843755525,107.0,0.3758490182169152,18.94,1,running
recovery_pair04_negative,4,negative,3,254,0.5085301995277405,0.6159990429878235,0.9083970189094543,1.0,1.0,1.0,1.0,0.24354113638401031,0.2757733166217804,1.0,0.7674196362495422,-0.9016602039337158,0.03496912866830826,0.32457783818244934,0.9458590149879456,0.10522222518920898,0.778447687625885,-0.9065040349960327,0.0793081670999527,0.2644522786140442,0,44,0,44,0.8136559128761292,2.215744907919212,-0.4168634639859434,110.0,0.3611334937830297,16.68,1,running
recovery_pair04_negative,4,negative,3,255,0.5193673968315125,0.6447675824165344,0.9897212982177734,1.0,1.0,1.0,1.0,0.23247312009334564,1.0,1.0,0.7725728750228882,-0.9038299918174744,0.03359999880194664,0.28702616691589355,0.9579227566719055,0.09266666322946548,0.8262360692024231,-0.9264346957206726,0.07685558497905731,0.23289673030376434,0,44,0,44,0.8031984567642212,2.210260118292352,-0.40278389150006866,113.0,0.3465891433341412,14.35,1,running
recovery_pair04_negative,4,negative,3,256,0.5345646142959595,0.6731642484664917,1.0,1.0,1.0,1.0,1.0,0.22948527336120605,1.0,1.0,0.778447687625885,-0.9065040349960327,0.03224678337574005,0.24784454703330994,0.9687998294830322,0.07972222566604614,0.8285894393920898,-0.9273850321769714,0.07443152368068695,0.20036379992961884,0,44,0,44,0.797439455986023,2.2043128264935623,-0.3892989320482278,115.0,0.33227905650763173,12.94,1,running
recovery_pair04_negative,4,negative,3,257,0.5464612245559692,0.7066949009895325,1.0,1.0,1.0,1.0,1.0,0.22783984243869781,1.0,1.0,0.8262360692024231,-0.9264346957206726,0.030915364623069763,0.22393056750297546,0.9746050834655762,0.07188888639211655,0.833024263381958,-0.9291107058525085,0.11369772255420685,-0.2787332236766815,1,45,0,45,0.7947269082069397,2.197466742355661,-0.37522427839844325,117.0,0.31698670255316685,11.53,1,running
recovery_pair04_negative,4,negative,3,258,0.5569619536399841,0.7267408967018127,1.0,1.0,1.0,1.0,1.0,0.2270648330450058,1.0,1.0,0.8285894393920898,-0.9273850321769714,0.029492568224668503,0.19988098740577698,0.979820191860199,0.06405555456876755,0.8343163728713989,-0.9296325445175171,0.11121360957622528,-0.2788897752761841,1,45,0,45,0.7845219969749451,2.1886462989427162,-0.35739978847798975,115.0,0.29757828550374676,14.34,1,running
recovery_pair04_negative,4,negative,3,259,0.5448554754257202,0.7033038139343262,1.0,1.0,1.0,1.0,1.0,0.22414913773536682,1.0,1.0,0.833024263381958,-0.9291107058525085,0.027686795219779015,0.24767544865608215,0.9688430428504944,0.07966666668653488,0.8344089388847351,-0.929645836353302,0.10798349976539612,-0.27889376878738403,1,45,0,45,0.7643827199935913,2.1797929359180355,-0.3370787711287668,112.0,0.27631577613977654,18.59,1,running
recovery_pair04_negative,4,negative,3,260,0.5426930785179138,0.6662574410438538,1.0,1.0,1.0,1.0,1.0,0.21839506924152374,0.24590100347995758,1.0,0.8343163728713989,-0.9296325445175171,0.02570851892232895,0.3187938928604126,0.9478240609169006,0.1032777801156044,0.7978858351707458,-0.9145405888557434,0.10261358320713043,-0.274362176656723,1,45,0,45,0.7643827199935913,2.1724078046137945,-0.31713578491713257,109.0,0.2564725368490707,23.24,1,running
recovery_pair04_negative,4,negative,3,261,0.5281661748886108,0.64618980884552,0.9588103294372559,1.0,1.0,1.0,1.0,0.22739258408546448,0.22423778474330902,1.0,0.8344089388847351,-0.929645836353302,0.023862304165959358,0.39458349347114563,0.9188600778579712,0.12911111116409302,0.7965134978294373,-0.9140010476112366,0.09923776239156723,-0.27420032024383545,1,45,0,45,0.7608031630516052,2.166405050701606,-0.2977106617049781,106.0,0.23821182703364266,28.31,1,running
recovery_pair04_negative,4,negative,3,262,0.5290714502334595,0.6239093542098999,0.8903926014900208,1.0,1.0,1.0,1.0,0.23915091156959534,0.217372328042984,1.0,0.7978858351707458,-0.9145405888557434,0.022163309156894684,0.47424188256263733,0.8803945779800415,0.15727777779102325,0.7950212359428406,-0.9135458469390869,0.0961197018623352,-0.27406376600265503,1,45,0,45,0.7286343574523926,2.1615666356846748,-0.2785291563444584,103.0,0.22132973216199547,33.88,1,running
recovery_pair04_negative,4,negative,3,263,0.5159928202629089,0.6066688895225525,0.8361471891403198,1.0,1.0,1.0,1.0,1.0,0.2081812471151352,1.0,0.7965134978294373,-0.9140010476112366,0.02059260755777359,0.5574553608894348,0.8302069306373596,0.1882222294807434,0.7956337928771973,-0.9231248497962952,0.09333664178848267,-0.27693745493888855,1,45,0,45,0.7286343574523926,2.1578619080899166,-0.25960708562606194,99.0,0.20600184121533882,41.02,1,running
recovery_pair04_negative,4,negative,3,264,0.51958829164505,0.5822843313217163,0.7800296545028687,1.0,1.0,1.0,1.0,1.0,0.20986521244049072,1.0,0.7950212359428406,-0.9135458469390869,0.01916649006307125,0.6563224196434021,0.7544805407524109,0.22788888216018677,0.8014355301856995,-0.9250131845474243,0.09107208251953125,-0.27750396728515625,1,45,0,45,0.7140495181083679,2.1552864231859092,-0.24104557709936528,96.0,0.19251381390354427,47.77,1,success
recovery_pair05_positive,5,positive,1,220,0.527617871761322,0.5830406546592712,0.7633625864982605,1.0,1.0,1.0,1.0,0.22562003135681152,0.22753632068634033,1.0,0.7376480102539062,-0.8872096538543701,0.03841673210263252,0.15212339162826538,0.9883615374565125,0.0486111119389534,0.7367904782295227,-0.8867693543434143,0.12232351303100586,-0.26603081822395325,1,39,0,38,0.7525877952575684,2.109601311917543,-0.25469626813371793,94.0,0.38831659261118323,12.39,1,running
recovery_pair05_positive,5,positive,1,221,0.5216466188430786,0.5755356550216675,0.730679452419281,1.0,1.0,1.0,1.0,0.2447759360074997,0.21502508223056793,1.0,0.7388921976089478,-0.8876024484634399,0.036129117012023926,0.21456485986709595,0.9767097234725952,0.06883333623409271,0.7370624542236328,-0.8873569369316101,0.11823922395706177,-0.26620709896087646,1,39,0,38,0.7364484071731567,2.108434990210829,-0.23054147440375825,91.0,0.3648592078730636,16.29,1,running
recovery_pair05_positive,5,positive,1,222,0.5260859727859497,0.5673758387565613,0.6992952227592468,1.0,1.0,1.0,1.0,1.0,0.2104138284921646,1.0,0.7367904782295227,-0.8867693543434143,0.03394663333892822,0.2804991900920868,0.959854245185852,0.09049999713897705,0.741355299949646,-0.901588499546051,0.11454430222511292,-0.2704765498638153,1,39,0,38,0.7320936322212219,2.108532767656433,-0.20697620169176612,88.0,0.342461304682162,20.48,1,running
recovery_pair05_positive,5,positive,1,223,0.5254414677619934,0.5636280179023743,0.6664581894874573,0.9931216835975647,1.0,1.0,1.0,1.0,0.20916961133480072,0.26663821935653687,0.7370624542236328,-0.8873569369316101,0.03186272457242012,0.3498803973197937,0.9367944002151489,0.1137777790427208,0.7735128402709961,-0.9088904857635498,0.11241919547319412,-0.27266716957092285,1,39,0,38,0.731404185295105,2.1098785600336356,-0.18389078923047789,85.0,0.32110738709354336,25.01,1,running
recovery_pair05_positive,5,positive,1,224,0.529434323310852,0.5475189685821533,0.6431636810302734,0.9111827611923218,1.0,1.0,1.0,1.0,0.20897261798381805,0.22225508093833923,0.741355299949646,-0.901588499546051,0.029875949025154114,0.4227764308452606,0.9062340259552002,0.13894444704055786,0.7723544836044312,-0.9084236025810242,0.10880228877067566,-0.2725270986557007,1,39,0,38,0.726252555847168,2.112381160963992,-0.16185951868105597,82.0,0.301424757525449,29.89,1,running
recovery_pair05_positive,5,positive,1,225,0.5319133400917053,0.5346887707710266,0.6237529516220093,0.84557044506073,1.0,1.0,1.0,1.0,0.2131611555814743,0.20750072598457336,0.7735128402709961,-0.9088904857635498,0.028044674545526505,0.49833643436431885,0.8669837117195129,0.1660555601119995,0.7730805277824402,-0.9087415337562561,0.10555815696716309,-0.2726224660873413,1,39,0,38,0.7091412544250488,2.1159583935441137,-0.14054921069636592,79.0,0.28320877729009647,35.17,1,running
recovery_pair05_positive,5,positive,1,226,0.5380116105079651,0.5335191488265991,0.5968984961509705,0.7951520681381226,1.0,1.0,1.0,1.0,0.24036197364330292,0.2026117891073227,0.7723544836044312,-0.9084236025810242,0.026349851861596107,0.5760043859481812,0.8174465894699097,0.19538888335227966,0.7780739068984985,-0.9108868837356567,0.1027718186378479,-0.273266077041626,1,39,0,38,0.7041091918945312,2.1205870060228045,-0.11992339316407066,76.0,0.2665874424375769,40.89,1,running
recovery_pair05_positive,5,positive,1,227,0.545884370803833,0.5251833200454712,0.5824490189552307,0.7432175874710083,1.0,1.0,1.0,1.0,1.0,0.2011740505695343,0.7730805277824402,-0.9087415337562561,0.024803398177027702,0.6546089053153992,0.7559677362442017,0.22716666758060455,0.8210839629173279,-0.928063690662384,0.10215210914611816,-0.2784191071987152,1,39,0,38,0.6882397532463074,2.126327016242541,-0.09967161030676884,73.0,0.25152802233127886,47.15,1,running
recovery_pair05_positive,5,positive,1,228,0.5488619208335876,0.5286715626716614,0.5712301135063171,0.7114357948303223,1.0,1.0,1.0,1.0,1.0,0.19663992524147034,0.7780739068984985,-0.9108868837356567,0.02340225875377655,0.7331366539001465,0.6800813674926758,0.261944442987442,0.8285013437271118,-0.9307949542999268,0.10001306980848312,-0.2792384922504425,1,39,0,38,0.6882397532463074,2.133029907589268,-0.08021813630864537,69.0,0.23858085077315178,54.89,1,running
recovery_pair05_positive,5,positive,1,229,0.5575866103172302,0.5197295546531677,0.5569109320640564,0.670779287815094,1.0,1.0,1.0,1.0,1.0,0.20685239136219025,0.8210839629173279,-0.928063690662384,0.022197650745511055,0.8180493712425232,0.5751480460166931,0.3049444556236267,0.8375354409217834,-0.9339229464530945,0.09830691665410995,-0.28017690777778625,1,39,0,38,0.7239833474159241,2.1406022597109926,-0.06158778097203199,66.0,0.22794837549769417,62.08,1,running
recovery_pair05_positive,5,positive,1,230,0.5733203887939453,0.5223099589347839,0.5388166904449463,0.6439324021339417,0.9259697794914246,1.0,1.0,1.0,1.0,0.22430472075939178,0.8285013437271118,-0.9307949542999268,0.02120840735733509,0.8836022615432739,0.4682382643222809,0.3448888957500458,0.8492008447647095,-0.9379405379295349,0.09711810946464539,-0.28138217329978943,1,39,0,38,0.785066545009613,2.1490495625904313,-0.043912083200758636,63.0,0.21994755820110234,69.66,1,running
recovery_pair05_positive,5,positive,1,231,0.5821608901023865,0.5250705480575562,0.5295403599739075,0.6112489700317383,0.8510948419570923,1.0,1.0,1.0,1.0,1.0,0.8375354409217834,-0.9339229464530945,0.02046399936079979,0.9376465082168579,0.3475903272628784,0.3869999945163727,0.8398609161376953,-0.9370594620704651,0.09531763941049576,-0.28111785650253296,1,39,0,38,1.8308457136154175,2.158535773207092,-0.026717333495753802,59.0,0.21454162339982027,78.64,1,running
recovery_pair05_positive,5,positive,1,232,0.6011598706245422,0.5230987668037415,0.5254355669021606,0.5919631123542786,0.7927929759025574,1.0,1.0,1.0,1.0,1.0,0.8492008447647095,-0.9379405379295349,0.019961027428507805,0.9804089069366455,0.19697293639183044,0.4368889033794403,0.8538106083869934,-0.9412826299667358,0.04269053041934967,-0.28238481283187866,1,39,0,38,1.8055498600006104,2.1661845194288842,-0.01418163181894585,57.0,0.21223783793169945,84.54,1,running
recovery_pair05_positive,5,positive,1,233,0.6101760864257812,0.5300735831260681,0.5158714056015015,0.5773533582687378,0.7548900842666626,1.0,1.0,1.0,1.0,1.0,0.8398609161376953,-0.9370594620704651,0.019746679812669754,0.9954628944396973,0.09515081346035004,0.46966665983200073,0.861274242401123,-0.9434460997581482,0.0,0.6000000238418579,0,40,0,39,1.8055498600006104,2.171632944412904,-0.005751693312354482,58.0,0.21149657874333028,86.24,1,running
recovery_pair05_positive,5,positive,1,234,0.6031760573387146,0.522480845451355,0.5182881951332092,0.581950306892395,0.7732239961624146,1.0,1.0,1.0,1.0,1.0,0.8538106083869934,-0.9412826299667358,0.019677722826600075,0.9978474974632263,0.06557729095220566,0.47911110520362854,0.8619921207427979,-0.9435312151908875,0.0,0.6000000238418579,0,40,0,39,1.804229497909546,2.1726935061628923,-0.004021329950181502,63.0,0.21135583021744658,81.79,1,running
recovery_pair05_positive,5,positive,1,235,0.5682865381240845,0.515494167804718,0.5239313840866089,0.6171364784240723,0.8672856092453003,1.0,1.0,1.0,1.0,1.0,0.861274242401123,-0.9434460997581482,0.019664622843265533,0.9897513389587402,0.1428016871213913,0.45438888669013977,0.8530743718147278,-0.9407461881637573,0.0,0.6000000238418579,0,40,0,39,0.7853951454162598,2.172352024009295,-0.00488551582532054,70.0,0.21157697130887707,74.55,1,running
recovery_pair05_positive,5,positive,1,236,0.5405166745185852,0.5167526006698608,0.5468294620513916,0.6731327176094055,1.0,1.0,1.0,1.0,1.0,0.22439861297607422,0.8619921207427979,-0.9435312151908875,0.019685203209519386,0.9638633131980896,0.2663973569869995,0.414166659116745,0.8623418211936951,-0.9421283602714539,0.04311709105968475,-0.2826385200023651,1,41,0,40,0.7766155004501343,2.173617073981487,-0.0009678617359626385,71.0,0.21037181668478105,74.62,1,running
recovery_pair05_positive,5,positive,1,237,0.5375334024429321,0.5107156038284302,0.5492739081382751,0.680138111114502,1.0,1.0,1.0,1.0,1.0,0.2218901365995407,0.8530743718147278,-0.9407461881637573,0.019573073834180832,0.9641880393028259,0.2652195692062378,0.41455554962158203,0.8621370792388916,-0.9420378804206848,0.04310685396194458,-0.2826113700866699,1,41,0,40,0.7766155004501343,2.1767997277409075,0.007733072815466416,68.0,0.2082784741775728,80.09,1,running
recovery_pair05_positive,5,positive,1,238,0.5556612610816956,0.5105810165405273,0.5387479066848755,0.6451927423477173,0.9593163728713989,1.0,1.0,1.0,1.0,0.24110829830169678,0.8623418211936951,-0.9421283602714539,0.019378310069441795,0.985079288482666,0.17210103571414948,0.44494444131851196,0.8680816292762756,-0.9439393281936646,0.04340408369898796,-0.2831818163394928,1,41,0,40,0.8438790440559387,2.180435491143155,0.016179467854426755,65.0,0.20709951390011067,85.6,1,running
recovery_pair05_positive,5,positive,1,239,0.5663493275642395,0.510409414768219,0.5261663794517517,0.6214092373847961,0.8860400915145874,1.0,1.0,1.0,1.0,1.0,0.8621370792388916,-0.9420378804206848,0.019268609583377838,0.9970527291297913,0.07671903073787689,0.47555556893348694,0.8564874529838562,-0.9417046904563904,0.04282437264919281,-0.2825114130973816,1,41,0,40,1.7864329814910889,2.1844284191479155,0.024202988716733688,62.0,0.20683384166607557,91.08,1,running
recovery_pair05_positive,5,positive,1,240,0.5725826621055603,0.5176423788070679,0.5131219625473022,0.5987359881401062,0.8197687864303589,1.0,1.0,1.0,1.0,1.0,0.8680816292762756,-0.9439393281936646,0.01924389973282814,0.9998223781585693,-0.018848439678549767,0.5059999823570251,0.8630326986312866,-0.9433841705322266,0.04315163567662239,-0.28301525115966797,1,41,0,40,1.7959269285202026,2.1888959125281784,0.03207348481479052,59.0,0.20745166384522598,96.58,1,running
recovery_pair05_positive,5,positive,1,241,0.5963497757911682,0.5171734094619751,0.5135644674301147,0.5787617564201355,0.7654457688331604,1.0,1.0,1.0,1.0,1.0,0.8564874529838562,-0.9417046904563904,0.019301380962133408,0.9934128522872925,-0.11459039151668549,0.5365555286407471,0.8704046607017517,-0.9456047415733337,0.0,0.6000000238418579,0,42,0,41,1.7974755764007568,2.1905668284693025,0.03473748067973873,61.0,0.2078952122127293,95.44,1,running
recovery_pair05_positive,5,positive,1,242,0.5843787789344788,0.5197302103042603,0.5147336721420288,0.5912380218505859,0.8080829381942749,1.0,1.0,1.0,1.0,1.0,0.8630326986312866,-0.9433841705322266,0.019342642277479172,0.9954960346221924,-0.0948033258318901,0.5302222371101379,0.868313193321228,-0.9449955821037292,0.0,0.6000000238418579,0,42,0,41,0.9761162400245667,2.1900267080944427,0.03358093624890983,67.0,0.20786629259029626,89.09,1,running
recovery_pair05_positive,5,positive,1,243,0.543542206287384,0.5063915252685547,0.5322971343994141,0.6438807845115662,0.9547955393791199,1.0,1.0,1.0,1.0,0.27889034152030945,0.8704046607017517,-0.9456047415733337,0.01933996006846428,0.9998738765716553,0.01588182896375656,0.4949444532394409,0.8748632669448853,-0.9458746314048767,0.0,0.6000000238418579,0,42,0,41,0.7847667932510376,2.189671346139321,0.03247750390345527,74.0,0.2079918596153267,81.77,1,running
recovery_pair05_positive,5,positive,1,244,0.517922043800354,0.5055100321769714,0.5565847158432007,0.7038310766220093,1.0,1.0,1.0,1.0,1.0,0.22421908378601074,0.868313193321228,-0.9449955821037292,0.01935163326561451,0.9897013902664185,0.14314715564250946,0.45427778363227844,0.8701742887496948,-0.9445074796676636,0.04350871592760086,-0.283352255821228,1,43,0,42,0.7554101347923279,2.189484427518168,0.03173572281593807,78.0,0.20812717594936572,77.56,1,running
recovery_pair05_positive,5,positive,1,245,0.5176905393600464,0.5074702501296997,0.5748080611228943,0.7558413743972778,1.0,1.0,1.0,1.0,1.0,0.2158314734697342,0.8748632669448853,-0.9458746314048767,0.01936422288417816,0.9765221476554871,0.21541711688041687,0.4308888912200928,0.8706218004226685,-0.9450215101242065,0.04353109002113342,-0.28350645303726196,1,43,0,42,0.7554101347923279,2.190741732469669,0.03765619605686283,77.0,0.20690715770550822,80.2,1,running
recovery_pair05_positive,5,positive,1,246,0.518570601940155,0.5114774107933044,0.5685708522796631,0.7361288070678711,1.0,1.0,1.0,1.0,1.0,0.22210775315761566,0.8701742887496948,-0.9445074796676636,0.019250720739364624,0.9854078888893127,0.17020949721336365,0.44555556774139404,0.8719088435173035,-0.9453566074371338,0.04359544441103935,-0.28360700607299805,1,43,0,42,0.7773771286010742,2.19303465582427,0.046502036917509905,74.0,0.205791995525298,85.72,1,running
recovery_pair05_positive,5,positive,1,247,0.5266676545143127,0.5094602108001709,0.5524588227272034,0.6971355080604553,1.0,1.0,1.0,1.0,1.0,0.2340029776096344,0.8706218004226685,-0.9450215101242065,0.019146962091326714,0.997211217880249,0.07463064044713974,0.4762222170829773,0.8744176626205444,-0.9459203481674194,0.04372088238596916,-0.28377610445022583,1,43,0,42,0.8190104365348816,2.195847264461085,0.05527857688564498,70.0,0.20559446674636886,92.29,1,running
recovery_pair05_positive,5,positive,1,248,0.5411531329154968,0.5071457624435425,0.5346997380256653,0.6590868234634399,1.0,1.0,1.0,1.0,1.0,0.2522217631340027,0.8719088435173035,-0.9453566074371338,0.0191285852342844,0.9992013573646545,-0.039957400411367416,0.5127221941947937,0.8778932690620422,-0.9467828869819641,0.04389466345310211,-0.2840348780155182,1,43,0,42,0.882776141166687,2.1991870539282097,0.06396270582079046,67.0,0.20634288431080344,97.87,1,running
recovery_pair05_positive,5,positive,1,249,0.5416447520256042,0.5042321681976318,0.5285326838493347,0.6315870881080627,0.9258662462234497,1.0,1.0,1.0,1.0,1.0,0.8744176626205444,-0.9459203481674194,0.019198216497898102,0.9905812740325928,-0.13692589104175568,0.5437222123146057,0.8654921054840088,-0.9438301920890808,0.04327460750937462,-0.2831490635871887,1,43,0,42,1.7622545957565308,2.2029963029278465,0.07239410881692418,64.0,0.20801947781082422,103.38,1,running
recovery_pair05_positive,5,positive,1,250,0.5596446990966797,0.503501296043396,0.5181087255477905,0.6034378409385681,0.8508911728858948,1.0,1.0,1.0,1.0,1.0,0.8778932690620422,-0.9467828869819641,0.01935420371592045,0.9728567004203796,-0.23140832781791687,0.5743333101272583,0.871364951133728,-0.9453003406524658,0.04356824979186058,-0.2835901081562042,1,43,0,42,1.7622545957565308,2.2073070399647063,0.08062958253872335,61.0,0.21061868501607753,108.83,1,running
recovery_pair05_positive,5,positive,1,251,0.5812779664993286,0.5127266049385071,0.5114881992340088,0.5822277069091797,0.79093998670578,1.0,1.0,1.0,1.0,1.0,0.8654921054840088,-0.9438301920890808,0.019596045836806297,0.946480393409729,-0.32276132702827454,0.6046110987663269,0.8775476217269897,-0.9470764398574829,0.0,0.6000000238418579,0,44,0,43,1.7588598728179932,2.211239754689399,0.08749351380191653,61.0,0.21340726128470905,110.83,1,running
recovery_pair05_positive,5,positive,1,252,0.5666483044624329,0.5025314092636108,0.5086784958839417,0.5876981019973755,0.8004024624824524,1.0,1.0,1.0,1.0,1.0,0.871364951133728,-0.9453003406524658,0.019855495542287827,0.9346396327018738,-0.3555963933467865,0.6157222390174866,0.8768264055252075,-0.9464976191520691,0.0,0.6000000238418579,0,44,0,43,1.745448350906372,2.211317199481898,0.08751487855828953,67.0,0.2134808846509792,104.84,1,running
recovery_pair05_positive,5,positive,1,253,0.537505030632019,0.49869951605796814,0.5245731472969055,0.6281829476356506,0.9306308627128601,1.0,1.0,1.0,1.0,1.0,0.8775476217269897,-0.9470764398574829,0.019862350076436996,0.966644823551178,-0.2561206519603729,0.582444429397583,0.8698784708976746,-0.9447339773178101,0.0,0.6000000238418579,0,44,0,43,0.8419045805931091,2.2110289757170705,0.08661784649609716,74.0,0.2133249949640213,97.59,1,running
recovery_pair05_positive,5,positive,1,254,0.5129656195640564,0.5022901892662048,0.543066143989563,0.6986798644065857,1.0,1.0,1.0,1.0,1.0,0.2405441701412201,0.8768264055252075,-0.9464976191520691,0.019847841933369637,0.9912385940551758,-0.13208338618278503,0.5421666502952576,0.8827182054519653,-0.9480834603309631,0.0,0.6000000238418579,0,44,0,43,0.7732466459274292,2.210845404206058,0.08566552622535477,81.0,0.21328494569723652,90.33,1,running
recovery_pair05_positive,5,positive,1,255,0.5006040334701538,0.5104349851608276,0.5804547071456909,0.7964252829551697,1.0,1.0,1.0,1.0,1.0,0.22092761099338531,0.8698784708976746,-0.9447339773178101,0.019844116643071175,0.9999834299087524,-0.005759554915130138,0.5018333196640015,0.8843228816986084,-0.9494080543518066,0.04421614482998848,-0.2848224341869354,1,45,0,44,0.7732466459274292,2.211438689256706,0.09014009545948733,82.0,0.21324437208765962,90.54,1,running
recovery_pair05_positive,5,positive,1,256,0.5035767555236816,0.5073259472846985,0.5854484438896179,0.7998349070549011,1.0,1.0,1.0,1.0,1.0,0.2239789217710495,0.8827182054519653,-0.9480834603309631,0.019840331748127937,0.9999555945396423,-0.009424638003110886,0.503000020980835,0.8851845860481262,-0.9497397541999817,0.04425923153758049,-0.28492194414138794,1,45,0,44,0.783926248550415,2.2130642638637075,0.09947231401546752,78.0,0.21385382739290096,97.07,1,running
recovery_pair05_positive,5,positive,1,257,0.5057634711265564,0.5044084787368774,0.5640485882759094,0.7477549314498901,1.0,1.0,1.0,1.0,1.0,0.23099125921726227,0.8843228816986084,-0.9494080543518066,0.019897032529115677,0.9923965334892273,-0.12308187782764435,0.5392777919769287,0.8862277865409851,-0.9495489597320557,0.044311389327049255,-0.2848646938800812,1,45,0,44,0.8084694147109985,2.2152422961236518,0.1087890348435271,75.0,0.21543217423468078,102.59,1,running
recovery_pair05_positive,5,positive,1,258,0.5144100785255432,0.49973464012145996,0.5460516214370728,0.6978355050086975,1.0,1.0,1.0,1.0,1.0,0.24504710733890533,0.8851845860481262,-0.9497397541999817,0.02004389651119709,0.9759548306465149,-0.21797290444374084,0.569944441318512,0.8866145610809326,-0.949203372001648,0.04433072730898857,-0.2847610116004944,1,45,0,44,0.8576648831367493,2.217816041480418,0.11749392305730758,72.0,0.21781630388591686,107.91,1,running
recovery_pair05_positive,5,positive,1,259,0.5231521725654602,0.49734312295913696,0.5306272506713867,0.6612141728401184,1.0,1.0,1.0,1.0,1.0,1.0,0.8862277865409851,-0.9495489597320557,0.020265715196728706,0.9515407681465149,-0.3075226843357086,0.5995000004768372,0.8714771270751953,-0.9451790452003479,0.043573856353759766,-0.28355371952056885,1,45,0,44,1.7354050874710083,2.220807999503165,0.1259183572478104,69.0,0.22095601695401193,113.1,1,running
recovery_pair05_positive,5,positive,1,260,0.5332986116409302,0.4958300292491913,0.5253621935844421,0.635233998298645,0.9559701681137085,1.0,1.0,1.0,1.0,1.0,0.8866145610809326,-0.949203372001648,0.020557831972837448,0.9198215007781982,-0.3923371136188507,0.628333330154419,0.8749804496765137,-0.9458730220794678,0.04374902322888374,-0.2837619185447693,1,45,0,44,1.7354050874710083,2.2243295994232706,0.13433088427610265,66.0,0.22493550534350346,118.21,1,running
recovery_pair05_positive,5,positive,1,261,0.5479069352149963,0.5008696913719177,0.5153871774673462,0.612304151058197,0.8725414276123047,1.0,1.0,1.0,1.0,1.0,0.8714771270751953,-0.9451790452003479,0.020928090438246727,0.8812209367752075,-0.47270455956459045,0.6567222476005554,0.8794971108436584,-0.946951687335968,0.0,0.6000000238418579,0,46,0,45,1.7273638248443604,2.2259524220834437,0.13777649725888638,68.0,0.22683094818499275,117.04,1,running
recovery_pair05_positive,5,positive,1,262,0.5336633324623108,0.4935325086116791,0.5260476469993591,0.6373183131217957,0.9587658047676086,1.0,1.0,1.0,1.0,1.0,0.8749804496765137,-0.9458730220794678,0.02110443077981472,0.8906893730163574,-0.4546124339103699,0.6502222418785095,0.8771024346351624,-0.946334183216095,0.0,0.6000000238418579,0,46,0,45,0.9035539627075195,2.225607177646553,0.13664495733073126,75.0,0.22639020531364848,109.77,1,running
recovery_pair05_positive,5,positive,1,263,0.513016939163208,0.4993632137775421,0.5506793260574341,0.7089659571647644,1.0,1.0,1.0,1.0,1.0,0.25815826654434204,0.8794971108436584,-0.946951687335968,0.0210634246468544,0.9410579800605774,-0.3382452428340912,0.6098333597183228,0.8916090726852417,-0.9506601095199585,0.0,0.6000000238418579,0,46,0,45,0.7883305549621582,2.225408613652805,0.1355228328608863,82.0,0.22610176430777362,102.49,1,running
recovery_pair05_positive,5,positive,1,264,0.4977860748767853,0.507729709148407,0.5878642797470093,0.8122433423995972,1.0,1.0,1.0,1.0,1.0,0.22523729503154755,0.8771024346351624,-0.946334183216095,0.021036583930253983,0.9763337969779968,-0.21626920998096466,0.5693888664245605,0.8943825960159302,-0.952451765537262,0.04471912980079651,-0.285735547542572,1,47,0,46,0.7859563827514648,2.2253456530722335,0.13506168232044732,86.0,0.22600337271941265,98.37,1,running
recovery_pair05_positive,5,positive,1,265,0.4921742379665375,0.5092436671257019,0.607054591178894,0.8830716013908386,1.0,1.0,1.0,1.0,1.0,0.2245589643716812,0.8916090726852417,-0.9506601095199585,0.02102743275463581,0.9893487095832825,-0.14556503295898438,0.546500027179718,0.8961630463600159,-0.9535359144210815,0.04480815306305885,-0.28606078028678894,1,47,0,46,0.7730523347854614,2.225886899378304,0.1418687893157307,84.0,0.22716218301519495,102.07,1,running
recovery_pair05_positive,5,positive,1,266,0.4976278245449066,0.5088131427764893,0.5968140363693237,0.8379740715026855,1.0,1.0,1.0,1.0,1.0,0.22087208926677704,0.8943825960159302,-0.952451765537262,0.021135246381163597,0.9778928756713867,-0.20910656452178955,0.5670555830001831,0.8963326215744019,-0.9532647728919983,0.04481663182377815,-0.2859794497489929,1,47,0,46,0.7730523347854614,2.2270698360397865,0.15122133807987365,81.0,0.2295115612042592,107.37,1,running
recovery_pair05_positive,5,positive,1,267,0.4974241554737091,0.5049647688865662,0.5769886374473572,0.7814424633979797,1.0,1.0,1.0,1.0,1.0,0.23933066427707672,0.8961630463600159,-0.9535359144210815,0.021353840827941895,0.9543967843055725,-0.2985410988330841,0.5964999794960022,0.8952124118804932,-0.9523248672485352,0.04476062208414078,-0.28569746017456055,1,47,0,46,0.8376573324203491,2.228788762686285,0.16053992271838013,78.0,0.23274076251258544,112.57,1,running
recovery_pair05_positive,5,positive,1,268,0.5066362619400024,0.4996694028377533,0.5544453263282776,0.7288422584533691,1.0,1.0,1.0,1.0,1.0,0.2515008747577667,0.8963326215744019,-0.9532647728919983,0.021654292941093445,0.9234113097190857,-0.383811891078949,0.6253888607025146,0.8944098949432373,-0.9514960646629333,0.044720496982336044,-0.28544881939888,1,47,0,46,0.8802530765533447,2.2310471745704614,0.1697912183256769,75.0,0.23681755581118424,117.67,1,running
recovery_pair05_positive,5,positive,1,269,0.5128448009490967,0.4954450726509094,0.5394408106803894,0.6839796304702759,1.0,1.0,1.0,1.0,1.0,1.0,0.8952124118804932,-0.9523248672485352,0.02203359082341194,0.8856368660926819,-0.46437838673591614,0.6537222266197205,0.8787506818771362,-0.9470007419586182,0.04393753409385681,-0.2841002345085144,1,47,0,46,1.7340577840805054,2.2338062881189065,0.17881585222675644,71.0,0.24162865652802115,123.62,1,running
recovery_pair05_positive,5,positive,1,270,0.5244667530059814,0.4967048168182373,0.5258050560951233,0.6557558178901672,1.0,1.0,1.0,1.0,1.0,1.0,0.8944098949432373,-0.9514960646629333,0.022481225430965424,0.8327280282974243,-0.553682267665863,0.6867777705192566,0.8802525401115417,-0.9469489455223083,0.04401262849569321,-0.2840847074985504,1,47,0,46,1.7196983098983765,2.237074594843144,0.18765627648017422,68.0,0.24714325752261562,128.41,1,running
recovery_pair05_positive,5,positive,1,271,0.5311927795410156,0.49134236574172974,0.5198361873626709,0.6245309710502625,0.9168475866317749,1.0,1.0,1.0,1.0,1.0,0.8787506818771362,-0.9470007419586182,0.022994300350546837,0.7835850119590759,-0.621284544467926,0.7133888602256775,0.8820295929908752,-0.9469618797302246,0.0,0.6000000238418579,0,48,0,47,1.7196983098983765,2.240404817877191,0.19567813537323128,68.0,0.2526944666927723,129.94,1,running
recovery_pair05_positive,5,positive,1,272,0.5287901759147644,0.4935572147369385,0.5201805233955383,0.621696949005127,0.9260984063148499,1.0,1.0,1.0,1.0,1.0,0.8802525401115417,-0.9469489455223083,0.02351078763604164,0.7667171359062195,-0.6419850587844849,0.7218888998031616,0.8821477890014648,-0.946871280670166,0.0,0.6000000238418579,0,48,0,47,1.7274502515792847,2.240844783980293,0.1966879160748204,73.0,0.2534254558402734,125.13,1,running
recovery_pair05_positive,5,positive,1,273,0.5096291303634644,0.4985039532184601,0.535871684551239,0.6820281147956848,1.0,1.0,1.0,1.0,1.0,1.0,0.8820295929908752,-0.9469618797302246,0.023578794673085213,0.8178485035896301,-0.5754335522651672,0.6951666474342346,0.8817126154899597,-0.9474357962608337,0.0,0.6000000238418579,0,48,0,47,0.8768997192382812,2.240650848379259,0.19576274967522947,80.0,0.2529545983226074,117.94,1,running
recovery_pair05_positive,5,positive,1,274,0.4967006742954254,0.4960789978504181,0.571632981300354,0.7781399488449097,1.0,1.0,1.0,1.0,1.0,0.2505427896976471,0.8821477890014648,-0.946871280670166,0.02353499084711075,0.883438766002655,-0.46854668855667114,0.6552222371101379,0.8992483019828796,-0.9531089067459106,0.0,0.6000000238418579,0,48,0,47,0.819036602973938,2.240557932557165,0.19471413189947806,87.0,0.25254500077036796,110.72,1,running
recovery_pair05_positive,5,positive,1,275,0.4923911690711975,0.5089570879936218,0.6142936944961548,0.9131904244422913,1.0,1.0,1.0,1.0,1.0,0.2340104579925537,0.8817126154899597,-0.9474357962608337,0.023496875539422035,0.9353206157684326,-0.35380133986473083,0.6151111125946045,0.9050137996673584,-0.9562598466873169,0.0,0.6000000238418579,0,48,0,47,0.799508273601532,2.240592051674935,0.19361207080985082,94.0,0.25224422849049283,103.48,1,running
recovery_pair05_positive,5,positive,1,276,0.48942384123802185,0.5350151658058167,0.6824895143508911,1.0,1.0,1.0,1.0,1.0,1.0,0.22843094170093536,0.8992483019828796,-0.9531089067459106,0.02346889115869999,0.9724513292312622,-0.23310592770576477,0.5748888850212097,0.9093855023384094,-0.9587743282318115,0.04546927660703659,-0.2876323163509369,1,49,0,48,0.799508273601532,2.2401834254414426,0.19798927966706775,95.0,0.25320597045684184,103.46,1,running
recovery_pair05_positive,5,positive,1,277,0.49610576033592224,0.5330216288566589,0.6776221990585327,1.0,1.0,1.0,1.0,1.0,1.0,0.2314451038837433,0.9050137996673584,-0.9562598466873169,0.023558368906378746,0.9725326299667358,-0.23276646435260773,0.5747777819633484,0.9096134901046753,-0.9588778018951416,0.045480675995349884,-0.2876633405685425,1,49,0,48,0.7957226037979126,2.2396853801799463,0.20760252770256143,91.0,0.2559449643712576,109.53,1,running
recovery_pair05_positive,5,positive,1,278,0.48528051376342773,0.5204629302024841,0.6432820558547974,1.0,1.0,1.0,1.0,1.0,1.0,0.22734931111335754,0.9093855023384094,-0.9587743282318115,0.02381320483982563,0.9424665570259094,-0.33430036902427673,0.6085000038146973,0.910195529460907,-0.9585148096084595,0.04550977796316147,-0.28755444288253784,1,49,0,48,0.7957226037979126,2.2397551188221256,0.21726179827284448,88.0,0.2595549980085037,114.52,1,running
recovery_pair05_positive,5,positive,1,279,0.48657864332199097,0.5106663107872009,0.6135841608047485,0.908018171787262,1.0,1.0,1.0,1.0,1.0,0.23665356636047363,0.9096134901046753,-0.9588778018951416,0.02414909563958645,0.9098164439201355,-0.41501083970069885,0.636222243309021,0.9066879749298096,-0.9565867781639099,0.04533439874649048,-0.28697603940963745,1,49,0,48,0.8282874822616577,2.2403849909452647,0.2268201319964068,84.0,0.26393815853736363,120.39,1,running
recovery_pair05_positive,5,positive,1,280,0.48734650015830994,0.5006425976753235,0.5931009650230408,0.8376761674880981,1.0,1.0,1.0,1.0,1.0,0.24597406387329102,0.910195529460907,-0.9585148096084595,0.024556908756494522,0.8626019954681396,-0.5058832168579102,0.668833315372467,0.904364287853241,-0.9550530314445496,0.04521821439266205,-0.2865159213542938,1,49,0,48,0.8609092235565186,2.241483151704501,0.23585915292334506,81.0,0.2687833992134094,125.05,1,running
recovery_pair05_positive,5,positive,1,281,0.49832186102867126,0.4970492720603943,0.5740532279014587,0.7839815020561218,1.0,1.0,1.0,1.0,1.0,0.2674606144428253,0.9066879749298096,-0.9565867781639099,0.025007709860801697,0.8186511993408203,-0.5742910504341125,0.6947222352027893,0.9028122425079346,-0.9540222883224487,0.04514061287045479,-0.2862066924571991,1,49,0,48,0.9361121654510498,2.24313342449741,0.2451586698714054,78.0,0.27445571013975073,129.64,1,running
recovery_pair05_positive,5,positive,1,282,0.49922043085098267,0.4973940849304199,0.5519582033157349,0.7319692373275757,1.0,1.0,1.0,1.0,1.0,1.0,0.904364287853241,-0.9550530314445496,0.025535449385643005,0.7700680494308472,-0.637961745262146,0.7202222347259521,0.886834442615509,-0.949099600315094,0.04434172436594963,-0.28472989797592163,1,49,0,48,1.7156552076339722,2.245281199037066,0.2542543668054529,75.0,0.2806669239279476,134.08,1,running
recovery_pair05_positive,5,positive,1,283,0.5100856423377991,0.4901871979236603,0.5377310514450073,0.6896730661392212,1.0,1.0,1.0,1.0,1.0,1.0,0.9028122425079346,-0.9540222883224487,0.02611335553228855,0.71836918592453,-0.6956620812416077,0.7448889017105103,0.8853671550750732,-0.9480014443397522,0.04426835849881172,-0.28440043330192566,1,49,0,48,1.7012519836425781,2.247942490944398,0.2632246105976798,72.0,0.2874273525969026,138.39,1,running
recovery_pair05_positive,5,positive,1,284,0.5172094106674194,0.48607200384140015,0.525887131690979,0.6467956304550171,1.0,1.0,1.0,1.0,1.0,1.0,0.886834442615509,-0.949099600315094,0.026742340996861458,0.6640567183494568,-0.7476822137832642,0.768833339214325,0.8833276629447937,-0.9467018246650696,0.0,0.6000000238418579,0,50,0,49,1.7012519836425781,2.249141617017803,0.2667007661946054,75.0,0.2902299910410051,135.86,1,running
recovery_pair05_positive,5,positive,1,285,0.5026673674583435,0.49313631653785706,0.5375970602035522,0.697979748249054,1.0,1.0,1.0,1.0,1.0,1.0,0.8853671550750732,-0.9480014443397522,0.027003111317753792,0.6964139938354492,-0.7176402807235718,0.7547777891159058,0.8856359720230103,-0.9479756355285645,0.0,0.6000000238418579,0,50,0,49,0.9654200077056885,2.2489532513240826,0.265661408199234,82.0,0.28953626395427695,128.7,1,running
recovery_pair05_positive,5,positive,1,286,0.4901380240917206,0.49853435158729553,0.5758323073387146,0.7960702776908875,1.0,1.0,1.0,1.0,1.0,0.2758342921733856,0.8833276629447937,-0.9467018246650696,0.02693856880068779,0.7804304361343384,-0.6252426505088806,0.7149999737739563,0.9036487340927124,-0.9541403651237488,0.0,0.6000000238418579,0,50,0,49,0.8571539521217346,2.2488917961750197,0.26459082488881525,89.0,0.288938179908494,121.53,1,running
recovery_pair05_positive,5,positive,1,287,0.48787301778793335,0.5184417366981506,0.6255902647972107,0.949029803276062,1.0,1.0,1.0,1.0,1.0,0.2449011355638504,0.8856359720230103,-0.9479756355285645,0.026882918551564217,0.8523664474487305,-0.5229449272155762,0.675166666507721,0.9117692112922668,-0.9583300948143005,0.0,0.6000000238418579,0,50,0,49,0.8231940865516663,2.2489641358391173,0.263482780010451,96.0,0.2884393933360424,114.33,1,running
recovery_pair05_positive,5,positive,1,288,0.483489453792572,0.539823591709137,0.7065480351448059,1.0,1.0,1.0,1.0,1.0,1.0,0.23519830405712128,0.9036487340927124,-0.9541403651237488,0.02683650143444538,0.9111877083778381,-0.41199150681495667,0.6351666450500488,0.9153460264205933,-0.9605399370193481,0.0,0.6000000238418579,0,50,0,49,0.8231940865516663,2.2491771965457663,0.2623629988180379,103.0,0.2880598512948988,107.12,1,running
recovery_pair05_positive,5,positive,1,289,0.4989941120147705,0.5778055191040039,0.8039659261703491,1.0,1.0,1.0,1.0,1.0,0.2629973590373993,0.24502350389957428,0.9117692112922668,-0.9583300948143005,0.02680119499564171,0.955690324306488,-0.29437392950057983,0.5951111316680908,0.9010080099105835,-0.9553259015083313,0.0,0.6000000238418579,0,50,0,49,0.8433365821838379,2.2496368554013304,0.260639771999093,109.0,0.2875980049155432,100.77,1,running
recovery_pair05_positive,5,positive,1,290,0.5151808261871338,0.626288115978241,0.951059877872467,1.0,1.0,1.0,1.0,1.0,0.24095331132411957,0.25737255811691284,0.9153460264205933,-0.9605399370193481,0.02675822749733925,0.9823852181434631,-0.18686696887016296,0.5598333477973938,0.9063853025436401,-0.9585128426551819,0.0,0.6000000238418579,0,50,0,49,0.8273911476135254,2.250081895036033,0.25954799282164026,116.0,0.2874445511960117,93.54,1,running
recovery_pair05_positive,5,positive,1,291,0.5356439352035522,0.6973024606704712,1.0,1.0,1.0,1.0,1.0,1.0,0.23639747500419617,1.0,0.9010080099105835,-0.9553259015083313,0.0267439354211092,0.9980919361114502,-0.061745353043079376,0.5196666717529297,0.8961741328239441,-0.957472026348114,0.0,0.6000000238418579,0,50,0,49,0.8273911476135254,2.2506091365890106,0.2586536078755954,122.0,0.28746418524005235,87.33,1,running
recovery_pair05_positive,5,positive,1,292,0.5726798176765442,0.7961812019348145,1.0,1.0,1.0,1.0,1.0,0.2753291726112366,0.242449089884758,1.0,0.9063853025436401,-0.9585128426551819,0.02674577385187149,0.9989144206047058,0.046583425253629684,0.48516666889190674,0.901873767375946,-0.9562790989875793,0.0,0.6000000238418579,0,50,0,49,0.8485718369483948,2.251227932597152,0.25783882276001513,129.0,0.28760628954328277,80.13,1,running
recovery_pair05_positive,5,positive,1,293,0.6232131719589233,0.9482877850532532,1.0,1.0,1.0,1.0,1.0,0.2467128336429596,0.26827356219291687,1.0,0.8961741328239441,-0.957472026348114,0.026758987456560135,0.9851992130279541,0.17141327261924744,0.445166677236557,0.908397912979126,-0.959598958492279,0.0,0.6000000238418579,0,50,0,49,0.8289230465888977,2.251939424151675,0.2571013852311982,136.0,0.2878705062846416,72.93,1,running
recovery_pair05_positive,5,positive,1,294,0.6979998350143433,1.0,1.0,1.0,1.0,1.0,1.0,0.23683515191078186,1.0,1.0,0.901873767375946,-0.9562790989875793,0.026783587411046028,0.9559468626976013,0.293539822101593,0.4051666557788849,0.9254982471466064,-0.9670532941818237,0.0,0.6000000238418579,0,50,0,49,0.8289230465888977,2.2527405292443556,0.25644768617008035,143.0,0.28825696329952727,65.74,1,running
recovery_pair05_positive,5,positive,1,295,0.7990179657936096,1.0,1.0,1.0,1.0,1.0,0.2759748101234436,0.24790985882282257,1.0,1.0,0.908397912979126,-0.959598958492279,0.026819540187716484,0.911690354347229,0.4108779728412628,0.3652222156524658,0.9354124069213867,-0.9718062877655029,0.06470949202775955,0.6000000238418579,0,50,0,49,0.8676844835281372,2.2466167071996948,0.2604056479805616,149.0,0.2848631925910864,61.03,1,running
recovery_pair05_positive,5,positive,1,296,0.9613302946090698,1.0,1.0,1.0,1.0,1.0,0.2554115355014801,0.267129510641098,1.0,1.0,0.9254982471466064,-0.9670532941818237,0.02650376595556736,0.8748734593391418,0.48435160517692566,0.3390555679798126,0.9398950934410095,-0.9740490913391113,0.06414386630058289,0.6000000238418579,0,50,0,49,0.825344443321228,2.236097605245256,0.2658290019283707,156.0,0.2786488554533864,56.08,1,running
recovery_pair05_positive,5,positive,1,297,1.0,1.0,1.0,1.0,1.0,1.0,0.2358126938343048,1.0,1.0,1.0,0.9354124069213867,-0.9718062877655029,0.025925587862730026,0.829817533493042,0.5580347776412964,0.31155556440353394,0.9383388161659241,-0.9760969281196594,0.06310814619064331,0.6000000238418579,0,50,0,49,0.8227032423019409,2.225389015135259,0.2698210623332272,163.0,0.27184715537084087,50.99,1,running
recovery_pair05_positive,5,positive,1,298,1.0,1.0,1.0,1.0,1.0,0.27455586194992065,0.23505806922912598,1.0,1.0,1.0,0.9398950934410095,-0.9740490913391113,0.025292756035923958,0.7770361304283142,0.6294560432434082,0.2832777798175812,0.9497069120407104,-0.9788767695426941,0.061974525451660156,0.6000000238418579,0,50,0,49,0.8227032423019409,2.2143610017176742,0.2725132905845398,170.0,0.26434245450763083,45.81,1,running
recovery_pair05_positive,5,positive,1,299,1.0,1.0,1.0,1.0,1.0,0.23914825916290283,0.24892404675483704,1.0,1.0,1.0,0.9383388161659241,-0.9760969281196594,0.024594513699412346,0.717032253742218,0.6970399618148804,0.25450000166893005,0.9479844570159912,-0.9782094359397888,0.060723740607500076,0.6000000238418579,0,50,0,49,0.7944013476371765,2.2032835963001083,0.2738543533874664,177.0,0.25625609799069,40.51,1,running
recovery_pair05_positive,5,positive,1,300,1.0,1.0,1.0,1.0,1.0,0.2269718199968338,1.0,1.0,1.0,1.0,0.9497069120407104,-0.9788767695426941,0.023842155933380127,0.6495807766914368,0.7602925896644592,0.22505556046962738,0.9376667737960815,-0.9741612076759338,0.10625936090946198,-0.29224836826324463,1,51,0,50,0.7736395001411438,2.187417384224904,0.27437230003229107,178.0,0.24419282113746366,41.87,1,near_goal_safe_timeout
recovery_pair05_positive,5,positive,2,213,0.5188853740692139,0.5228864550590515,0.5882250070571899,0.7994599938392639,1.0,1.0,1.0,1.0,0.23187725245952606,0.2414848804473877,0.7381688952445984,-0.9008104205131531,0.037739817053079605,0.5434675216674805,0.8394302129745483,0.18288889527320862,0.766308069229126,-0.9066085815429688,0.12258680164813995,-0.2719825804233551,1,37,0,36,0.785454511642456,2.16927168535089,-0.22816962112941166,77.0,0.38518832013824716,39.07,1,running
recovery_pair05_positive,5,positive,2,214,0.522896409034729,0.5105419754981995,0.5729762315750122,0.7418257594108582,1.0,1.0,1.0,1.0,0.2521766722202301,0.22441557049751282,0.7632864117622375,-0.9054833054542542,0.035838063806295395,0.6302694082260132,0.7763765454292297,0.2170555591583252,0.7725170850753784,-0.9089452028274536,0.11949057877063751,-0.2726835608482361,1,37,0,36,0.7766495943069458,2.175239453913383,-0.20435357216718622,74.0,0.3667593552416778,44.54,1,running
recovery_pair05_positive,5,positive,2,215,0.5271133780479431,0.5138676166534424,0.5590158104896545,0.7154897451400757,1.0,1.0,1.0,1.0,1.0,0.2218998819589615,0.766308069229126,-0.9066085815429688,0.03412343189120293,0.7014070153236389,0.7127609252929688,0.24744445085525513,0.8187211751937866,-0.9272201061248779,0.11872928589582443,-0.2781660556793213,1,37,0,36,0.7766495943069458,2.182336958637135,-0.18148193798046225,71.0,0.3504791211872805,50.35,1,running
recovery_pair05_positive,5,positive,2,216,0.5401304364204407,0.5070552229881287,0.5449891686439514,0.6667860150337219,1.0,1.0,1.0,1.0,1.0,0.2229776233434677,0.7725170850753784,-0.9089452028274536,0.03260871022939682,0.7699567079544067,0.6380961537361145,0.2797222137451172,0.823849081993103,-0.9290698766708374,0.11627230048179626,-0.2787209749221802,1,37,0,36,0.7800736427307129,2.190720095380549,-0.1591739250500467,68.0,0.33631302480403014,56.55,1,running
recovery_pair05_positive,5,positive,2,217,0.5453971028327942,0.5036445260047913,0.5336852073669434,0.6383815407752991,0.9420786499977112,1.0,1.0,1.0,1.0,0.22287818789482117,0.8187211751937866,-0.9272201061248779,0.0312906838953495,0.8343671560287476,0.5512090921401978,0.3141666650772095,0.8348764777183533,-0.9326921701431274,0.11446265876293182,-0.2798076570034027,1,37,0,36,0.7800736427307129,2.2002230149988127,-0.13768537896135913,64.0,0.3246203921633625,64.08,1,running
recovery_pair05_positive,5,positive,2,218,0.556693971157074,0.5074455142021179,0.5211383700370789,0.6159582138061523,0.8621463179588318,1.0,1.0,1.0,1.0,0.23587067425251007,0.823849081993103,-0.9290698766708374,0.030202798545360565,0.8994052410125732,0.43711575865745544,0.35600000619888306,0.8476399183273315,-0.9370347261428833,0.11315205693244934,-0.2811104357242584,1,37,0,36,0.8255473375320435,2.210713251666684,-0.11713506001732217,61.0,0.31560989378017335,70.89,1,running
recovery_pair05_positive,5,positive,2,219,0.5721003413200378,0.5050528049468994,0.5091598629951477,0.5904359817504883,0.7979532480239868,1.0,1.0,1.0,1.0,0.28287237882614136,0.8348764777183533,-0.9326921701431274,0.0293644517660141,0.9448918104171753,0.3273828327655792,0.39383333921432495,0.8567033410072327,-0.940115213394165,0.04283516854047775,-0.28203457593917847,1,37,0,36,0.9900533556938171,2.2182294146395254,-0.10394038328176626,59.0,0.3111383584434739,75.54,1,running
recovery_pair05_positive,5,positive,2,220,0.5857353806495667,0.5087965130805969,0.5016783475875854,0.5631730556488037,0.7496795654296875,1.0,1.0,1.0,1.0,1.0,0.8476399183273315,-0.9370347261428833,0.028948435559868813,0.968322217464447,0.249704048037529,0.41966667771339417,0.844703197479248,-0.9378842115402222,0.04223516210913658,-0.2813652753829956,1,37,0,36,1.7544711828231812,2.2231150106470268,-0.09635260717205105,56.0,0.30928201411346085,80.17,1,running
recovery_pair05_positive,5,positive,2,221,0.6083740592002869,0.5117029547691345,0.501277506351471,0.5494441390037537,0.7054561972618103,1.0,1.0,1.0,1.0,1.0,0.8567033410072327,-0.940115213394165,0.028775710612535477,0.985318660736084,0.17072543501853943,0.44538888335227966,0.8537149429321289,-0.9407514333724976,0.042685747146606445,-0.28222543001174927,1,37,0,36,1.7304269075393677,2.2284757358641345,-0.08897282632996811,52.0,0.308171069448061,85.85,1,running
recovery_pair05_positive,5,positive,2,222,0.6289364695549011,0.5260933041572571,0.49440768361091614,0.5377405285835266,0.669087290763855,1.0,1.0,1.0,1.0,1.0,0.844703197479248,-0.9378842115402222,0.0286723542958498,0.9973779916763306,0.0723678469657898,0.4769444465637207,0.8628296852111816,-0.9436593055725098,0.0,0.6000000238418579,0,38,0,37,1.7278180122375488,2.2312003357561627,-0.08553114169929754,55.0,0.3079126052345672,83.67,1,running
recovery_pair05_positive,5,positive,2,223,0.6040459275245667,0.5094340443611145,0.4936622977256775,0.5499839186668396,0.7103315591812134,1.0,1.0,1.0,1.0,1.0,0.8537149429321289,-0.9407514333724976,0.028648294508457184,0.9939033389091492,0.11025473475456238,0.4648333191871643,0.856406569480896,-0.9413962960243225,0.0,0.6000000238418579,0,38,0,37,1.7278180122375488,2.230678994069586,-0.08641241247711821,62.0,0.30810483310448766,76.48,1,running
recovery_pair05_positive,5,positive,2,224,0.5631211400032043,0.5052168369293213,0.5070194005966187,0.5825737118721008,0.8101174235343933,1.0,1.0,1.0,1.0,1.0,0.8628296852111816,-0.9436593055725098,0.028666190803050995,0.9722883701324463,0.2337847650051117,0.42488887906074524,0.8434113264083862,-0.9373842477798462,0.0,0.6000000238418579,0,38,0,37,0.8341414928436279,2.230184699924226,-0.087515673196874,68.0,0.30846826882038225,70.26,1,running
recovery_pair05_positive,5,positive,2,225,0.5313909649848938,0.4927014410495758,0.5204247832298279,0.6403813362121582,0.9620038866996765,1.0,1.0,1.0,1.0,0.23832614719867706,0.856406569480896,-0.9413962960243225,0.028700007125735283,0.9412350058555603,0.33775246143341064,0.3903333246707916,0.8510608673095703,-0.93795245885849,0.0,0.6000000238418579,0,38,0,37,0.8098253011703491,2.229853004698348,-0.08860408332183997,75.0,0.3089470346533109,63.07,1,running
recovery_pair05_positive,5,positive,2,226,0.5082849264144897,0.49702373147010803,0.5496842861175537,0.7055330276489258,1.0,1.0,1.0,1.0,1.0,0.23137865960597992,0.8434113264083862,-0.9373842477798462,0.028744539245963097,0.8915604948997498,0.45290160179138184,0.35038888454437256,0.8446640968322754,-0.9360433220863342,0.06815783679485321,0.6000000238418579,0,38,0,37,0.8044975996017456,2.2310167934631053,-0.08252997999611554,81.0,0.30580008429034405,58.06,1,running
recovery_pair05_positive,5,positive,2,227,0.49814555048942566,0.5042075514793396,0.5775576233863831,0.7922897934913635,1.0,1.0,1.0,1.0,1.0,0.2298564612865448,0.8510608673095703,-0.93795245885849,0.02845175750553608,0.8486025333404541,0.5290309190750122,0.3225555419921875,0.8460989594459534,-0.9368385672569275,0.06763334572315216,0.6000000238418579,0,38,0,37,0.8044975996017456,2.2322621445378688,-0.07014839783871896,88.0,0.298801510742331,53.02,1,running
recovery_pair05_positive,5,positive,2,228,0.48891764879226685,0.5149417519569397,0.6261542439460754,0.9404717087745667,1.0,1.0,1.0,1.0,0.247941255569458,0.24294479191303253,0.8446640968322754,-0.9360433220863342,0.027800599113106728,0.7988455295562744,0.601536214351654,0.29455554485321045,0.8212273120880127,-0.9271993041038513,0.06646692007780075,0.6000000238418579,0,38,0,37,0.8045072555541992,2.232017262297284,-0.057863966320377144,95.0,0.29103451867047125,47.87,1,running
recovery_pair05_positive,5,positive,2,229,0.49045559763908386,0.5393611788749695,0.701605498790741,1.0,1.0,1.0,1.0,1.0,0.22985921800136566,0.2770959734916687,0.8460989594459534,-0.9368385672569275,0.02707795798778534,0.7416247129440308,0.6708150506019592,0.2659444510936737,0.8246273994445801,-0.9290922284126282,0.06517241895198822,0.6000000238418579,0,38,0,37,0.8045072555541992,2.230351696127688,-0.046052509183275095,102.0,0.28270133385277446,42.57,1,running
recovery_pair05_positive,5,positive,2,230,0.4985286593437195,0.5755922198295593,0.8033237457275391,1.0,1.0,1.0,1.0,1.0,0.2345402091741562,1.0,0.8212273120880127,-0.9271993041038513,0.026302633807063103,0.6764904856681824,0.7364513874053955,0.23649999499320984,0.8056046962738037,-0.9265099167823792,0.06378355622291565,0.5943893194198608,0,38,0,37,0.8208907246589661,2.2273943629013764,-0.034828061108183,108.0,0.2738855562065903,38.12,1,running
recovery_pair05_positive,5,positive,2,231,0.5188516974449158,0.6246277093887329,0.9480432868003845,1.0,1.0,1.0,1.0,0.2538278102874756,0.23584690690040588,1.0,0.8246273994445801,-0.9290922284126282,0.025482412427663803,0.6173105239868164,0.786719560623169,0.21177777647972107,0.8186533451080322,-0.9237618446350098,0.06231426075100899,0.5322555899620056,0,38,0,37,0.8216941952705383,2.223208171558125,-0.024069008650304247,114.0,0.26449535146988573,33.55,1,running
recovery_pair05_positive,5,positive,2,232,0.5430173277854919,0.690185546875,1.0,1.0,1.0,1.0,1.0,0.2347697764635086,0.2501099407672882,1.0,0.8056046962738037,-0.9265099167823792,0.02460874430835247,0.5526644587516785,0.8334038257598877,0.18638889491558075,0.8253615498542786,-0.9267938733100891,0.060749225318431854,0.46844637393951416,0,38,0,37,0.8026888966560364,2.218013660361045,-0.01391869864637454,120.0,0.25473164124473113,28.85,1,running
recovery_pair05_positive,5,positive,2,233,0.5711546540260315,0.7686315178871155,1.0,1.0,1.0,1.0,1.0,0.22933968901634216,1.0,1.0,0.8186533451080322,-0.9237618446350098,0.023700332269072533,0.4825182259082794,0.8758859634399414,0.16027778387069702,0.8608027100563049,-0.941245436668396,0.05912194028496742,0.40282198786735535,0,38,0,37,0.782791793346405,2.2120150550699527,-0.0044058055153398555,125.0,0.24472938231480712,25.03,1,running
recovery_pair05_positive,5,positive,2,234,0.601387083530426,0.8611099123954773,1.0,1.0,1.0,1.0,1.0,0.22365479171276093,1.0,1.0,0.8253615498542786,-0.9267938733100891,0.02276971936225891,0.4230927526950836,0.9060863852500916,0.1390555500984192,0.8663213849067688,-0.943649411201477,0.100770965218544,-0.2830948233604431,1,39,0,38,0.7628316879272461,2.2026730578690645,0.00852868377881847,125.0,0.2302685141174792,26.66,1,running
recovery_pair05_positive,5,positive,2,235,0.6002888679504395,0.8557329773902893,1.0,1.0,1.0,1.0,1.0,0.2179519087076187,1.0,1.0,0.8608027100563049,-0.941245436668396,0.02142425812780857,0.44869521260261536,0.8936848640441895,0.14811110496520996,0.868591845035553,-0.9444409012794495,0.09847434610128403,-0.28333228826522827,1,39,0,38,0.7610230445861816,2.19172307929443,0.025110556112005557,122.0,0.2129671565338499,32.19,1,running
recovery_pair05_positive,5,positive,2,236,0.5853716731071472,0.802251398563385,1.0,1.0,1.0,1.0,1.0,0.21743515133857727,1.0,1.0,0.8663213849067688,-0.943649411201477,0.019814543426036835,0.5327285528182983,0.8462861776351929,0.17883333563804626,0.8698415756225586,-0.9448054432868958,0.09565327316522598,-0.2834416329860687,1,39,0,38,0.7610230445861816,2.1818478282330727,0.04204988449314691,119.0,0.1970065108523459,38.38,1,success
recovery_pair05_positive,5,positive,3,202,0.5036779642105103,0.559442400932312,0.7247055768966675,1.0,1.0,1.0,1.0,0.28345900774002075,0.23592212796211243,1.0,0.747506856918335,-0.9044150710105896,0.03782360628247261,0.3941023349761963,0.9190665483474731,0.12894444167613983,0.7574622631072998,-0.8975425958633423,0.08442150801420212,0.3240727484226227,0,32,0,31,0.8257274627685547,2.196089971260132,-0.2207645831823464,100.0,0.3912785955041236,20.08,1,running
recovery_pair05_positive,5,positive,3,203,0.5076205134391785,0.5800660848617554,0.782551109790802,1.0,1.0,1.0,1.0,0.2529408037662506,0.23778632283210754,1.0,0.7549554705619812,-0.9070920348167419,0.03640470281243324,0.34333187341690063,0.9392141699790955,0.1115555539727211,0.7610679268836975,-0.8986925482749939,0.08187976479530334,0.28036969900131226,0,32,0,31,0.8282656073570251,2.1928306042701373,-0.20509493243822174,103.0,0.37611894556061665,17.84,1,running
recovery_pair05_positive,5,positive,3,204,0.5132433772087097,0.5969080328941345,0.8376041650772095,1.0,1.0,1.0,1.0,0.2366473227739334,0.2466507852077484,1.0,0.7574622631072998,-0.8975425958633423,0.03499424457550049,0.3063599467277527,0.9519157409667969,0.09911110997200012,0.7649528980255127,-0.9002679586410522,0.07935316115617752,0.24909338355064392,0,32,0,31,0.8267010450363159,2.1888469669930637,-0.1900863075195155,106.0,0.3612158300751592,15.52,1,running
recovery_pair05_positive,5,positive,3,205,0.5235421061515808,0.6194838285446167,0.9026131629943848,1.0,1.0,1.0,1.0,0.23620030283927917,0.261620432138443,1.0,0.7610679268836975,-0.8986925482749939,0.03360765799880028,0.2675747275352478,0.9635370969772339,0.08622222393751144,0.7729703187942505,-0.9038920402526855,0.07686930149793625,0.21670007705688477,0,32,0,31,0.7949110865592957,2.184301360377011,-0.17568704035422372,109.0,0.34658394746674365,13.12,1,running
recovery_pair05_positive,5,positive,3,206,0.5315195918083191,0.6400631666183472,0.9707351922988892,1.0,1.0,1.0,1.0,0.22711744904518127,0.2675454318523407,1.0,0.7649528980255127,-0.9002679586410522,0.03224629908800125,0.22699128091335297,0.9738968014717102,0.07288888841867447,0.7796982526779175,-0.9067574739456177,0.11341556906700134,-0.27202725410461426,1,33,0,32,0.7935524582862854,2.1786236866261346,-0.15961297364982338,110.0,0.3299729507197118,12.77,1,running
recovery_pair05_positive,5,positive,3,207,0.5338807702064514,0.6524156928062439,0.9936162233352661,1.0,1.0,1.0,1.0,0.22672927379608154,0.2669452726840973,1.0,0.7729703187942505,-0.9038920402526855,0.0307008009403944,0.2210378795862198,0.9752652049064636,0.07094444334506989,0.7834471464157104,-0.9083882570266724,0.1108345165848732,-0.27251648902893066,1,33,0,32,0.7797183394432068,2.171928800927642,-0.14039546948502066,108.0,0.310227257083481,15.66,1,running
recovery_pair05_positive,5,positive,3,208,0.5272485017776489,0.6427637338638306,0.9551730155944824,1.0,1.0,1.0,1.0,0.22277666628360748,0.24216827750205994,1.0,0.7796982526779175,-0.9067574739456177,0.028863662853837013,0.26992830634117126,0.9628804326057434,0.08699999749660492,0.7811862230300903,-0.9073156714439392,0.10743051767349243,-0.2721947133541107,1,33,0,32,0.7778965830802917,2.1656141211454476,-0.11920823424498334,105.0,0.2891645227279294,19.94,1,running
recovery_pair05_positive,5,positive,3,209,0.5285250544548035,0.6188789010047913,0.886651337146759,1.0,1.0,1.0,1.0,0.2347526252269745,0.22225616872310638,1.0,0.7834471464157104,-0.9083882570266724,0.026903972029685974,0.3410359025001526,0.9400502443313599,0.11077778041362762,0.7783350348472595,-0.9061766862869263,0.10377750545740128,-0.2718530297279358,1,33,0,32,0.7613716721534729,2.1606120803016124,-0.09838545663744588,102.0,0.269344090932431,24.61,1,running
recovery_pair05_positive,5,positive,3,210,0.5217969417572021,0.6023534536361694,0.8276945948600769,1.0,1.0,1.0,1.0,0.25135567784309387,0.21753476560115814,1.0,0.7811862230300903,-0.9073156714439392,0.02505987510085106,0.4164394736289978,0.9091634154319763,0.13672222197055817,0.7777975797653198,-0.9060912728309631,0.10044723004102707,-0.2718273997306824,1,33,0,32,0.713051438331604,2.1569405395369285,-0.07811958437777954,99.0,0.25105251605921963,29.69,1,running
recovery_pair05_positive,5,positive,3,211,0.5170374512672424,0.5785192847251892,0.776304304599762,1.0,1.0,1.0,1.0,1.0,0.20372898876667023,1.0,0.7783350348472595,-0.9061766862869263,0.023358013480901718,0.495307058095932,0.8687179684638977,0.16494444012641907,0.7778370976448059,-0.9162280559539795,0.09740060567855835,-0.2748684287071228,1,33,0,32,0.713051438331604,2.1544498011425657,-0.058425366234586995,96.0,0.2343531709292173,35.23,1,running
recovery_pair05_positive,5,positive,3,212,0.5168985724449158,0.570058286190033,0.7346607446670532,1.0,1.0,1.0,1.0,1.0,0.20969334244728088,0.2531178295612335,0.7777975797653198,-0.9060912728309631,0.02180429920554161,0.5768600702285767,0.8168429732322693,0.19572222232818604,0.8090112209320068,-0.9233934879302979,0.09617608785629272,-0.27701807022094727,1,33,0,32,0.7339267134666443,2.1530448845650065,-0.03875708579556311,92.0,0.21895864000534848,42.34,1,running
recovery_pair05_positive,5,positive,3,213,0.515649676322937,0.559624969959259,0.698354184627533,1.0,1.0,1.0,1.0,1.0,0.21262629330158234,0.2255542278289795,0.7778370976448059,-0.9162280559539795,0.020371995866298676,0.6735287308692932,0.7391610741615295,0.2352222204208374,0.81877201795578,-0.9268866777420044,0.09409837424755096,-0.2780660092830658,1,33,0,32,0.709963321685791,2.1527362334506055,-0.01931964528863542,89.0,0.20527770806376555,49.08,1,running
recovery_pair05_positive,5,positive,3,214,0.5108140110969543,0.5457683205604553,0.6606267690658569,1.0,1.0,1.0,1.0,1.0,0.22317864000797272,0.20284666121006012,0.8090112209320068,-0.9233934879302979,0.01909911073744297,0.7556248903274536,0.655004620552063,0.27266666293144226,0.8266769051551819,-0.9294437766075134,0.0922134667634964,-0.27883315086364746,1,33,0,32,0.7004474401473999,2.153505828708811,-0.00021863281315372173,86.0,0.1936491596881149,56.44,1,success
recovery_pair05_negative,5,negative,1,244,0.5109299421310425,0.5963980555534363,0.8126776814460754,1.0,1.0,1.0,1.0,0.237025186419487,0.270413339138031,1.0,0.7453246712684631,-0.8914138078689575,0.03900911659002304,0.21234822273254395,0.97719407081604,0.0681111142039299,0.7521830201148987,-0.894302487373352,0.08605754375457764,0.17243853211402893,0,40,0,40,0.800618588924408,2.1613886828908107,-0.48365675003094455,104.0,0.3998425153223358,9.81,1,running
recovery_pair05_negative,5,negative,1,245,0.5256049633026123,0.6165072321891785,0.8607893586158752,1.0,1.0,1.0,1.0,0.2287481725215912,0.2888731062412262,1.0,0.7497696876525879,-0.8932175040245056,0.037201493978500366,0.17038148641586304,0.9853782057762146,0.054499998688697815,0.7595040202140808,-0.897421658039093,0.08330708742141724,0.13697344064712524,0,40,0,40,0.7926051020622253,2.1580239911063295,-0.47053000417994273,105.0,0.3864808493438672,9.13,1,running
recovery_pair05_negative,5,negative,1,246,0.5273595452308655,0.6232286691665649,0.9007707238197327,1.0,1.0,1.0,1.0,0.2264585942029953,1.0,1.0,0.7521830201148987,-0.894302487373352,0.035958319902420044,0.15867505967617035,0.9873308539390564,0.05072222277522087,0.8061615228652954,-0.9173397421836853,0.12138821184635162,-0.2752019464969635,1,41,0,41,0.7863074541091919,2.1517317334815016,-0.4469875349773761,103.0,0.36244429817380186,11.75,1,running
recovery_pair05_negative,5,negative,1,247,0.5253258347511292,0.6138097643852234,0.8574644327163696,1.0,1.0,1.0,1.0,0.2246592789888382,0.25626203417778015,1.0,0.7595040202140808,-0.897421658039093,0.03372194990515709,0.20364175736904144,0.9790454506874084,0.06527777761220932,0.7602525949478149,-0.8977123498916626,0.11508668214082718,-0.2693137228488922,1,41,0,41,0.7863074541091919,2.1475582506398645,-0.4277127489711117,101.0,0.34321931905333736,14.46,1,running
recovery_pair05_negative,5,negative,1,248,0.5188782811164856,0.5925273895263672,0.8055221438407898,1.0,1.0,1.0,1.0,0.23243728280067444,0.23411600291728973,1.0,0.8061615228652954,-0.9173397421836853,0.0319332480430603,0.249704048037529,0.968322217464447,0.08033332973718643,0.7565230131149292,-0.8958133459091187,0.1116960346698761,-0.26874402165412903,1,41,0,41,0.7689592838287354,2.1438355658301034,-0.40503675105834086,98.0,0.3212090054439555,18.6,1,running
recovery_pair05_negative,5,negative,1,249,0.5186915993690491,0.57853764295578,0.7583258748054504,1.0,1.0,1.0,1.0,0.24725915491580963,0.21970264613628387,1.0,0.7602525949478149,-0.8977123498916626,0.02988540194928646,0.3189592957496643,0.9477683901786804,0.10333333164453506,0.7541027665138245,-0.8952944278717041,0.10729692131280899,-0.2685883343219757,1,41,0,41,0.7458287477493286,2.1411209318365576,-0.37934925231952343,94.0,0.29716389089531653,24.35,1,running
recovery_pair05_negative,5,negative,1,250,0.5211957693099976,0.5659740567207336,0.7207958102226257,1.0,1.0,1.0,1.0,1.0,0.21309392154216766,1.0,0.7565230131149292,-0.8958133459091187,0.027648234739899635,0.41230955719947815,0.9110438227653503,0.13527777791023254,0.7601691484451294,-0.9092739224433899,0.10420244187116623,-0.27278217673301697,1,41,0,41,0.7352608442306519,2.140183918407443,-0.3615678259198784,92.0,0.28117373999585094,27.91,1,running
recovery_pair05_negative,5,negative,1,251,0.512445867061615,0.5584889054298401,0.6888568997383118,1.0,1.0,1.0,1.0,1.0,0.2100745290517807,1.0,0.7541027665138245,-0.8952944278717041,0.026160506531596184,0.46808406710624695,0.8836839199066162,0.15505555272102356,0.7612068057060242,-0.909611165523529,0.10158929228782654,-0.2728833556175232,1,41,0,41,0.7352608442306519,2.1402148840186066,-0.3370421312439251,88.0,0.26021776413107456,34.6,1,running
recovery_pair05_negative,5,negative,1,252,0.5159742832183838,0.5519311428070068,0.6614283323287964,0.980242133140564,1.0,1.0,1.0,1.0,0.21453632414340973,0.23112060129642487,0.7601691484451294,-0.9092739224433899,0.02421075850725174,0.5678437352180481,0.8231363892555237,0.1922222226858139,0.7987635731697083,-0.919051468372345,0.09997446835041046,-0.2757154405117035,1,41,0,41,0.7508771419525146,2.1411744447516226,-0.3199209557246376,85.0,0.24651604436929073,39.94,1,running
recovery_pair05_negative,5,negative,1,253,0.5158783197402954,0.5345726609230042,0.632400631904602,0.9063418507575989,1.0,1.0,1.0,1.0,0.21721205115318298,0.2178421914577484,0.7612068057060242,-0.909611165523529,0.02293594740331173,0.6419850587844849,0.7667171359062195,0.22188888490200043,0.7972984313964844,-0.9184277653694153,0.09761759638786316,-0.27552834153175354,1,41,0,41,0.7194962501525879,2.1437626036660014,-0.2967531549441609,82.0,0.22952223698648055,46.78,1,running
recovery_pair05_negative,5,negative,1,254,0.5243811011314392,0.5272977352142334,0.6048621535301208,0.8355514407157898,1.0,1.0,1.0,1.0,0.24617190659046173,0.20557035505771637,0.7987635731697083,-0.919051468372345,0.021571708843111992,0.7213976979255676,0.6925209760665894,0.2565000057220459,0.8028781414031982,-0.9203668832778931,0.09506428241729736,-0.27611008286476135,1,41,0,41,0.7191606163978577,2.147067711737312,-0.2775299995144523,79.0,0.21709987375275452,53.64,1,running
recovery_pair05_negative,5,negative,1,255,0.527836799621582,0.5244868993759155,0.5918734669685364,0.7816122174263,1.0,1.0,1.0,1.0,1.0,0.20547446608543396,0.7972984313964844,-0.9184277653694153,0.02019905485212803,0.8053078651428223,0.5928568243980408,0.2980000078678131,0.8434843420982361,-0.9362017512321472,0.09502419829368591,-0.2808605432510376,1,41,0,41,0.7100593447685242,2.150620139300775,-0.26172935050608476,76.0,0.20830954588425446,60.31,1,running
recovery_pair05_negative,5,negative,1,256,0.5346395969390869,0.5160487294197083,0.5738423466682434,0.7359469532966614,1.0,1.0,1.0,1.0,1.0,0.202874094247818,0.8028781414031982,-0.9203668832778931,0.01938120275735855,0.8687179684638977,0.495307058095932,0.33505555987358093,0.848335862159729,-0.9377304315567017,0.09380172193050385,-0.28131914138793945,1,41,0,41,0.7100593447685242,2.15685280670327,-0.23986997831874043,72.0,0.1987361699283507,70.12,1,success
recovery_pair05_negative,5,negative,2,246,0.5311075448989868,0.5882733464241028,0.7616087198257446,1.0,1.0,1.0,1.0,0.22522595524787903,0.23287267982959747,1.0,0.7370822429656982,-0.8869311213493347,0.0374310128390789,0.14141958951950073,0.9899497628211975,0.04516666755080223,0.737092912197113,-0.8868414759635925,0.12057287991046906,-0.2660524547100067,1,39,0,39,0.7446001172065735,2.0962397202834895,-0.4833573261006331,93.0,0.37798257916803013,11.75,1,running
recovery_pair05_negative,5,negative,2,247,0.5335068106651306,0.5771902799606323,0.723975658416748,1.0,1.0,1.0,1.0,0.2338549643754959,0.2127428948879242,1.0,0.7373877167701721,-0.8867675065994263,0.0351676382124424,0.20364175736904144,0.9790454506874084,0.06527777761220932,0.7369470000267029,-0.8870745897293091,0.11651110649108887,-0.26612240076065063,1,39,0,39,0.7125726342201233,2.095574616786552,-0.4595988508939145,90.0,0.35487895297247557,15.62,1,running
recovery_pair05_negative,5,negative,2,248,0.5250056385993958,0.5584513545036316,0.6885971426963806,1.0,1.0,1.0,1.0,1.0,0.2035921812057495,1.0,0.737092912197113,-0.8868414759635925,0.033018067479133606,0.26925602555274963,0.9630686640739441,0.08677777647972107,0.7366222739219666,-0.8995702266693115,0.1126442700624466,-0.2698710858821869,1,39,0,39,0.7125726342201233,2.096159348751899,-0.4364824145661116,87.0,0.33284334406637534,19.79,1,running
recovery_pair05_negative,5,negative,2,249,0.5314839482307434,0.5598174333572388,0.6643916368484497,0.9762055277824402,1.0,1.0,1.0,1.0,0.2054196298122406,1.0,0.7369470000267029,-0.8870745897293091,0.030967865139245987,0.338573694229126,0.9409399032592773,0.10994444787502289,0.7410480380058289,-0.9016293287277222,0.10919296741485596,-0.27048879861831665,1,39,0,39,0.7189686894416809,2.097952853016448,-0.4140220704989286,84.0,0.3119668331619071,24.3,1,running
recovery_pair05_negative,5,negative,2,250,0.5324894785881042,0.5469762682914734,0.6422876715660095,0.8992586135864258,1.0,1.0,1.0,1.0,0.20800472795963287,0.22999918460845947,0.7366222739219666,-0.8995702266693115,0.029025506228208542,0.41151437163352966,0.9114032983779907,0.13500000536441803,0.7693241834640503,-0.9072784781455994,0.1071273535490036,-0.2721835672855377,1,39,0,39,0.7280165553092957,2.1008707099037047,-0.3923152632878658,81.0,0.29243110078315226,29.18,1,running
recovery_pair05_negative,5,negative,2,251,0.5374022722244263,0.5396884083747864,0.6124966740608215,0.8346099853515625,1.0,1.0,1.0,1.0,0.20990324020385742,0.21161885559558868,0.7410480380058289,-0.9016293287277222,0.027207892388105392,0.4875549077987671,0.8730922937393188,0.16211111843585968,0.7694793343544006,-0.9074607491493225,0.10387915372848511,-0.27223822474479675,1,39,0,39,0.7269169688224792,2.1047992030999905,-0.3713679570869542,78.0,0.2743416524703173,34.46,1,running
recovery_pair05_negative,5,negative,2,252,0.5460166335105896,0.5350102186203003,0.6038821935653687,0.7844686508178711,1.0,1.0,1.0,1.0,0.22752757370471954,0.20769056677818298,0.7693241834640503,-0.9072784781455994,0.025524849072098732,0.5658307671546936,0.8245214223861694,0.19144444167613983,0.7764909863471985,-0.9103697538375854,0.10121482610702515,-0.27311092615127563,1,39,0,39,0.6806115508079529,2.1097209809562396,-0.35144162098926984,74.0,0.2580932727046747,41.16,1,running
recovery_pair05_negative,5,negative,2,253,0.550033688545227,0.5274912714958191,0.5802966952323914,0.7387598156929016,1.0,1.0,1.0,1.0,1.0,0.1944604367017746,0.7694793343544006,-0.9074607491493225,0.024013089016079903,0.6581640243530273,0.7528745532035828,0.22866666316986084,0.8217055797576904,-0.9282881021499634,0.10076749324798584,-0.278486430644989,1,39,0,39,0.6806115508079529,2.1158269610613414,-0.3316771465568625,71.0,0.2431987280032364,47.44,1,running
recovery_pair05_negative,5,negative,2,254,0.5545110702514648,0.5249926447868347,0.5680313110351562,0.7012389898300171,1.0,1.0,1.0,1.0,1.0,0.20083686709403992,0.7764909863471985,-0.9103697538375854,0.022627292200922966,0.7365694642066956,0.6763619184494019,0.2635555565357208,0.8279508352279663,-0.930619478225708,0.09859733283519745,-0.27918586134910583,1,39,0,39,0.7029290199279785,2.122893327132893,-0.31268912203297433,68.0,0.23037373648961076,54.24,1,running
recovery_pair05_negative,5,negative,2,255,0.5682131052017212,0.5267214179039001,0.5533941984176636,0.6713408827781677,0.9923791289329529,1.0,1.0,1.0,1.0,0.20593677461147308,0.8217055797576904,-0.9282881021499634,0.021434057503938675,0.8114719986915588,0.5843912959098816,0.30133333802223206,0.8385640978813171,-0.9343658089637756,0.09699049592018127,-0.2803097665309906,1,39,0,39,0.7207787036895752,2.1308399497930566,-0.29448335303019046,65.0,0.2198289891497502,61.53,1,running
recovery_pair05_negative,5,negative,2,256,0.5752156376838684,0.5331157445907593,0.5420578122138977,0.637048065662384,0.9117255210876465,1.0,1.0,1.0,1.0,0.21618309617042542,0.8279508352279663,-0.930619478225708,0.02045297622680664,0.8790668249130249,0.47669854760169983,0.34183332324028015,0.8499134182929993,-0.9382012486457825,0.0958005040884018,-0.28146037459373474,1,39,0,39,0.7566408514976501,2.1397078593036993,-0.2768824863821411,62.0,0.21169632849848324,69.3,1,running
recovery_pair05_negative,5,negative,2,257,0.5931525230407715,0.5277954339981079,0.5374292135238647,0.6116432547569275,0.8335033655166626,1.0,1.0,1.0,1.0,0.2397703230381012,0.8385640978813171,-0.9343658089637756,0.019696300849318504,0.9354440569877625,0.35347485542297363,0.38499999046325684,0.8617147207260132,-0.9422103762626648,0.095035120844841,-0.28266313672065735,1,39,0,39,0.8391961455345154,2.1495098064786706,-0.2598721557011419,58.0,0.2062245892596274,78.47,1,running
recovery_pair05_negative,5,negative,2,258,0.6079200506210327,0.5299407839775085,0.5239697694778442,0.5886997580528259,0.7823594212532043,1.0,1.0,1.0,1.0,1.0,0.8499134182929993,-0.9382012486457825,0.019187217578291893,0.979820191860199,0.19988098740577698,0.43594443798065186,0.8548982739448547,-0.9416993260383606,0.042744915932416916,-0.28250980377197266,1,39,0,39,1.8153035640716553,2.1579957767902416,-0.24644102141437385,58.0,0.20372270288510122,82.85,1,running
recovery_pair05_negative,5,negative,2,259,0.6140584945678711,0.5295049548149109,0.5186581611633301,0.5825432538986206,0.7641798853874207,1.0,1.0,1.0,1.0,1.0,0.8617147207260132,-0.9422103762626648,0.018954429775476456,0.9922236800193787,0.1244674026966095,0.4602777659893036,0.8604951500892639,-0.943297803401947,0.043024759739637375,-0.28298935294151306,1,39,0,39,1.799249291419983,2.1636661922657425,-0.23780580630423873,55.0,0.20292937417832316,88.76,1,running
recovery_pair05_negative,5,negative,2,260,0.6239863634109497,0.5312622785568237,0.5140712261199951,0.5665907263755798,0.7346671223640442,1.0,1.0,1.0,1.0,1.0,0.8548982739448547,-0.9416993260383606,0.018880628049373627,0.9997658133506775,0.021640393882989883,0.49311110377311707,0.8670505881309509,-0.9451566934585571,0.0,0.6000000238418579,0,40,0,40,1.799249291419983,2.168023294010577,-0.2317409449292226,54.0,0.2029952451956222,91.87,1,running
recovery_pair05_negative,5,negative,2,261,0.6376166939735413,0.5378053784370422,0.5145614147186279,0.5560795664787292,0.7167583107948303,1.0,1.0,1.0,1.0,1.0,0.8604951500892639,-0.943297803401947,0.018886756151914597,0.9994674324989319,-0.03263186290860176,0.5103889107704163,0.8716782331466675,-0.9466146230697632,0.0,0.6000000238418579,0,40,0,40,1.8009649515151978,2.1713943972666225,-0.22703879223530174,56.0,0.20322932273282338,91.5,1,running
recovery_pair05_negative,5,negative,2,262,0.6176853775978088,0.5271784663200378,0.5154964327812195,0.5743340253829956,0.7401069402694702,1.0,1.0,1.0,1.0,1.0,0.8670505881309509,-0.9451566934585571,0.018908526748418808,0.9996573328971863,-0.026176948100328445,0.5083333253860474,0.8694376349449158,-0.9457544684410095,0.0,0.6000000238418579,0,40,0,40,1.8040738105773926,2.171613903079979,-0.22678824633001807,62.0,0.20328007794784753,85.59,1,running
recovery_pair05_negative,5,negative,2,263,0.5890873074531555,0.5154496431350708,0.5257083773612976,0.6021636128425598,0.8267701268196106,1.0,1.0,1.0,1.0,1.0,0.8716782331466675,-0.9466146230697632,0.018913256004452705,0.9970393180847168,0.07689304649829865,0.4754999876022339,0.8600198030471802,-0.9429171681404114,0.0,0.6000000238418579,0,40,0,40,0.7962132096290588,2.171224877990079,-0.22769625147131817,69.0,0.20344067266919544,78.31,1,running
recovery_pair05_negative,5,negative,2,264,0.5490239858627319,0.5071584582328796,0.5371721982955933,0.659596860408783,0.9769205451011658,1.0,1.0,1.0,1.0,0.22748948633670807,0.8694376349449158,-0.9457544684410095,0.01892819069325924,0.9792581796646118,0.2026163786649704,0.43505555391311646,0.8660626411437988,-0.9432071447372437,0.04330313205718994,-0.2829621434211731,1,41,0,41,0.7904020547866821,2.172441714249983,-0.22428143843601864,70.0,0.20265148068423536,78.31,1,running
recovery_pair05_negative,5,negative,2,265,0.5459638833999634,0.5161861181259155,0.5427950620651245,0.660554826259613,1.0,1.0,1.0,1.0,1.0,0.22582915425300598,0.8600198030471802,-0.9429171681404114,0.018854768946766853,0.9792581796646118,0.2026163786649704,0.43505555391311646,0.8659148216247559,-0.9432458281517029,0.04329574108123779,-0.2829737663269043,1,41,0,41,0.7904020547866821,2.1758711635769896,-0.21570350849270947,66.0,0.20126970371348057,84.9,1,running
recovery_pair05_negative,5,negative,2,266,0.5581778883934021,0.5139846205711365,0.5343772768974304,0.6367821097373962,0.9214919805526733,1.0,1.0,1.0,1.0,0.24416692554950714,0.8660626411437988,-0.9432071447372437,0.018726203590631485,0.9960410594940186,0.0888943001627922,0.4716666638851166,0.8738626837730408,-0.9457190036773682,0.04369313642382622,-0.28371572494506836,1,41,0,41,0.8545842170715332,2.179731863330249,-0.2074222785288572,63.0,0.2008231968243116,90.51,1,running
recovery_pair05_negative,5,negative,2,267,0.5661546587944031,0.5124755501747131,0.52763432264328,0.6117760539054871,0.8536033630371094,1.0,1.0,1.0,1.0,1.0,0.8659148216247559,-0.9432458281517029,0.018684661015868187,0.9999603629112244,-0.008901061490178108,0.5028333067893982,0.8622117638587952,-0.943263828754425,0.04311059042811394,-0.28297916054725647,1,41,0,41,1.7936644554138184,2.184015252925539,-0.19942853042042027,60.0,0.2012948165032508,96.09,1,running
recovery_pair05_negative,5,negative,2,268,0.5865482687950134,0.5155583024024963,0.5164324641227722,0.5900712013244629,0.7961128950119019,1.0,1.0,1.0,1.0,1.0,0.8738626837730408,-0.9457190036773682,0.01872854493558407,0.9943564534187317,-0.10609052330255508,0.5338333249092102,0.8692860007286072,-0.9452362656593323,0.0434642992913723,-0.28357088565826416,1,41,0,41,1.7916260957717896,2.1887704900312395,-0.1916225760499952,57.0,0.20268039733044504,101.65,1,running
recovery_pair05_negative,5,negative,2,269,0.6058831214904785,0.5209018588066101,0.5118931531906128,0.5645899176597595,0.7472848892211914,1.0,1.0,1.0,1.0,1.0,0.8622117638587952,-0.943263828754425,0.01885746233165264,0.9793993830680847,-0.20193268358707428,0.5647222399711609,0.875198483467102,-0.9468940496444702,0.0,0.6000000238418579,0,42,0,42,1.7916260957717896,2.1909736638813393,-0.18832704277998208,60.0,0.20356936889752644,99.74,1,running
recovery_pair05_negative,5,negative,2,270,0.5871773362159729,0.5178600549697876,0.5174073576927185,0.5860462784767151,0.7922752499580383,1.0,1.0,1.0,1.0,1.0,0.8692860007286072,-0.9452362656593323,0.01894017681479454,0.985585629940033,-0.16917748749256134,0.554111123085022,0.8724387288093567,-0.946087658405304,0.0,0.6000000238418579,0,42,0,42,0.9416259527206421,2.1905095388351072,-0.18931617422221933,67.0,0.20347940461929304,92.43,1,running
recovery_pair05_negative,5,negative,2,271,0.5502534508705139,0.5049602389335632,0.531082272529602,0.6320653557777405,0.9236173033714294,1.0,1.0,1.0,1.0,0.2690359950065613,0.875198483467102,-0.9468940496444702,0.01893180049955845,0.9991007447242737,-0.042398788034915924,0.5134999752044678,0.8787106275558472,-0.9469923377037048,0.0,0.6000000238418579,0,42,0,42,0.7775233387947083,2.190180345590247,-0.1903296670234275,74.0,0.20353002745692347,85.13,1,running
recovery_pair05_negative,5,negative,2,272,0.5225923657417297,0.5129148364067078,0.5530765056610107,0.7025419473648071,1.0,1.0,1.0,1.0,1.0,0.22214952111244202,0.8724387288093567,-0.946087658405304,0.018936503678560257,0.9963898658752441,0.08489522337913513,0.472944438457489,0.8743722438812256,-0.9458852410316467,0.0437186136841774,-0.283765584230423,1,43,0,43,0.7464333772659302,2.1900484495524224,-0.19069591645789968,78.0,0.2035376131950857,81.02,1,running
recovery_pair05_negative,5,negative,2,273,0.5154721736907959,0.5150328278541565,0.5665541291236877,0.7557445168495178,1.0,1.0,1.0,1.0,1.0,0.21326668560504913,0.8787106275558472,-0.9469923377037048,0.018937213346362114,0.9877429008483887,0.1560896933078766,0.45011112093925476,0.8742154240608215,-0.9461240768432617,0.043710771948099136,-0.283837229013443,1,43,0,43,0.7464333772659302,2.1913258979165606,-0.18475949944879672,77.0,0.2026940703834407,83.72,1,running
recovery_pair05_negative,5,negative,2,274,0.5207178592681885,0.5092876553535461,0.5661870837211609,0.73566073179245,1.0,1.0,1.0,1.0,1.0,0.21961112320423126,0.8743722438812256,-0.9458852410316467,0.018858730792999268,0.993999183177948,0.1093873456120491,0.46511110663414,0.875501275062561,-0.9464632272720337,0.04377506300806999,-0.2839389741420746,1,43,0,43,0.7686389088630676,2.1936891828737655,-0.1757056336094588,74.0,0.20215057318403312,89.36,1,running
recovery_pair05_negative,5,negative,2,275,0.5215315818786621,0.5090667009353638,0.5527282357215881,0.7007316946983337,1.0,1.0,1.0,1.0,1.0,0.2240937203168869,0.8742154240608215,-0.9461240768432617,0.01880815625190735,0.9999375939369202,0.011169875040650368,0.496444433927536,0.8778502345085144,-0.946890652179718,0.0438925139605999,-0.28406721353530884,1,43,0,43,0.784328043460846,2.1965128839312142,-0.16694281796843127,70.0,0.20255661831750704,95.97,1,running
recovery_pair05_negative,5,negative,2,276,0.5321740508079529,0.5034579634666443,0.5394220948219299,0.6555059552192688,1.0,1.0,1.0,1.0,1.0,0.24155457317829132,0.875501275062561,-0.9464632272720337,0.018845947459340096,0.9945765137672424,-0.10400772094726562,0.5331666469573975,0.8802674412727356,-0.9473024010658264,0.0440133735537529,-0.28419074416160583,1,43,0,43,0.8454409837722778,2.1998694128395617,-0.15826124411804296,67.0,0.2039173950872543,101.56,1,running
recovery_pair05_negative,5,negative,2,277,0.5427557826042175,0.5062165260314941,0.525297224521637,0.6319442987442017,0.9258324503898621,1.0,1.0,1.0,1.0,1.0,0.8778502345085144,-0.946890652179718,0.018972545862197876,0.9797154068946838,-0.20039400458335876,0.5642222166061401,0.8687719106674194,-0.944683849811554,0.04343859478831291,-0.2834051549434662,1,43,0,43,1.7717578411102295,2.203694530084901,-0.14984874863074354,64.0,0.2061953739428989,107.07,1,running
recovery_pair05_negative,5,negative,2,278,0.5639054179191589,0.5103029012680054,0.5211560726165771,0.605715274810791,0.8501606583595276,1.0,1.0,1.0,1.0,1.0,0.8802674412727356,-0.9473024010658264,0.019184498116374016,0.9559468626976013,-0.293539822101593,0.5948333144187927,0.8753630518913269,-0.9465101361274719,0.043768152594566345,-0.2839530408382416,1,43,0,43,1.770174264907837,2.2080237663258857,-0.14164230457225302,60.0,0.20938198779271355,113.47,1,running
recovery_pair05_negative,5,negative,2,279,0.5776264071464539,0.5057640671730042,0.5110780596733093,0.5836607813835144,0.7863495945930481,1.0,1.0,1.0,1.0,1.0,0.8687719106674194,-0.944683849811554,0.019480979070067406,0.9172687530517578,-0.39826884865760803,0.6303889155387878,0.8798499703407288,-0.9474440813064575,0.0,0.6000000238418579,0,44,0,44,1.770174264907837,2.2118595069644456,-0.13502228387749296,61.0,0.2125557708509497,114.36,1,running
recovery_pair05_negative,5,negative,2,280,0.5694387555122375,0.5069587230682373,0.5106838941574097,0.5801407694816589,0.7860850095748901,1.0,1.0,1.0,1.0,1.0,0.8753630518913269,-0.9465101361274719,0.01977626234292984,0.9109718203544617,-0.4124685525894165,0.6353333592414856,0.8795762062072754,-0.9471872448921204,0.0,0.6000000238418579,0,44,0,44,1.7546381950378418,2.211844780378291,-0.1351767276415261,67.0,0.2125536396161497,108.32,1,running
recovery_pair05_negative,5,negative,2,281,0.543391764163971,0.5013251900672913,0.5244051814079285,0.6188656091690063,0.9165201187133789,1.0,1.0,1.0,1.0,1.0,0.8798499703407288,-0.9474440813064575,0.019776059314608574,0.9493157863616943,-0.3143238425254822,0.6017777919769287,0.8729638457298279,-0.9455392360687256,0.0,0.6000000238418579,0,44,0,44,0.832077145576477,2.2115319937664246,-0.13612507548429856,74.0,0.21232150177343748,101.06,1,running
recovery_pair05_negative,5,negative,2,282,0.5217751860618591,0.5035410523414612,0.5435604453086853,0.6960495114326477,1.0,1.0,1.0,1.0,1.0,0.23773632943630219,0.8795762062072754,-0.9471872448921204,0.019754460081458092,0.9814268350601196,-0.19183684885501862,0.5614444613456726,0.8861246705055237,-0.9491628408432007,0.0,0.6000000238418579,0,44,0,44,0.7622199654579163,2.2113304451062086,-0.13711980143675723,81.0,0.21220880137953343,93.79,1,running
recovery_pair05_negative,5,negative,2,283,0.5080508589744568,0.5122928619384766,0.5783066153526306,0.7829176187515259,1.0,1.0,1.0,1.0,1.0,0.21777713298797607,0.8729638457298279,-0.9455392360687256,0.01974398083984852,0.9978130459785461,-0.06609974801540375,0.5210555791854858,0.887122631072998,-0.9502454996109009,0.04435613378882408,-0.2850736677646637,1,45,0,45,0.7609195113182068,2.2118990227072315,-0.13300442889058897,81.0,0.2124415159310001,94.9,1,running
recovery_pair05_negative,5,negative,2,284,0.5044350028038025,0.5112720727920532,0.5822173357009888,0.7998733520507812,1.0,1.0,1.0,1.0,1.0,0.21740557253360748,0.8861246705055237,-0.9491628408432007,0.019765637814998627,0.9963452816009521,-0.08541692048311234,0.527222216129303,0.8890212178230286,-0.9508822560310364,0.04445106163620949,-0.2852647006511688,1,45,0,45,0.7609195113182068,2.213573189885141,-0.1236563301477675,78.0,0.21365259178984713,100.44,1,running
recovery_pair05_negative,5,negative,2,285,0.5068584680557251,0.5057849287986755,0.565971314907074,0.7471251487731934,1.0,1.0,1.0,1.0,1.0,0.22803381085395813,0.887122631072998,-0.9502454996109009,0.019878318533301353,0.9834452271461487,-0.18120576441287994,0.5580000281333923,0.8890495300292969,-0.9503852128982544,0.0444524772465229,-0.2851155698299408,1,45,0,45,0.7981183528900146,2.2157873831459245,-0.11440043480825239,75.0,0.21581466708755445,105.91,1,running
recovery_pair05_negative,5,negative,2,286,0.5129790902137756,0.4987030029296875,0.5466226935386658,0.7055824995040894,1.0,1.0,1.0,1.0,1.0,0.23868747055530548,0.8890212178230286,-0.9508822560310364,0.02007947862148285,0.9616934657096863,-0.2741270661354065,0.5883888602256775,0.8893080949783325,-0.9499567747116089,0.044465404003858566,-0.28498703241348267,1,45,0,45,0.8354061245918274,2.2184792370904485,-0.10541926205467975,72.0,0.218831564682755,111.25,1,running
recovery_pair05_negative,5,negative,2,287,0.5251637101173401,0.49690890312194824,0.538625955581665,0.6654213070869446,1.0,1.0,1.0,1.0,1.0,0.276201456785202,0.8890495300292969,-0.9503852128982544,0.02036016248166561,0.9320078492164612,-0.36243805289268494,0.6180555820465088,0.8900785446166992,-0.9499028921127319,0.04450392723083496,-0.28497087955474854,1,45,0,45,0.9667051434516907,2.2215601944781573,-0.09684531857728358,69.0,0.2225519300890859,116.41,1,running
recovery_pair05_negative,5,negative,2,288,0.5350011587142944,0.4990306794643402,0.5212888121604919,0.6403036117553711,0.9542790055274963,1.0,1.0,1.0,1.0,1.0,0.8893080949783325,-0.9499567747116089,0.020706316456198692,0.895634114742279,-0.4447914958000183,0.6467221975326538,0.877518355846405,-0.9465150237083435,0.04387591779232025,-0.28395453095436096,1,45,0,45,1.726186990737915,2.2251600226542627,-0.08829240831969311,65.0,0.2270894640946463,122.47,1,running
recovery_pair05_negative,5,negative,2,289,0.5468989610671997,0.4931962788105011,0.5136695504188538,0.6081885099411011,0.8764232993125916,1.0,1.0,1.0,1.0,1.0,0.8900785446166992,-0.9499028921127319,0.021128496155142784,0.8436726331710815,-0.5368579626083374,0.680388867855072,0.8807896375656128,-0.9469518661499023,0.04403948411345482,-0.28408557176589966,1,45,0,45,1.726186990737915,2.2292413228719785,-0.07992650314474796,62.0,0.23235406738822756,127.39,1,running
recovery_pair05_negative,5,negative,2,290,0.5598442554473877,0.5021446943283081,0.5112928748130798,0.591232180595398,0.8072257041931152,1.0,1.0,1.0,1.0,1.0,0.877518355846405,-0.9465150237083435,0.02161831222474575,0.7945206165313721,-0.6072371602058411,0.7077222466468811,0.8848549127578735,-0.9479974508285522,0.0,0.6000000238418579,0,46,0,46,1.753793478012085,2.230940171503899,-0.07680534465218655,65.0,0.23455607270267964,125.07,1,running
recovery_pair05_negative,5,negative,2,291,0.5431889891624451,0.5010838508605957,0.5133955478668213,0.607050359249115,0.8702020645141602,1.0,1.0,1.0,1.0,1.0,0.8807896375656128,-0.9469518661499023,0.021823177114129066,0.8184506893157959,-0.5745767951011658,0.6948333382606506,0.8820644021034241,-0.9472107887268066,0.0,0.6000000238418579,0,46,0,46,1.71394944190979,2.2305426650764795,-0.07790035843835628,72.0,0.23397533704216517,117.83,1,running
recovery_pair05_negative,5,negative,2,292,0.5230275988578796,0.4896998405456543,0.5284598469734192,0.6684157252311707,1.0,1.0,1.0,1.0,1.0,1.0,0.8848549127578735,-0.9479974508285522,0.021769151091575623,0.8843366503715515,-0.46684974431991577,0.6546111106872559,0.8774857521057129,-0.946476399898529,0.0,0.6000000238418579,0,46,0,46,0.8141466975212097,2.23027031764563,-0.0790673378944337,79.0,0.23351042821708073,110.56,1,running
recovery_pair05_negative,5,negative,2,293,0.5091274976730347,0.49754053354263306,0.564007043838501,0.7499197721481323,1.0,1.0,1.0,1.0,1.0,0.23261334002017975,0.8820644021034241,-0.9472107887268066,0.02172590233385563,0.9363049268722534,-0.351188063621521,0.6142222285270691,0.8949995636940002,-0.9519425630569458,0.0,0.6000000238418579,0,46,0,46,0.7853937149047852,2.2301455906900447,-0.08023223667014742,86.0,0.2331967772712606,103.28,1,running
recovery_pair05_negative,5,negative,2,294,0.4933550953865051,0.5118984580039978,0.6086012721061707,0.8727410435676575,1.0,1.0,1.0,1.0,1.0,0.22439821064472198,0.8774857521057129,-0.946476399898529,0.021696723997592926,0.9732590913772583,-0.22971001267433167,0.5737777948379517,0.898934006690979,-0.9543078541755676,0.04494670033454895,-0.2862923741340637,1,47,0,47,0.7853937149047852,2.2301161913643504,-0.0807093601785632,90.0,0.23309129907722753,99.16,1,running
recovery_pair05_negative,5,negative,2,295,0.4893814027309418,0.5199536085128784,0.638807475566864,0.9821370244026184,1.0,1.0,1.0,1.0,1.0,0.22658541798591614,0.8949995636940002,-0.9519425630569458,0.021686892956495285,0.98724764585495,-0.15919199585914612,0.5508888959884644,0.903407633304596,-0.9565156102180481,0.0451703816652298,-0.28695470094680786,1,47,0,47,0.7697300910949707,2.2301809882429624,-0.0739806866104815,88.0,0.2343207783128334,102.79,1,running
recovery_pair05_negative,5,negative,2,296,0.4928470551967621,0.5161954760551453,0.6201013326644897,0.9374328851699829,1.0,1.0,1.0,1.0,1.0,0.21992288529872894,0.898934006690979,-0.9543078541755676,0.021801291033625603,0.9751880168914795,-0.22137829661369324,0.57105553150177,0.9029483795166016,-0.9559786319732666,0.04514741897583008,-0.28679358959198,1,47,0,47,0.7697300910949707,2.230710608989134,-0.06453498036817697,85.0,0.2367867394342663,108.01,1,running
recovery_pair05_negative,5,negative,2,297,0.4944240152835846,0.508696436882019,0.5999823212623596,0.8595343232154846,1.0,1.0,1.0,1.0,1.0,0.22573542594909668,0.903407633304596,-0.9565156102180481,0.022030716761946678,0.9510025978088379,-0.3091829717159271,0.6000555753707886,0.9010031223297119,-0.9546908736228943,0.045050155371427536,-0.2864072620868683,1,47,0,47,0.7900739908218384,2.2317838164204997,-0.05509682670751407,82.0,0.24012380670763306,113.14,1,running
recovery_pair05_negative,5,negative,2,298,0.49538764357566833,0.5004054307937622,0.5822247266769409,0.7931605577468872,1.0,1.0,1.0,1.0,1.0,0.23327422142028809,0.9029483795166016,-0.9559786319732666,0.022341210395097733,0.9195473790168762,-0.3929791748523712,0.6285555362701416,0.899038553237915,-0.9533751010894775,0.04495192691683769,-0.28601253032684326,1,47,0,47,0.8164597749710083,2.2334047213115342,-0.045702202731220276,78.0,0.24429587606601363,119.17,1,running
recovery_pair05_negative,5,negative,2,299,0.4995190501213074,0.49768075346946716,0.5550988912582397,0.7363076210021973,1.0,1.0,1.0,1.0,1.0,0.2439662665128708,0.9010031223297119,-0.9546908736228943,0.02272936888039112,0.8731774091720581,-0.4874025285243988,0.6620555520057678,0.8975655436515808,-0.9521503448486328,0.0448782779276371,-0.28564512729644775,1,47,0,47,0.8538819551467896,2.2355743210583525,-0.03638862449162637,75.0,0.2492554675102246,124.07,1,running
recovery_pair05_negative,5,negative,2,300,0.51100093126297,0.4991872310638428,0.5406190752983093,0.699336051940918,1.0,1.0,1.0,1.0,1.0,1.0,0.899038553237915,-0.9533751010894775,0.023190813139081,0.828353762626648,-0.560205340385437,0.6892777681350708,0.8830795288085938,-0.948093831539154,0.04415397718548775,-0.2844281494617462,1,47,0,47,1.7346324920654297,2.2382441167971603,-0.027336961073724846,72.0,0.25485214463030065,128.8,1,near_goal_safe_timeout
recovery_pair05_negative,5,negative,3,252,0.5295249819755554,0.49646422266960144,0.5354592204093933,0.6591181755065918,1.0,1.0,1.0,1.0,1.0,0.23495808243751526,0.847591757774353,-0.9370929002761841,0.03785046190023422,0.7795566320419312,0.6263317465782166,0.2845555543899536,0.8242179155349731,-0.9289270043373108,0.08446960151195526,0.6000000238418579,0,46,0,46,0.8223533034324646,2.221369192968968,-0.44668330166878506,77.0,0.3964183173704429,46.95,1,running
recovery_pair05_negative,5,negative,3,253,0.5108823776245117,0.49725374579429626,0.5596358776092529,0.7440975308418274,1.0,1.0,1.0,1.0,0.26643845438957214,0.24122047424316406,0.8356440663337708,-0.9327762722969055,0.0368829071521759,0.7307582497596741,0.6826363205909729,0.2608333230018616,0.7876375913619995,-0.914424479007721,0.08273638784885406,0.6000000238418579,0,46,0,46,0.8442716598510742,2.2239038133046414,-0.43144430129536415,84.0,0.38533826440262836,41.52,1,running
recovery_pair05_negative,5,negative,3,254,0.4937344193458557,0.5132798552513123,0.5958633422851562,0.8546651601791382,1.0,1.0,1.0,1.0,0.2459789663553238,0.273776650428772,0.8242179155349731,-0.9289270043373108,0.03585201874375343,0.6628814339637756,0.7487244009971619,0.23066666722297668,0.7885557413101196,-0.9150722026824951,0.08088970929384232,0.5797285437583923,0,46,0,46,0.8454442620277405,2.224632094111242,-0.4162340796297991,91.0,0.3735014918877411,35.97,1,running
recovery_pair05_negative,5,negative,3,255,0.49308034777641296,0.525342583656311,0.6531829237937927,1.0,1.0,1.0,1.0,1.0,0.24155549705028534,1.0,0.7876375913619995,-0.914424479007721,0.03475071117281914,0.5873615741729736,0.8093246221542358,0.19983333349227905,0.7713993191719055,-0.9132925271987915,0.07891691476106644,0.5022359490394592,0,46,0,46,0.8296554088592529,2.223693520818553,-0.40141554067427976,97.0,0.3611902575130345,31.27,1,running
recovery_pair05_negative,5,negative,3,256,0.49770981073379517,0.5514858365058899,0.7202923893928528,1.0,1.0,1.0,1.0,1.0,0.23704440891742706,1.0,0.7885557413101196,-0.9150722026824951,0.03360527753829956,0.519071638584137,0.8547307252883911,0.17372222244739532,0.7725750803947449,-0.91402667760849,0.07686503976583481,0.4366115629673004,0,46,0,46,0.8296554088592529,2.2213446774478505,-0.3869917467100234,102.0,0.3484830304388227,27.43,1,running
recovery_pair05_negative,5,negative,3,257,0.4973130226135254,0.5770667195320129,0.8046048283576965,1.0,1.0,1.0,1.0,0.2552799582481384,0.24725987017154694,1.0,0.7713993191719055,-0.9132925271987915,0.0324229896068573,0.4606645703315735,0.887574315071106,0.15238888561725616,0.7770760655403137,-0.9058086276054382,0.07474717497825623,0.38299503922462463,0,46,0,46,0.846625566482544,2.2179146671964642,-0.37330062940095265,106.0,0.3357841724499554,24.46,1,running
recovery_pair05_negative,5,negative,3,258,0.5106971263885498,0.6137662529945374,0.8915329575538635,1.0,1.0,1.0,1.0,0.24189302325248718,0.26023751497268677,1.0,0.7725750803947449,-0.91402667760849,0.03124147839844227,0.4140578806400299,0.9102505445480347,0.13588888943195343,0.7872932553291321,-0.9103377461433411,0.07263069599866867,0.3415260314941406,0,46,0,46,0.8120031952857971,2.213569486486258,-0.36014328014660363,110.0,0.32299639372496103,21.39,1,running
recovery_pair05_negative,5,negative,3,259,0.5255575776100159,0.6495839953422546,1.0,1.0,1.0,1.0,1.0,0.2320009171962738,1.0,1.0,0.7770760655403137,-0.9058086276054382,0.030051695182919502,0.36471426486968994,0.9311195015907288,0.11883333325386047,0.8347811102867126,-0.9301693439483643,0.07049939781427383,0.2986607551574707,0,46,0,46,0.8115879893302917,2.208471886892297,-0.347569314197577,114.0,0.3102253214690002,18.22,1,running
recovery_pair05_negative,5,negative,3,260,0.5403294563293457,0.6848049759864807,1.0,1.0,1.0,1.0,1.0,0.23188228905200958,1.0,1.0,0.7872932553291321,-0.9103377461433411,0.028863471001386642,0.31266650557518005,0.9498629570007324,0.10122222453355789,0.8357928991317749,-0.9305735230445862,0.06837088614702225,0.2543991804122925,0,46,0,46,0.7988914251327515,2.2027778551958095,-0.33556175158163354,117.0,0.2975316668558931,15.96,1,running
recovery_pair05_negative,5,negative,3,261,0.5520967841148376,0.7309785485267639,1.0,1.0,1.0,1.0,1.0,0.22825469076633453,1.0,1.0,0.8347811102867126,-0.9301693439483643,0.027682455256581306,0.27496621012687683,0.961453914642334,0.08866667002439499,0.8399990797042847,-0.9321857690811157,0.10825523734092712,-0.2796557545661926,1,47,0,47,0.7689964175224304,2.1942646672686834,-0.31894293795368445,116.0,0.2796146645214885,18.01,1,running
recovery_pair05_negative,5,negative,3,262,0.5569661855697632,0.7126116156578064,1.0,1.0,1.0,1.0,1.0,0.2197132557630539,1.0,1.0,0.8357928991317749,-0.9305735230445862,0.026015449315309525,0.3091829717159271,0.9510025978088379,0.10005555301904678,0.8414503931999207,-0.9327349662780762,0.10534162819385529,-0.2798205018043518,1,47,0,47,0.7689964175224304,2.1853062965659715,-0.2992531635826185,113.0,0.25933000866464956,22.61,1,running
recovery_pair05_negative,5,negative,3,263,0.538122832775116,0.684074878692627,1.0,1.0,1.0,1.0,1.0,0.22915051877498627,0.26341572403907776,1.0,0.8399990797042847,-0.9321857690811157,0.024128157645463943,0.38445645570755005,0.9231431484222412,0.1256111115217209,0.8072691559791565,-0.9188134670257568,0.10025179386138916,-0.27564406394958496,1,47,0,47,0.7993735074996948,2.1778513289857693,-0.2799872909040014,110.0,0.24067701545964607,27.64,1,running
recovery_pair05_negative,5,negative,3,264,0.5369501709938049,0.6561316847801208,0.9859303832054138,1.0,1.0,1.0,1.0,0.22839243710041046,0.23053501546382904,1.0,0.8414503931999207,-0.9327349662780762,0.02239268645644188,0.4639146029949188,0.8858799338340759,0.15355555713176727,0.8094021081924438,-0.919684648513794,0.09724961221218109,-0.27590540051460266,1,47,0,47,0.7678714990615845,2.1716863358039307,-0.261017077002507,106.0,0.22355795059266018,34.17,1,running
recovery_pair05_negative,5,negative,3,265,0.5278502106666565,0.6328838467597961,0.9104834794998169,1.0,1.0,1.0,1.0,0.24559031426906586,0.2193918526172638,1.0,0.8072691559791565,-0.9188134670257568,0.020799918100237846,0.5616502165794373,0.8273747563362122,0.18983332812786102,0.808687150478363,-0.9194744229316711,0.09436067938804626,-0.2758423388004303,1,47,0,47,0.7456294894218445,2.166699570728034,-0.2421989603315802,103.0,0.20798048395387683,40.28,1,running
recovery_pair05_negative,5,negative,3,266,0.5239242315292358,0.6065970659255981,0.8437767624855042,1.0,1.0,1.0,1.0,1.0,0.21303699910640717,1.0,0.8094021081924438,-0.919684648513794,0.019350586459040642,0.6465235352516174,0.7628940343856812,0.22377777099609375,0.8096700310707092,-0.9283061027526855,0.0918135792016983,-0.2784918546676636,1,47,0,47,0.7255160808563232,2.1628577979265673,-0.22355115663023534,100.0,0.1941628113877932,47.01,1,success
recovery_pair06_positive,6,positive,1,217,0.5184305906295776,0.6044132113456726,0.841755747795105,1.0,1.0,1.0,1.0,0.2253352850675583,1.0,1.0,0.7508029937744141,-0.8938251733779907,0.03821197897195816,0.20688726007938385,0.9783647656440735,0.0663333311676979,0.801932692527771,-0.9155318737030029,0.1252138316631317,-0.27465957403182983,1,35,0,34,0.7886735200881958,2.1680762369198137,-0.2961543880842277,102.0,0.3889223462930604,13.6,1,running
recovery_pair06_positive,6,positive,1,218,0.5152933597564697,0.5987740159034729,0.8221899271011353,1.0,1.0,1.0,1.0,0.22928902506828308,0.26312538981437683,1.0,0.7540775537490845,-0.8951247334480286,0.036185480654239655,0.23514211177825928,0.9719610214233398,0.07555555552244186,0.756591260433197,-0.8961883187294006,0.11931662261486053,-0.2688564956188202,1,35,0,34,0.8025115728378296,2.1635175480301605,-0.27191174163404325,99.0,0.365145801806244,17.6,1,running
recovery_pair06_positive,6,positive,1,219,0.5149262547492981,0.5749117732048035,0.772165834903717,1.0,1.0,1.0,1.0,0.23158442974090576,0.2351345270872116,1.0,0.801932692527771,-0.9155318737030029,0.033973295241594315,0.3023698925971985,0.9531906843185425,0.09777777642011642,0.7559373378753662,-0.895624041557312,0.11532115936279297,-0.2686872184276581,1,35,0,34,0.7727125287055969,2.1603962273785466,-0.24856805320029277,96.0,0.3429614336270649,21.88,1,running
recovery_pair06_positive,6,positive,1,220,0.5116637945175171,0.5682325959205627,0.7351902723312378,1.0,1.0,1.0,1.0,0.24448588490486145,0.22077500820159912,1.0,0.756591260433197,-0.8961883187294006,0.031909260898828506,0.3726638853549957,0.9279664158821106,0.12155555188655853,0.7556554079055786,-0.8960099816322327,0.11160968244075775,-0.2688030004501343,1,35,0,34,0.7498239874839783,2.1585250390889668,-0.2257697400378598,93.0,0.3220609483723046,26.49,1,running
recovery_pair06_positive,6,positive,1,221,0.5089206099510193,0.555238664150238,0.6969856023788452,1.0,1.0,1.0,1.0,1.0,0.21423542499542236,1.0,0.7559373378753662,-0.895624041557312,0.029964668676257133,0.44604161381721497,0.8950121998786926,0.1471666693687439,0.7586381435394287,-0.9086430072784424,0.1082753986120224,-0.2725929021835327,1,35,0,34,0.7306293249130249,2.1579087698162276,-0.2035433449135743,90.0,0.30258909632709047,31.46,1,running
recovery_pair06_positive,6,positive,1,222,0.5044485330581665,0.5500836968421936,0.6664558053016663,1.0,1.0,1.0,1.0,1.0,0.20875123143196106,1.0,0.7556554079055786,-0.8960099816322327,0.02815299667418003,0.5219031572341919,0.8530047535896301,0.1747777760028839,0.7638452053070068,-0.9105839729309082,0.10529044270515442,-0.2731752097606659,1,35,0,34,0.7306293249130249,2.1585160019777967,-0.18185228566758263,87.0,0.28464907202776907,36.84,1,running
recovery_pair06_positive,6,positive,1,223,0.5152177214622498,0.536978006362915,0.634856641292572,0.9316202998161316,1.0,1.0,1.0,1.0,0.21211649477481842,0.230564683675766,0.7586381435394287,-0.9086430072784424,0.026483850553631783,0.5995824933052063,0.8003129959106445,0.20466665923595428,0.7937771081924438,-0.9171258211135864,0.10379703342914581,-0.2751377522945404,1,35,0,34,0.7424077391624451,2.1602615395679807,-0.16076488512726278,84.0,0.26843052200015105,42.66,1,running
recovery_pair06_positive,6,positive,1,224,0.5156031250953674,0.5266140103340149,0.6117449402809143,0.8677173256874084,1.0,1.0,1.0,1.0,0.22292855381965637,0.21696126461029053,0.7638452053070068,-0.9105839729309082,0.024974877014756203,0.6776464581489563,0.7353878617286682,0.2370000034570694,0.7963076829910278,-0.9180145263671875,0.10122047364711761,-0.2754043638706207,1,35,0,34,0.7243436574935913,2.163077868083715,-0.1401574545935122,81.0,0.2539981215140401,48.94,1,running
recovery_pair06_positive,6,positive,1,225,0.5154138803482056,0.5206097960472107,0.5932445526123047,0.8072647452354431,1.0,1.0,1.0,1.0,0.23694397509098053,0.20695532858371735,0.7937771081924438,-0.9171258211135864,0.023632075637578964,0.7540221214294434,0.6568490266799927,0.2718888819217682,0.8015149235725403,-0.9197361469268799,0.09907543659210205,-0.2759208679199219,1,35,0,34,0.7025725245475769,2.166936997140817,-0.1200860747253837,77.0,0.24160791685756705,56.7,1,running
recovery_pair06_positive,6,positive,1,226,0.5233128666877747,0.5168308019638062,0.5738973021507263,0.7595905065536499,1.0,1.0,1.0,1.0,1.0,0.20073500275611877,0.7963076829910278,-0.9180145263671875,0.02247929759323597,0.8358073830604553,0.5490227937698364,0.3149999976158142,0.8438389301300049,-0.9361439347267151,0.09912659972906113,-0.28084319829940796,1,35,0,34,0.6991553902626038,2.1718671589462164,-0.10043852652916929,74.0,0.23144644016945506,63.95,1,running
recovery_pair06_positive,6,positive,1,227,0.5356754660606384,0.5084091424942017,0.5560592412948608,0.7084239721298218,1.0,1.0,1.0,1.0,1.0,0.19975867867469788,0.8015149235725403,-0.9197361469268799,0.02153385989367962,0.8984111547470093,0.43915534019470215,0.35527777671813965,0.8495326638221741,-0.9379504323005676,0.09771770983934402,-0.2813851535320282,1,35,0,34,0.6991553902626038,2.1778475130030954,-0.08160534793963713,71.0,0.22399726149695737,71.56,1,running
recovery_pair06_positive,6,positive,1,228,0.5407969355583191,0.5122194886207581,0.5447349548339844,0.6787727475166321,1.0,1.0,1.0,1.0,1.0,0.20921380817890167,0.8438389301300049,-0.9361439347267151,0.02084079571068287,0.9486554265022278,0.31631138920783997,0.39755555987358093,0.8584511280059814,-0.9408161640167236,0.04292255640029907,-0.28224486112594604,1,35,0,34,0.7322483062744141,2.182926321815254,-0.0677449030147564,69.0,0.22005488242567134,77.23,1,running
recovery_pair06_positive,6,positive,1,229,0.5453535914421082,0.5069218873977661,0.5375057458877563,0.6430879831314087,0.9710684418678284,1.0,1.0,1.0,1.0,0.22063922882080078,0.8495326638221741,-0.9379504323005676,0.020473994314670563,0.9752652049064636,0.2210378795862198,0.4290555417537689,0.8631022572517395,-0.9421447515487671,0.043155115097761154,-0.2826434373855591,1,35,0,34,0.7722373008728027,2.1864441445962868,-0.05942619656529076,65.0,0.21853523385298973,83.56,1,running
recovery_pair06_positive,6,positive,1,230,0.5572150945663452,0.5060545802116394,0.5269284248352051,0.6167284846305847,0.8879297375679016,1.0,1.0,1.0,1.0,0.23631420731544495,0.8584511280059814,-0.9408161640167236,0.020332589745521545,0.9936898350715637,0.11216268688440323,0.4642222225666046,0.8710975050926208,-0.9446104168891907,0.0435548759996891,-0.2833831310272217,1,35,0,34,0.8270997405052185,2.190482066091873,-0.05120860313360195,62.0,0.21788425341977846,88.95,1,running
recovery_pair06_positive,6,positive,1,231,0.5744665861129761,0.5117357969284058,0.5148664116859436,0.5924692153930664,0.8239402770996094,1.0,1.0,1.0,1.0,1.0,0.8631022572517395,-0.9421447515487671,0.020272037014365196,0.9998320937156677,0.01832493208348751,0.49416667222976685,0.8600578904151917,-0.9425056576728821,0.0430028960108757,-0.2827517092227936,1,35,0,34,1.7893480062484741,2.194968249935462,-0.043256341136739304,59.0,0.21813654557470677,94.35,1,running
recovery_pair06_positive,6,positive,1,232,0.5962268114089966,0.5168029069900513,0.5112422704696655,0.5787383913993835,0.7672711610794067,1.0,1.0,1.0,1.0,1.0,0.8710975050926208,-0.9446104168891907,0.02029550075531006,0.9971193075180054,-0.07584890723228455,0.5241666436195374,0.8684578537940979,-0.9450477361679077,0.043422892689704895,-0.2835143208503723,1,35,0,34,1.7802174091339111,2.1999575965001332,-0.03549178929592543,56.0,0.2193057970379233,99.75,1,running
recovery_pair06_positive,6,positive,1,233,0.6145310401916504,0.5251215100288391,0.508633553981781,0.5603953003883362,0.724740207195282,1.0,1.0,1.0,1.0,1.0,0.8600578904151917,-0.9425056576728821,0.02040429227054119,0.9855560660362244,-0.16934950649738312,0.5541666746139526,0.874945878982544,-0.9469756484031677,0.0,0.6000000238418579,0,36,0,35,1.7666561603546143,2.2038624420413564,-0.029835082710705254,59.0,0.22064660698931585,98.51,1,running
recovery_pair06_positive,6,positive,1,234,0.5848181843757629,0.5082461833953857,0.504758894443512,0.5761047601699829,0.7759838700294495,1.0,1.0,1.0,1.0,1.0,0.8684578537940979,-0.9450477361679077,0.020529041066765785,0.988990068435669,-0.14798203110694885,0.5472777485847473,0.8695003390312195,-0.9449506998062134,0.0,0.6000000238418579,0,36,0,35,0.8795644640922546,2.203440287974688,-0.03070240076702231,66.0,0.2205904652516441,91.26,1,running
recovery_pair06_positive,6,positive,1,235,0.5476296544075012,0.5073772072792053,0.5209454298019409,0.6249758005142212,0.903124988079071,1.0,1.0,1.0,1.0,0.25130411982536316,0.874945878982544,-0.9469756484031677,0.020523810759186745,0.9997581839561462,-0.021989375352859497,0.5070000290870667,0.8775303959846497,-0.9464787244796753,0.0,0.6000000238418579,0,36,0,35,0.7469440698623657,2.2031208455881206,-0.03162695209481078,73.0,0.22065543639857266,84.0,1,running
recovery_pair06_positive,6,positive,1,236,0.5264118909835815,0.499256432056427,0.5511420965194702,0.6808755993843079,1.0,1.0,1.0,1.0,1.0,0.2134125977754593,0.8695003390312195,-0.9449506998062134,0.020529871806502342,0.9945219159126282,0.10452846437692642,0.46666666865348816,0.8712254762649536,-0.9447029829025269,0.04356127604842186,-0.283410906791687,1,37,0,36,0.7469440698623657,2.204294297367684,-0.027371014267151175,74.0,0.22011650998438506,84.14,1,running
recovery_pair06_positive,6,positive,1,237,0.5211654305458069,0.5042566657066345,0.5498777031898499,0.6952467560768127,1.0,1.0,1.0,1.0,1.0,0.21551716327667236,0.8775303959846497,-0.9464787244796753,0.020479712635278702,0.994774341583252,0.10209807753562927,0.46744444966316223,0.8721930980682373,-0.9450465440750122,0.043609656393527985,-0.28351396322250366,1,37,0,36,0.7543100714683533,2.2071332400779093,-0.018469250728185505,71.0,0.21963518360657958,89.58,1,running
recovery_pair06_positive,6,positive,1,238,0.5354181528091431,0.4990637004375458,0.5312321782112122,0.6582217216491699,1.0,1.0,1.0,1.0,1.0,0.2300301492214203,0.8712254762649536,-0.9447029829025269,0.020434942096471786,0.9999731183052063,0.007330317050218582,0.4976666569709778,0.8745073080062866,-0.9455508589744568,0.04372536763548851,-0.283665269613266,1,37,0,36,0.8051055073738098,2.2104898557705015,-0.009710276117917123,67.0,0.22008759986314783,96.02,1,running
recovery_pair06_positive,6,positive,1,239,0.5427079796791077,0.500670313835144,0.5224167108535767,0.6306027770042419,0.9193958044052124,1.0,1.0,1.0,1.0,0.2570609748363495,0.8721930980682373,-0.9450465440750122,0.020477021113038063,0.9944853186607361,-0.1048756092786789,0.5334444642066956,0.8804590106010437,-0.9472533464431763,0.044022951275110245,-0.2841760218143463,1,37,0,36,0.8997134566307068,2.214326841234877,-0.001183559081577028,64.0,0.2214610361647216,101.42,1,running
recovery_pair06_positive,6,positive,1,240,0.5563428401947021,0.4994412958621979,0.5151194334030151,0.5976769328117371,0.8521596193313599,1.0,1.0,1.0,1.0,1.0,0.8745073080062866,-0.9455508589744568,0.0206048171967268,0.9802021384239197,-0.197999507188797,0.5634444355964661,0.8685272336006165,-0.9443907737731934,0.04342636093497276,-0.2833172380924225,1,37,0,36,1.748044490814209,2.2183475501966377,0.006548139452371593,61.0,0.2235670228622516,106.6,1,running
recovery_pair06_positive,6,positive,1,241,0.5683702826499939,0.5071778893470764,0.5067927241325378,0.5841662287712097,0.784697413444519,1.0,1.0,1.0,1.0,1.0,0.8804590106010437,-0.9472533464431763,0.02080075815320015,0.9583225846290588,-0.2856883704662323,0.5922222137451172,0.8746867179870605,-0.9460522532463074,0.043734338134527206,-0.2838156819343567,1,37,0,36,1.7737746238708496,2.222612790983765,0.013614302116368339,57.0,0.22634976888356423,112.57,1,running
recovery_pair06_positive,6,positive,1,242,0.5969905257225037,0.5116983652114868,0.5077154636383057,0.5596749782562256,0.7262417674064636,1.0,1.0,1.0,1.0,1.0,0.8685272336006165,-0.9443907737731934,0.0210596714168787,0.9234113097190857,-0.383811891078949,0.6253888607025146,0.8812077641487122,-0.9479833841323853,0.0,0.6000000238418579,0,38,0,37,1.767011284828186,2.224597322993654,0.01654279816725158,58.0,0.22779462544349705,112.39,1,running
recovery_pair06_positive,6,positive,1,243,0.582575798034668,0.505216121673584,0.5048603415489197,0.565317690372467,0.7566924095153809,1.0,1.0,1.0,1.0,1.0,0.8746867179870605,-0.9460522532463074,0.021194085478782654,0.9246125221252441,-0.3809089958667755,0.6243888735771179,0.8789299726486206,-0.9470821022987366,0.0,0.6000000238418579,0,38,0,37,1.7505671977996826,2.2240621686779303,0.015481930408763707,65.0,0.22744693584940803,105.1,1,running
recovery_pair06_positive,6,positive,1,244,0.5433353185653687,0.5001620650291443,0.5120447278022766,0.6109038591384888,0.8776170015335083,1.0,1.0,1.0,1.0,1.0,0.8812077641487122,-0.9479833841323853,0.021161749958992004,0.9654726386070251,-0.26050451397895813,0.5838888883590698,0.8703840970993042,-0.9447153210639954,0.0,0.6000000238418579,0,38,0,37,0.7939085960388184,2.223678871032553,0.014430820608133381,72.0,0.22725267256845594,97.83,1,running
recovery_pair06_positive,6,positive,1,245,0.5225200653076172,0.5004610419273376,0.5385911464691162,0.6689161062240601,1.0,1.0,1.0,1.0,1.0,0.22683103382587433,0.8789299726486206,-0.9470821022987366,0.02114366739988327,0.9906766414642334,-0.136234313249588,0.5435000061988831,0.8818777203559875,-0.947684645652771,0.044093888252973557,-0.2843053936958313,1,39,0,38,0.7716010212898254,2.2233924021755755,0.01338528821017963,76.0,0.22715796709072228,93.55,1,running
recovery_pair06_positive,6,positive,1,246,0.5105106234550476,0.5011405944824219,0.5531054735183716,0.7160271406173706,1.0,1.0,1.0,1.0,1.0,0.22045743465423584,0.8703840970993042,-0.9447153210639954,0.021134868264198303,0.9980811476707458,-0.061919551342725754,0.5197222232818604,0.8810365200042725,-0.9477490782737732,0.04405182600021362,-0.2843247354030609,1,39,0,38,0.7708083987236023,2.22445075792291,0.01789941803699447,76.0,0.22742741055154617,94.72,1,running
recovery_pair06_positive,6,positive,1,247,0.5122597813606262,0.4986207187175751,0.5501265525817871,0.714462399482727,1.0,1.0,1.0,1.0,1.0,0.22023096680641174,0.8818777203559875,-0.947684645652771,0.021159935742616653,0.9966087341308594,-0.08228639513254166,0.5262222290039062,0.8819410800933838,-0.947971761226654,0.04409705474972725,-0.2843915522098541,1,39,0,38,0.7708083987236023,2.226899632119052,0.02681446190490808,73.0,0.22859151330187455,100.02,1,running
recovery_pair06_positive,6,positive,1,248,0.5186908841133118,0.49276190996170044,0.5298043489456177,0.6756888031959534,1.0,1.0,1.0,1.0,1.0,0.234278604388237,0.8810365200042725,-0.9477490782737732,0.021268237382173538,0.984747052192688,-0.17399193346500397,0.5556666851043701,0.8825706839561462,-0.9477248191833496,0.04412853345274925,-0.2843174636363983,1,39,0,38,0.8199751377105713,2.229866833283765,0.035636403289726455,70.0,0.23064566822986302,105.29,1,running
recovery_pair06_positive,6,positive,1,249,0.5232045650482178,0.4925799071788788,0.5268175005912781,0.6396102905273438,0.9752726554870605,1.0,1.0,1.0,1.0,0.2690044045448303,0.8819410800933838,-0.947971761226654,0.021459348499774933,0.9646034836769104,-0.26370468735694885,0.5849444270133972,0.8844372034072876,-0.9480407238006592,0.04422185942530632,-0.2844122350215912,1,39,0,38,0.9415153861045837,2.233355150738515,0.044343464241916666,66.0,0.23357933727476754,111.49,1,running
recovery_pair06_positive,6,positive,1,250,0.5373181700706482,0.4961645007133484,0.5162860751152039,0.6101174354553223,0.8901326060295105,1.0,1.0,1.0,1.0,1.0,0.8825706839561462,-0.9477248191833496,0.02173229679465294,0.930481493473053,-0.3663388192653656,0.6193888783454895,0.8738650679588318,-0.9454053640365601,0.04369325563311577,-0.283621609210968,1,39,0,38,1.7353289127349854,2.2373210184751495,0.052802597231971754,63.0,0.23732763544593627,116.57,1,running
recovery_pair06_positive,6,positive,1,251,0.5503543615341187,0.49580827355384827,0.5063966512680054,0.590335488319397,0.8207564353942871,1.0,1.0,1.0,1.0,1.0,0.8844372034072876,-0.9480407238006592,0.02208103984594345,0.8943885564804077,-0.44729083776474,0.6476110816001892,0.8780320882797241,-0.9463110566139221,0.043901603668928146,-0.28389331698417664,1,39,0,38,1.7353289127349854,2.2417877834160453,0.06105819602898441,60.0,0.24187469175235538,121.54,1,running
recovery_pair06_positive,6,positive,1,252,0.5681979060173035,0.4990629255771637,0.4991697669029236,0.5615947246551514,0.7603063583374023,1.0,1.0,1.0,1.0,1.0,0.8738650679588318,-0.9454053640365601,0.02250409871339798,0.8522751927375793,-0.5230937004089355,0.6752222180366516,0.8814519047737122,-0.9470422267913818,0.0,0.6000000238418579,0,40,0,39,1.7322826385498047,2.2455891235210617,0.06748981650371483,60.0,0.24592847537055254,123.01,1,running
recovery_pair06_positive,6,positive,1,253,0.5566561818122864,0.4949378967285156,0.4968191683292389,0.5683460235595703,0.7722644805908203,1.0,1.0,1.0,1.0,1.0,0.8780320882797241,-0.9463110566139221,0.022881263867020607,0.8385754823684692,-0.5447853803634644,0.683388888835907,0.8808863759040833,-0.9466197490692139,0.0,0.6000000238418579,0,40,0,39,1.7215749025344849,2.24545722128651,0.06711449774426326,67.0,0.24577732048194256,115.92,1,running
recovery_pair06_positive,6,positive,1,254,0.5295605063438416,0.49187853932380676,0.5116667151451111,0.6124836206436157,0.9074553847312927,1.0,1.0,1.0,1.0,1.0,0.8814519047737122,-0.9470422267913818,0.02286720834672451,0.8994052410125732,-0.43711575865745544,0.6439999938011169,0.8749645352363586,-0.9453558325767517,0.0,0.6000000238418579,0,40,0,39,0.8626660704612732,2.2451653868205037,0.06621179127922498,74.0,0.24544141101305472,108.72,1,running
recovery_pair06_positive,6,positive,1,255,0.5052705407142639,0.49180707335472107,0.5374009013175964,0.6851543188095093,1.0,1.0,1.0,1.0,1.0,0.24647602438926697,0.8808863759040833,-0.9466197490692139,0.022835955023765564,0.9470983147621155,-0.3209436237812042,0.6039999723434448,0.8880749940872192,-0.9491658806800842,0.0,0.6000000238418579,0,40,0,39,0.7769805788993835,2.2449695449185088,0.06524120552861205,81.0,0.24520165158925278,101.49,1,running
recovery_pair06_positive,6,positive,1,256,0.4899016320705414,0.5002986788749695,0.5701110363006592,0.7707029581069946,1.0,1.0,1.0,1.0,1.0,0.22199444472789764,0.8749645352363586,-0.9453558325767517,0.02281365729868412,0.9799594879150391,-0.19919690489768982,0.5638333559036255,0.8895254135131836,-0.9504542946815491,0.04447627067565918,-0.28513631224632263,1,41,0,40,0.7491765022277832,2.245554598286892,0.06967676676003236,82.0,0.24601855591258276,101.52,1,running
recovery_pair06_positive,6,positive,1,257,0.49215954542160034,0.5001683831214905,0.5690328478813171,0.7865856885910034,1.0,1.0,1.0,1.0,1.0,0.21405042707920074,0.8880749940872192,-0.9491658806800842,0.02288966439664364,0.9798550605773926,-0.19970998167991638,0.5640000104904175,0.8909049034118652,-0.9509674906730652,0.0445452444255352,-0.28529027104377747,1,41,0,40,0.7491765022277832,2.247189721255933,0.07896283940470962,78.0,0.24838988364635892,107.63,1,running
recovery_pair06_positive,6,positive,1,258,0.49869662523269653,0.49240216612815857,0.5508245229721069,0.7334141135215759,1.0,1.0,1.0,1.0,1.0,0.22896185517311096,0.8895254135131836,-0.9504542946815491,0.023110289126634598,0.9530321955680847,-0.30286893248558044,0.597944438457489,0.8908631205558777,-0.9503791928291321,0.04454315826296806,-0.28511378169059753,1,41,0,40,0.8013665080070496,2.249371928312617,0.08816848752953567,75.0,0.25162450960662985,112.67,1,running
recovery_pair06_positive,6,positive,1,259,0.4974260628223419,0.493486225605011,0.5409250855445862,0.6848682165145874,1.0,1.0,1.0,1.0,1.0,0.25135594606399536,0.8909049034118652,-0.9509674906730652,0.02341124415397644,0.9227400422096252,-0.385422945022583,0.6259444355964661,0.8901636004447937,-0.949623167514801,0.044508181512355804,-0.2848869562149048,1,41,0,40,0.8797457814216614,2.252043568393768,0.09709423586832944,72.0,0.2556048942967629,117.58,1,running
recovery_pair06_positive,6,positive,1,260,0.513538122177124,0.4868573248386383,0.5252971649169922,0.6490245461463928,1.0,1.0,1.0,1.0,1.0,1.0,0.8908631205558777,-0.9503791928291321,0.023781564086675644,0.8863652348518372,-0.46298667788505554,0.6532222032546997,0.8750157952308655,-0.9454395174980164,0.043750789016485214,-0.2836318612098694,1,41,0,40,1.7040005922317505,2.2550568740502306,0.10545871652050148,69.0,0.2600830271187776,122.28,1,running
recovery_pair06_positive,6,positive,1,261,0.5266095399856567,0.49008622765541077,0.5090993046760559,0.6204966306686401,0.9341304898262024,1.0,1.0,1.0,1.0,1.0,0.8901636004447937,-0.949623167514801,0.024198219180107117,0.8454483151435852,-0.5340572595596313,0.6793333292007446,0.8778011202812195,-0.9458425641059875,0.043890055269002914,-0.28375276923179626,1,41,0,40,1.7081694602966309,2.2586245018403948,0.11388109506611536,65.0,0.2653372730344931,127.92,1,running
recovery_pair06_positive,6,positive,1,262,0.5359231233596802,0.48804840445518494,0.5055009126663208,0.6016027331352234,0.8520025014877319,1.0,1.0,1.0,1.0,1.0,0.8750157952308655,-0.9454395174980164,0.024687081575393677,0.7888696193695068,-0.614560604095459,0.7106666564941406,0.8813294768333435,-0.9465019106864929,0.0,0.6000000238418579,0,42,0,41,1.69802725315094,2.2603912337056737,0.11760232798029098,68.0,0.2679105497702208,125.61,1,running
recovery_pair06_positive,6,positive,1,263,0.5181414484977722,0.48515063524246216,0.5077150464057922,0.6175433993339539,0.9210154414176941,1.0,1.0,1.0,1.0,1.0,0.8778011202812195,-0.9458425641059875,0.024926496669650078,0.8129991292953491,-0.5822649002075195,0.6978333592414856,0.8780583143234253,-0.9455342292785645,0.0,0.6000000238418579,0,42,0,41,0.9114373326301575,2.260045249944945,0.11649106562469057,75.0,0.26731471114219313,118.39,1,running
recovery_pair06_positive,6,positive,1,264,0.5013517737388611,0.48880764842033386,0.5358163714408875,0.6863102912902832,1.0,1.0,1.0,1.0,1.0,0.2604106664657593,0.8813294768333435,-0.9465019106864929,0.024871062487363815,0.8797315955162048,-0.4754706621170044,0.6577222347259521,0.8925939202308655,-0.9501446485519409,0.0,0.6000000238418579,0,42,0,41,0.7932369112968445,2.259845285899849,0.11540263982020364,82.0,0.2668700012129809,111.18,1,running
recovery_pair06_positive,6,positive,1,265,0.4829917848110199,0.49181318283081055,0.5715579986572266,0.7815833687782288,1.0,1.0,1.0,1.0,1.0,0.22663912177085876,0.8780583143234253,-0.9455342292785645,0.0248296819627285,0.932449996471405,-0.3612990975379944,0.6176666617393494,0.8951430320739746,-0.951877772808075,0.04475715383887291,-0.2855633497238159,1,43,0,42,0.7889472842216492,2.2597519080032176,0.11458305514223492,86.0,0.2665934043781432,107.01,1,running
recovery_pair06_positive,6,positive,1,266,0.4850645959377289,0.5032133460044861,0.5983675718307495,0.8607913255691528,1.0,1.0,1.0,1.0,1.0,0.225413516163826,0.8925939202308655,-0.9501446485519409,0.02480393834412098,0.956253707408905,-0.2925386130809784,0.5945000052452087,0.8992395401000977,-0.9540424346923828,0.04496197775006294,-0.2862127423286438,1,43,0,42,0.7889472842216492,2.260179888242446,0.12045175836408822,85.0,0.26839028790029495,109.21,1,running
recovery_pair06_positive,6,positive,1,267,0.48634275794029236,0.503494381904602,0.5897188186645508,0.8378843665122986,1.0,1.0,1.0,1.0,1.0,0.22946444153785706,0.8951430320739746,-0.951877772808075,0.024971140548586845,0.944318950176239,-0.32903146743774414,0.6067222356796265,0.8990444540977478,-0.9537564516067505,0.04495222494006157,-0.2861269414424896,1,43,0,42,0.7889938354492188,2.261266791988532,0.12985184218689247,82.0,0.2718951420089664,114.07,1,running
recovery_pair06_positive,6,positive,1,268,0.4843187928199768,0.4903118908405304,0.5679437518119812,0.7749725580215454,1.0,1.0,1.0,1.0,1.0,0.2254268079996109,0.8992395401000977,-0.9540424346923828,0.025297215208411217,0.9130478501319885,-0.407852441072464,0.6337222456932068,0.8965941667556763,-0.9521578550338745,0.044829707592725754,-0.28564736247062683,1,43,0,42,0.7889938354492188,2.2628875102451924,0.13921313794401058,78.0,0.2761765552810538,119.85,1,running
recovery_pair06_positive,6,positive,1,269,0.49739745259284973,0.4878513514995575,0.5485876202583313,0.7281222343444824,1.0,1.0,1.0,1.0,1.0,0.24787943065166473,0.8990444540977478,-0.9537564516067505,0.025695564225316048,0.8673314452171326,-0.4977310299873352,0.6658333539962769,0.8963751792907715,-0.9515734910964966,0.044818758964538574,-0.2854720652103424,1,43,0,42,0.8675780296325684,2.2650478748741993,0.14851657876813557,75.0,0.28120354192469715,124.52,1,running
recovery_pair06_positive,6,positive,1,270,0.4974128305912018,0.48053041100502014,0.5331462621688843,0.6854405403137207,1.0,1.0,1.0,1.0,1.0,1.0,0.8965941667556763,-0.9521578550338745,0.02616327442228794,0.8239284157752991,-0.566693902015686,0.691777765750885,0.8795409798622131,-0.946506142616272,0.0439770482480526,-0.28395184874534607,1,43,0,42,1.6777265071868896,2.2677089712493124,0.15759335804521718,72.0,0.28684650012576773,129.05,1,running
recovery_pair06_positive,6,positive,1,271,0.5067793726921082,0.47935041785240173,0.5215361714363098,0.6504560112953186,1.0,1.0,1.0,1.0,1.0,1.0,0.8963751792907715,-0.9515734910964966,0.026688307523727417,0.7765964865684509,-0.6299983263015747,0.7169444561004639,0.8792560696601868,-0.9458690285682678,0.04396280273795128,-0.2837607264518738,1,43,0,42,1.6777265071868896,2.270877997522669,0.16648257274933348,69.0,0.29308401017500807,133.45,1,running
recovery_pair06_positive,6,positive,1,272,0.5164691209793091,0.4836435317993164,0.5100387930870056,0.6210793852806091,0.9258376359939575,1.0,1.0,1.0,1.0,1.0,0.8795409798622131,-0.946506142616272,0.027268650010228157,0.7259747982025146,-0.687721312046051,0.7413889169692993,0.8810102343559265,-0.9459562301635742,0.0,0.6000000238418579,0,44,0,43,1.681477665901184,2.273923449813162,0.17409824090576198,69.0,0.29886436223754387,134.57,1,running
recovery_pair06_positive,6,positive,1,273,0.5148682594299316,0.4804221987724304,0.5096957087516785,0.620157778263092,0.931239902973175,1.0,1.0,1.0,1.0,1.0,0.8792560696601868,-0.9458690285682678,0.027806444093585014,0.712393581867218,-0.7017801403999329,0.7476111054420471,0.8807482123374939,-0.9457373023033142,0.0,0.6000000238418579,0,44,0,43,1.6712044477462769,2.274109489537191,0.1744536534714942,75.0,0.2991771205981374,128.62,1,running
recovery_pair06_positive,6,positive,1,274,0.49673351645469666,0.4774869978427887,0.5299565196037292,0.6783385276794434,1.0,1.0,1.0,1.0,1.0,1.0,0.8810102343559265,-0.9459562301635742,0.027835559099912643,0.7813026309013367,-0.6241523623466492,0.714555561542511,0.8800471425056458,-0.9463105797767639,0.0,0.6000000238418579,0,44,0,43,0.8651586771011353,2.2739139765402583,0.17341472836699717,81.0,0.2985829748386466,122.45,1,running
recovery_pair06_positive,6,positive,1,275,0.48406702280044556,0.49164462089538574,0.5623238682746887,0.7737744450569153,1.0,1.0,1.0,1.0,1.0,0.24718819558620453,0.8807482123374939,-0.9457373023033142,0.027780257165431976,0.8438600301742554,-0.5365633964538574,0.6802777647972107,0.8993840217590332,-0.9526926875114441,0.0,0.6000000238418579,0,44,0,43,0.8115327954292297,2.2738436285635677,0.17234995935808928,88.0,0.2980961570232216,115.27,1,running
recovery_pair06_positive,6,positive,1,276,0.4715748131275177,0.5042561292648315,0.6070188283920288,0.9129314422607422,1.0,1.0,1.0,1.0,1.0,0.2318665087223053,0.8800471425056458,-0.9463105797767639,0.027734966948628426,0.904306173324585,-0.4268844425678253,0.6403889060020447,0.9052400588989258,-0.955903947353363,0.0,0.6000000238418579,0,44,0,43,0.795362114906311,2.2739012702673946,0.17124450553038903,95.0,0.29771416464277217,108.07,1,running
recovery_pair06_positive,6,positive,1,277,0.4864436686038971,0.5317651629447937,0.6774709820747375,1.0,1.0,1.0,1.0,1.0,1.0,0.22724631428718567,0.8993840217590332,-0.9526926875114441,0.027699429541826248,0.950678288936615,-0.3101786971092224,0.6003888845443726,0.9113142490386963,-0.9592339396476746,0.045565713196992874,-0.28777018189430237,1,45,0,44,0.795362114906311,2.2734017854773336,0.1755379976361476,96.0,0.2989659331586031,107.87,1,running
recovery_pair06_positive,6,positive,1,278,0.4775029122829437,0.5326382517814636,0.6876844167709351,1.0,1.0,1.0,1.0,1.0,1.0,0.23355646431446075,0.9052400588989258,-0.955903947353363,0.027815893292427063,0.9517552256584167,-0.3068583309650421,0.5992777943611145,0.9111312031745911,-0.9591752886772156,0.04555656015872955,-0.28775259852409363,1,45,0,44,0.8086141347885132,2.2726810541152185,0.18516124902905184,92.0,0.3023371883603645,113.59,1,running
recovery_pair06_positive,6,positive,1,279,0.4785115718841553,0.5136445164680481,0.6411856412887573,1.0,1.0,1.0,1.0,1.0,1.0,0.2310326099395752,0.9113142490386963,-0.9592339396476746,0.028129559010267258,0.9164326190948486,-0.4001891016960144,0.6310555338859558,0.9112799763679504,-0.9586600065231323,0.04556399956345558,-0.28759801387786865,1,45,0,44,0.8086141347885132,2.2725256392477657,0.19484824555713318,89.0,0.30650752179076857,118.24,1,running
recovery_pair06_positive,6,positive,1,280,0.48141852021217346,0.5061146020889282,0.619584858417511,0.9356797933578491,1.0,1.0,1.0,1.0,1.0,0.23581083118915558,0.9111312031745911,-0.9591752886772156,0.02851756475865841,0.8809733390808105,-0.47316592931747437,0.6568889021873474,0.9093065857887268,-0.9574154615402222,0.04546533152461052,-0.2872246503829956,1,45,0,44,0.8253378868103027,2.2729355153709556,0.20448062437157977,86.0,0.3113929172075241,122.78,1,running
recovery_pair06_positive,6,positive,1,281,0.47984573245048523,0.5046347975730896,0.5867388844490051,0.8526374101638794,1.0,1.0,1.0,1.0,1.0,0.2421962171792984,0.9112799763679504,-0.9586600065231323,0.028972117230296135,0.8407556414604187,-0.541414737701416,0.6821110844612122,0.9055379033088684,-0.9553338885307312,0.04527689516544342,-0.28660017251968384,1,45,0,44,0.847686767578125,2.2738283614833534,0.21359406727019592,83.0,0.3166529581396155,127.14,1,running
recovery_pair06_positive,6,positive,1,282,0.4853780269622803,0.48984530568122864,0.5667611956596375,0.7943282723426819,1.0,1.0,1.0,1.0,1.0,0.2478262186050415,0.9093065857887268,-0.9574154615402222,0.02946150116622448,0.7971625924110413,-0.6037646532058716,0.706333339214325,0.9027983546257019,-0.9537150263786316,0.045139919966459274,-0.28611451387405396,1,45,0,44,0.8673917651176453,2.275262899004526,0.22295183127552654,80.0,0.3226770599759795,131.45,1,running
recovery_pair06_positive,6,positive,1,283,0.4906424582004547,0.48462530970573425,0.5476745367050171,0.7345240712165833,1.0,1.0,1.0,1.0,1.0,1.0,0.9055379033088684,-0.9553338885307312,0.030021987855434418,0.7495336532592773,-0.6619662046432495,0.7302777767181396,0.8859497904777527,-0.9485214948654175,0.044297490268945694,-0.28455644845962524,1,45,0,44,1.6714146137237549,2.277194569486799,0.23210331087113475,76.0,0.3291704697518602,136.64,1,running
recovery_pair06_positive,6,positive,1,284,0.49652642011642456,0.4775470197200775,0.5396713614463806,0.696582019329071,1.0,1.0,1.0,1.0,1.0,1.0,0.9027983546257019,-0.9537150263786316,0.03062613494694233,0.6865801215171814,-0.7270541787147522,0.7591111063957214,0.8846948742866516,-0.9474505186080933,0.0442347452044487,-0.2842351794242859,1,45,0,44,1.6714146137237549,2.279639226332315,0.2411403873013069,73.0,0.33616188321835827,140.71,1,running
recovery_pair06_positive,6,positive,1,285,0.49996474385261536,0.4811602532863617,0.5197714567184448,0.656119167804718,1.0,1.0,1.0,1.0,1.0,1.0,0.8859497904777527,-0.9485214948654175,0.03127662464976311,0.6332458257675171,-0.7739507555961609,0.7817222476005554,0.8823158144950867,-0.9460000395774841,0.0,0.6000000238418579,0,46,0,45,1.6840609312057495,2.280763550228818,0.24467631799283968,76.0,0.3390674780530814,138.1,1,running
recovery_pair06_positive,6,positive,1,286,0.48691892623901367,0.48150911927223206,0.5366378426551819,0.7003794312477112,1.0,1.0,1.0,1.0,1.0,1.0,0.8846948742866516,-0.9474505186080933,0.03154696896672249,0.6678325533866882,-0.7443115711212158,0.7672222256660461,0.884266197681427,-0.9471447467803955,0.0,0.6000000238418579,0,46,0,45,0.9146456122398376,2.2806027677607386,0.24363997564482145,83.0,0.33835417882636337,130.97,1,running
recovery_pair06_positive,6,positive,1,287,0.48377516865730286,0.48900648951530457,0.5716380476951599,0.8011029958724976,1.0,1.0,1.0,1.0,1.0,0.26132732629776,0.8823158144950867,-0.9460000395774841,0.031480591744184494,0.7550529837608337,-0.655663788318634,0.7276111245155334,0.9036866426467896,-0.9538983106613159,0.0,0.6000000238418579,0,46,0,45,0.8240361213684082,2.280568753684052,0.24255932121015067,90.0,0.3377232627338615,123.82,1,running
recovery_pair06_positive,6,positive,1,288,0.4806362986564636,0.5101746320724487,0.6257176399230957,0.965029239654541,1.0,1.0,1.0,1.0,1.0,0.23543889820575714,0.884266197681427,-0.9471447467803955,0.03142189979553223,0.8307902216911316,-0.5565856695175171,0.6878888607025146,0.9125722050666809,-0.9584669470787048,0.0,0.6000000238418579,0,46,0,45,0.8226657509803772,2.2806705578398554,0.24141198309997552,97.0,0.33717071563499096,116.65,1,running
recovery_pair06_positive,6,positive,1,289,0.48053106665611267,0.5385782718658447,0.7066954970359802,1.0,1.0,1.0,1.0,1.0,1.0,0.2350473552942276,0.9036866426467896,-0.9538983106613159,0.03137049451470375,0.8937631249427795,-0.44853922724723816,0.6480555534362793,0.9161226749420166,-0.9607179760932922,0.0,0.6000000238418579,0,46,0,45,0.8226657509803772,2.2810353916090422,0.23958119074015638,103.0,0.33646434051950774,110.36,1,running
recovery_pair06_positive,6,positive,1,290,0.49033284187316895,0.5742355585098267,0.7928289175033569,1.0,1.0,1.0,1.0,1.0,0.26180246472358704,0.24217315018177032,0.9125722050666809,-0.9584669470787048,0.03130476549267769,0.9375250935554504,-0.3479176163673401,0.613111138343811,0.901525616645813,-0.9552295207977295,0.0,0.6000000238418579,0,46,0,45,0.8476060032844543,2.2814064576888273,0.23838404942180944,110.0,0.3361181802794628,103.15,1,running
recovery_pair06_positive,6,positive,1,291,0.5063075423240662,0.6212156414985657,0.9586759805679321,1.0,1.0,1.0,1.0,1.0,0.2428431659936905,0.2707958519458771,0.9161226749420166,-0.9607179760932922,0.03127255290746689,0.9737778306007385,-0.22750116884708405,0.5730555653572083,0.9071457386016846,-0.9587036967277527,0.0,0.6000000238418579,0,46,0,45,0.8351686000823975,2.281831758074415,0.2374844459519168,117.0,0.33598374212309007,95.98,1,running
recovery_pair06_positive,6,positive,1,292,0.532494306564331,0.6960743069648743,1.0,1.0,1.0,1.0,1.0,1.0,0.2386195957660675,1.0,0.901525616645813,-0.9552295207977295,0.03126004710793495,0.9945583343505859,-0.10418130457401276,0.5332221984863281,0.8977441787719727,-0.9579023122787476,0.0,0.6000000238418579,0,46,0,45,0.8351686000823975,2.2823683691340806,0.2366156877746359,124.0,0.33596246405687297,88.81,1,running
recovery_pair06_positive,6,positive,1,293,0.5715424418449402,0.7981954216957092,1.0,1.0,1.0,1.0,1.0,0.2680630385875702,0.24504606425762177,1.0,0.9071457386016846,-0.9587036967277527,0.03125807270407677,0.9997843503952026,0.020767925307154655,0.4933888912200928,0.9031838774681091,-0.9567194581031799,0.0,0.6000000238418579,0,46,0,45,0.8450867533683777,2.282995265732565,0.2358259398109563,130.0,0.33606292962888407,82.64,1,running
recovery_pair06_positive,6,positive,1,294,0.6234794855117798,0.9615569710731506,1.0,1.0,1.0,1.0,1.0,0.2414533644914627,0.2821365296840668,1.0,0.8977441787719727,-0.9579023122787476,0.03126741573214531,0.9917608499526978,0.12810324132442474,0.45911112427711487,0.9113425016403198,-0.9606931209564209,0.0,0.6000000238418579,0,46,0,45,0.8347497582435608,2.2837137774985967,0.23511317116047076,137.0,0.33628500944623696,75.47,1,running
recovery_pair06_positive,6,positive,1,295,0.6932408213615417,1.0,1.0,1.0,1.0,1.0,1.0,0.23849992454051971,1.0,1.0,0.9031838774681091,-0.9567194581031799,0.031288083642721176,0.9680163860321045,0.2508868873119354,0.41927778720855713,0.9269269108772278,-0.9675568342208862,0.0,0.6000000238418579,0,46,0,45,0.8347497582435608,2.284520216814295,0.2344848187944467,144.0,0.33662941824066794,68.31,1,running
recovery_pair06_positive,6,positive,1,296,0.7992383241653442,1.0,1.0,1.0,1.0,1.0,0.27035290002822876,0.2504938542842865,1.0,1.0,0.9113425016403198,-0.9606931209564209,0.03132011741399765,0.9291970729827881,0.3695845901966095,0.37950000166893005,0.9369378089904785,-0.9723671078681946,0.0727715715765953,0.6000000238418579,0,46,0,45,0.8364363312721252,2.2779963231253717,0.23850944842596156,150.0,0.3333375272495186,63.49,1,running
recovery_pair06_positive,6,positive,1,297,0.958763599395752,1.0,1.0,1.0,1.0,1.0,0.23898181319236755,0.27434685826301575,1.0,1.0,0.9269269108772278,-0.9675568342208862,0.031013844534754753,0.8948564529418945,0.4463540017604828,0.3527222275733948,0.9412668943405151,-0.9745685458183289,0.07222291827201843,0.6000000238418579,0,46,0,45,0.8286216855049133,2.2660503316266842,0.2444003939098327,157.0,0.326827984511929,58.51,1,running
recovery_pair06_positive,6,positive,1,298,1.0,1.0,1.0,1.0,1.0,1.0,0.2367490530014038,1.0,1.0,1.0,0.9369378089904785,-0.9723671078681946,0.03040819615125656,0.8527313470840454,0.5223497152328491,0.3250555694103241,0.9396382570266724,-0.9765111207962036,0.07113799452781677,0.6000000238418579,0,46,0,45,0.8286216855049133,2.2537056701330904,0.24877439561173448,164.0,0.3194996812340969,53.43,1,running
recovery_pair06_positive,6,positive,1,299,1.0,1.0,1.0,1.0,1.0,0.26762422919273376,0.2406727820634842,1.0,1.0,1.0,0.9412668943405151,-0.9745685458183289,0.02972637116909027,0.8031295537948608,0.5958044528961182,0.296833336353302,0.9508254528045654,-0.9792627692222595,0.06991661339998245,0.6000000238418579,0,46,0,45,0.8332371711730957,2.241044192494142,0.25163454331439,171.0,0.3113436066972718,48.27,1,running
recovery_pair06_positive,6,positive,1,300,1.0,1.0,1.0,1.0,1.0,0.23806776106357574,0.2572385370731354,1.0,1.0,1.0,0.9396382570266724,-0.9765111207962036,0.02896752953529358,0.7462897896766663,0.6656212210655212,0.2681666612625122,0.9490441083908081,-0.9785946607589722,0.0685572698712349,0.6000000238418579,0,46,0,45,0.7906640768051147,2.2283368459870014,0.25294733456744956,178.0,0.3024721044031595,42.98,1,general_timeout
recovery_pair06_positive,6,positive,2,221,0.5286712050437927,0.5971418619155884,0.8116607666015625,1.0,1.0,1.0,1.0,0.22207415103912354,0.2662625014781952,1.0,0.7405556440353394,-0.8888505697250366,0.03853299841284752,0.16039803624153137,0.9870524406433105,0.051277779042720795,0.7486935257911682,-0.892321765422821,0.12312693893909454,-0.2676965296268463,1,39,0,38,0.7772595286369324,2.1325924390346263,-0.3158708572338604,100.0,0.3934599685882051,9.69,1,running
recovery_pair06_positive,6,positive,2,222,0.5286089181900024,0.5939816832542419,0.7992144227027893,1.0,1.0,1.0,1.0,0.22728227078914642,0.24658432602882385,1.0,0.744137167930603,-0.8904203176498413,0.036607660353183746,0.16831733286380768,0.9857328534126282,0.053833331912755966,0.746328592300415,-0.8912822604179382,0.11955976486206055,-0.26738467812538147,1,39,0,38,0.7810124158859253,2.129097296088083,-0.29157814901063533,97.0,0.3694428000840404,13.45,1,running
recovery_pair06_positive,6,positive,2,223,0.5205198526382446,0.5791142582893372,0.7588838934898376,1.0,1.0,1.0,1.0,0.2285664975643158,0.22314640879631042,1.0,0.7486935257911682,-0.892321765422821,0.03437309339642525,0.2325967252254486,0.9725732803344727,0.07472222298383713,0.7438517212867737,-0.8902222514152527,0.11543305218219757,-0.26706668734550476,1,39,0,38,0.7274640202522278,2.126973983113982,-0.2678414460937808,94.0,0.3465178700306469,17.5,1,running
recovery_pair06_positive,6,positive,2,224,0.5201259255409241,0.567629337310791,0.7186845541000366,1.0,1.0,1.0,1.0,0.2434004545211792,0.20784686505794525,1.0,0.746328592300415,-0.8912822604179382,0.03224014490842819,0.30070579051971436,0.9537169337272644,0.0972222238779068,0.7444566488265991,-0.8908302187919617,0.11164247989654541,-0.26724907755851746,1,39,0,38,0.7134677767753601,2.126152958753504,-0.24493875592385167,91.0,0.32499683824215575,21.84,1,running
recovery_pair06_positive,6,positive,2,225,0.5237836837768555,0.559927761554718,0.6894989609718323,1.0,1.0,1.0,1.0,1.0,0.20384792983531952,1.0,0.7438517212867737,-0.8902222514152527,0.030237827450037003,0.37201595306396484,0.9282263517379761,0.12133333086967468,0.7500004172325134,-0.9051844477653503,0.10833282768726349,-0.2715553343296051,1,39,0,38,0.7069310545921326,2.126529256230667,-0.22280085143831319,87.0,0.3048719566573042,27.52,1,running
recovery_pair06_positive,6,positive,2,226,0.522222101688385,0.5454973578453064,0.6591421365737915,0.9749227166175842,1.0,1.0,1.0,1.0,0.20198030769824982,0.26406461000442505,0.7444566488265991,-0.8908302187919617,0.028365397825837135,0.4620582163333893,0.886849582195282,0.15288889408111572,0.781321108341217,-0.9123140573501587,0.10654471814632416,-0.2736942172050476,1,39,0,38,0.7069310545921326,2.1277444006404016,-0.2047049378416027,85.0,0.28904086089992836,31.23,1,running
recovery_pair06_positive,6,positive,2,227,0.5239887833595276,0.5407511591911316,0.6255784034729004,0.8944869041442871,1.0,1.0,1.0,1.0,0.20706717669963837,0.21965011954307556,0.7500004172325134,-0.9051844477653503,0.026892470195889473,0.518474817276001,0.8550928831100464,0.17350000143051147,0.7795467376708984,-0.9114152789115906,0.10381747782230377,-0.27342459559440613,1,39,0,38,0.7230972647666931,2.1308171351871144,-0.1797710554219259,81.0,0.26838611599426554,38.17,1,running
recovery_pair06_positive,6,positive,2,228,0.5316421389579773,0.5307496786117554,0.61053067445755,0.8252048492431641,1.0,1.0,1.0,1.0,0.21313071250915527,0.20659922063350677,0.781321108341217,-0.9123140573501587,0.02497074380517006,0.6179968118667603,0.7861805558204651,0.21205554902553558,0.785949170589447,-0.9139421582221985,0.10069514811038971,-0.27418264746665955,1,39,0,38,0.697702944278717,2.1345710359697168,-0.15938810091999786,78.0,0.2527637053688798,44.17,1,running
recovery_pair06_positive,6,positive,2,229,0.5307406783103943,0.530531644821167,0.5921096801757812,0.7798728346824646,1.0,1.0,1.0,1.0,0.23238711059093475,0.1993436962366104,0.7795467376708984,-0.9114152789115906,0.023517228662967682,0.6967896223068237,0.7172755599021912,0.24538889527320862,0.7923084497451782,-0.9163739085197449,0.09840936958789825,-0.27491217851638794,1,39,0,38,0.6662412285804749,2.1392999944876805,-0.13971425853013344,75.0,0.23906637240574696,50.64,1,running
recovery_pair06_positive,6,positive,2,230,0.5339064002037048,0.5236127376556396,0.5716859102249146,0.7371524572372437,1.0,1.0,1.0,1.0,1.0,0.1903546303510666,0.785949170589447,-0.9139421582221985,0.022242829203605652,0.7731764912605286,0.6341909170150757,0.281333327293396,0.8343958854675293,-0.9327847361564636,0.09823085367679596,-0.27983543276786804,1,39,0,38,0.6662412285804749,2.145077230973117,-0.12038055107620406,72.0,0.22728128197596079,57.67,1,running
recovery_pair06_positive,6,positive,2,231,0.5435852408409119,0.5200803875923157,0.5541326403617859,0.6970484852790833,1.0,1.0,1.0,1.0,1.0,0.2002924680709839,0.7923084497451782,-0.9163739085197449,0.02114633470773697,0.8449819087982178,0.5347948670387268,0.32038888335227966,0.84111088514328,-0.9351323246955872,0.0966024249792099,-0.28053972125053406,1,39,0,38,0.7010236382484436,2.1505460737734765,-0.10509346123787795,69.0,0.21944948622607774,64.32,1,running
recovery_pair06_positive,6,positive,2,232,0.5609700083732605,0.5188069939613342,0.541543185710907,0.6645213961601257,0.984158992767334,1.0,1.0,1.0,1.0,0.20841605961322784,0.8343958854675293,-0.9327847361564636,0.02041766047477722,0.9012283682823181,0.4333445131778717,0.35733333230018616,0.8507382273674011,-0.9383921027183533,0.09577849507331848,-0.2815176546573639,1,39,0,38,0.7294561862945557,2.1595480847439257,-0.08404562102709372,65.0,0.21135566020661503,74.01,1,running
recovery_pair06_positive,6,positive,2,233,0.5685285329818726,0.5165948271751404,0.5385459661483765,0.6308702826499939,0.8984010815620422,1.0,1.0,1.0,1.0,0.21702836453914642,0.84111088514328,-0.9351323246955872,0.01966460421681404,0.9613097906112671,0.275469571352005,0.4111666679382324,0.8638533353805542,-0.9426337480545044,0.04319266602396965,-0.2827901244163513,1,39,0,38,0.7595992684364319,2.165907460175499,-0.07095262804690139,63.0,0.20804428114158335,79.89,1,running
recovery_pair06_positive,6,positive,2,234,0.5784487128257751,0.5197611451148987,0.5289595723152161,0.6104040741920471,0.8469487428665161,1.0,1.0,1.0,1.0,0.24568985402584076,0.8507382273674011,-0.9383921027183533,0.019356509670615196,0.9844725728034973,0.1755385547876358,0.4438333213329315,0.8708387017250061,-0.9448957443237305,0.043541934341192245,-0.28346872329711914,1,39,0,38,0.8599144816398621,2.170298061813443,-0.06296275147424875,59.0,0.2069215022517962,86.39,1,running
recovery_pair06_positive,6,positive,2,235,0.5848037600517273,0.5229734778404236,0.520855188369751,0.5892912149429321,0.7895349264144897,1.0,1.0,1.0,1.0,1.0,0.8638533353805542,-0.9426337480545044,0.019252054393291473,0.9980157613754272,0.06296470761299133,0.4799444377422333,0.8605982661247253,-0.9429419040679932,0.043029915541410446,-0.28288257122039795,1,39,0,38,1.8021841049194336,2.17511794739261,-0.05525415110371763,56.0,0.20670920657639677,91.91,1,running
recovery_pair06_positive,6,positive,2,236,0.61090487241745,0.5205375552177429,0.5149097442626953,0.5771757960319519,0.7397328019142151,1.0,1.0,1.0,1.0,1.0,0.8708387017250061,-0.9448957443237305,0.01923230104148388,0.9994444251060486,-0.033329613506793976,0.5106111168861389,0.8688255548477173,-0.9454272985458374,0.043441276997327805,-0.2836281955242157,1,39,0,38,1.7712091207504272,2.1794913569721945,-0.04900746640438671,54.0,0.20723521685892102,96.01,1,running
recovery_pair06_positive,6,positive,2,237,0.6427788138389587,0.5379071235656738,0.5060597658157349,0.5578057169914246,0.6977920532226562,1.0,1.0,1.0,1.0,1.0,0.8605982661247253,-0.9429419040679932,0.019281232729554176,0.9945036172866821,-0.10470204055309296,0.5333889126777649,0.8758344054222107,-0.9477390646934509,0.0,0.6000000238418579,0,40,0,39,1.7712091207504272,2.1835749465861722,-0.043640559829482575,57.0,0.20819706958575016,94.85,1,running
recovery_pair06_positive,6,positive,2,238,0.6158538460731506,0.5238839983940125,0.5116081237792969,0.5730109810829163,0.7380879521369934,1.0,1.0,1.0,1.0,1.0,0.8688255548477173,-0.9454272985458374,0.019370729103684425,0.9964194297790527,-0.08454741537570953,0.5269444584846497,0.8717707991600037,-0.9462765455245972,0.0,0.6000000238418579,0,40,0,39,1.790628433227539,2.1830942999131953,-0.04453197439750819,64.0,0.20819624701862033,87.57,1,running
recovery_pair06_positive,6,positive,2,239,0.5721169710159302,0.5170751810073853,0.5247082114219666,0.6083172559738159,0.8568297028541565,1.0,1.0,1.0,1.0,1.0,0.8758344054222107,-0.9477390646934509,0.019370650872588158,0.9991007447242737,0.042398788034915924,0.48649999499320984,0.8600184321403503,-0.9427340626716614,0.0,0.6000000238418579,0,40,0,39,0.7386427521705627,2.1827181853381994,-0.04549123743840675,71.0,0.20832462408598515,80.29,1,running
recovery_pair06_positive,6,positive,2,240,0.5416118502616882,0.5125489234924316,0.5426444411277771,0.6688061356544495,1.0,1.0,1.0,1.0,1.0,0.21104077994823456,0.8717707991600037,-0.9462765455245972,0.01938260719180107,0.9856740236282349,0.16866141557693481,0.4460555613040924,0.8685245513916016,-0.9439879655838013,0.04342622682452202,-0.2831963896751404,1,41,0,40,0.726192831993103,2.1839437098458903,-0.04165385013235262,72.0,0.20759393855315436,80.38,1,running
recovery_pair06_positive,6,positive,2,241,0.5373706221580505,0.5072852969169617,0.5503501296043396,0.6762340664863586,1.0,1.0,1.0,1.0,1.0,0.2074836641550064,0.8600184321403503,-0.9427340626716614,0.019314618781208992,0.985937774181366,0.16711291670799255,0.44655555486679077,0.8686014413833618,-0.9440217614173889,0.04343007132411003,-0.2832065522670746,1,41,0,40,0.726192831993103,2.1865290359975886,-0.03441432167887906,69.0,0.20666917219520656,85.5,1,running
recovery_pair06_positive,6,positive,2,242,0.5410698056221008,0.5098916292190552,0.531671941280365,0.6450883746147156,0.9613021612167358,1.0,1.0,1.0,1.0,0.22925667464733124,0.8685245513916016,-0.9439879655838013,0.019228564575314522,0.9969173073768616,0.07845909893512726,0.4749999940395355,0.8721084594726562,-0.9449086785316467,0.04360542446374893,-0.28347262740135193,1,41,0,40,0.8023983836174011,2.1907685076511805,-0.02437043055566659,65.0,0.20645816631186203,92.52,1,running
recovery_pair06_positive,6,positive,2,243,0.5582536458969116,0.5033081769943237,0.5249961018562317,0.6130332350730896,0.887125551700592,1.0,1.0,1.0,1.0,0.2604296803474426,0.8686014413833618,-0.9440217614173889,0.019208941608667374,0.9990329146385193,-0.043968118727207184,0.5139999985694885,0.8788334727287292,-0.9469389915466309,0.0439416728913784,-0.28408169746398926,1,41,0,40,0.9115038514137268,2.1949467970809273,-0.01597741385361622,62.0,0.20732069339653428,98.1,1,running
recovery_pair06_positive,6,positive,2,244,0.5715914964675903,0.5101985335350037,0.5167624354362488,0.5919916033744812,0.8133466839790344,1.0,1.0,1.0,1.0,1.0,0.8721084594726562,-0.9449086785316467,0.01928918994963169,0.990023672580719,-0.14090123772621155,0.5450000166893005,0.8687823414802551,-0.9448191523551941,0.0434391163289547,-0.2834457457065582,1,41,0,40,1.783678650856018,2.1994288849607107,-0.008150399532680269,58.0,0.2090605940947215,104.54,1,running
recovery_pair06_positive,6,positive,2,245,0.5955806970596313,0.5096224546432495,0.5129027962684631,0.5756078362464905,0.7616139650344849,1.0,1.0,1.0,1.0,1.0,0.8788334727287292,-0.9469389915466309,0.019451064988970757,0.9679725766181946,-0.25105583667755127,0.5807777643203735,0.8762612342834473,-0.9469556212425232,0.043813060969114304,-0.2840867042541504,1,41,0,40,1.7675797939300537,2.2037694321716135,-0.0016051020844489172,54.0,0.21137209832832773,110.59,1,running
recovery_pair06_positive,6,positive,2,246,0.6180220246315002,0.5220893025398254,0.5050228238105774,0.5555172562599182,0.703201413154602,1.0,1.0,1.0,1.0,1.0,0.8687823414802551,-0.9448191523551941,0.019666139036417007,0.9361209273338318,-0.3516782820224762,0.6143888831138611,0.8826910853385925,-0.9487959146499634,0.0,0.6000000238418579,0,42,0,41,1.766905426979065,2.2067667994261546,0.002397599063992027,53.0,0.2132486122638667,112.84,1,running
recovery_pair06_positive,6,positive,2,247,0.624965488910675,0.5173578262329102,0.5048301219940186,0.5442203879356384,0.6936917304992676,1.0,1.0,1.0,1.0,1.0,0.8762612342834473,-0.9469556212425232,0.019840732216835022,0.9215924143791199,-0.3881590664386749,0.6268888711929321,0.883919358253479,-0.9490143656730652,0.0,0.6000000238418579,0,42,0,41,1.766905426979065,2.208600001554489,0.0050289559506805186,58.0,0.21440324682984077,108.64,1,running
recovery_pair06_positive,6,positive,2,248,0.5924655795097351,0.5124990344047546,0.5105811357498169,0.5683932900428772,0.7537156343460083,1.0,1.0,1.0,1.0,1.0,0.8826910853385925,-0.9487959146499634,0.019948160275816917,0.9475455284118652,-0.31962090730667114,0.6035555601119995,0.8787020444869995,-0.9474334120750427,0.0,0.6000000238418579,0,42,0,41,1.7836207151412964,2.209174234497043,0.005960301570413071,64.0,0.21474922760605722,102.92,1,running
recovery_pair06_positive,6,positive,2,249,0.5598567128181458,0.5096059441566467,0.5167323350906372,0.5992494821548462,0.843102753162384,1.0,1.0,1.0,1.0,1.0,0.883919358253479,-0.9490143656730652,0.01998033933341503,0.9746832251548767,-0.22359035909175873,0.5717777609825134,0.8714876174926758,-0.9453684687614441,0.0,0.6000000238418579,0,42,0,41,0.8231045007705688,2.2088139244705607,0.005047879749470673,70.0,0.21460701717797004,96.66,1,running
recovery_pair06_positive,6,positive,2,250,0.5289163589477539,0.4990927577018738,0.5329005122184753,0.6547600030899048,1.0,1.0,1.0,1.0,1.0,0.23517271876335144,0.8787020444869995,-0.9474334120750427,0.01996711455285549,0.9932518601417542,-0.11597734689712524,0.5370000004768372,0.8800497055053711,-0.9470809698104858,0.0,0.6000000238418579,0,42,0,41,0.7602002024650574,2.2085620637082726,0.004095195445608558,77.0,0.21458407641766844,89.39,1,running
recovery_pair06_positive,6,positive,2,251,0.5126788020133972,0.5010244250297546,0.5526911020278931,0.7336514592170715,1.0,1.0,1.0,1.0,1.0,0.21720005571842194,0.8714876174926758,-0.9453684687614441,0.01996498927474022,0.9999433159828186,0.010646306909620762,0.4966111183166504,0.8787137269973755,-0.9471743106842041,0.043935686349868774,-0.2841522991657257,1,43,0,42,0.7285681366920471,2.209322144403096,0.0079128344219679,78.0,0.21446001971109305,89.43,1,running
recovery_pair06_positive,6,positive,2,252,0.5086687207221985,0.503349781036377,0.5686066746711731,0.7508943676948547,1.0,1.0,1.0,1.0,1.0,0.208162322640419,0.8800497055053711,-0.9470809698104858,0.019953444600105286,0.9999505281448364,0.009948212653398514,0.49683332443237305,0.8807893991470337,-0.9479795694351196,0.044039469212293625,-0.28439387679100037,1,43,0,42,0.7285681366920471,2.2115172151484366,0.01706287026571934,75.0,0.21481777833385401,94.94,1,running
recovery_pair06_positive,6,positive,2,253,0.5175660848617554,0.5026503205299377,0.5517156720161438,0.7045730352401733,1.0,1.0,1.0,1.0,1.0,0.2189352810382843,0.8787137269973755,-0.9471743106842041,0.01998673565685749,0.9962854385375977,-0.08611248433589935,0.5274444222450256,0.8822813034057617,-0.9481127858161926,0.044114064425230026,-0.28443384170532227,1,43,0,42,0.7662734985351562,2.2141926628300173,0.02596593632939174,72.0,0.21609480427248345,100.39,1,running
recovery_pair06_positive,6,positive,2,254,0.5232594013214111,0.5017628073692322,0.5385257601737976,0.6707557439804077,1.0,1.0,1.0,1.0,1.0,0.23463229835033417,0.8807893991470337,-0.9479795694351196,0.02010553702712059,0.9836029410362244,-0.1803474724292755,0.5577222108840942,0.8839749693870544,-0.9483142495155334,0.04419874772429466,-0.2844942808151245,1,43,0,42,0.8212130665779114,2.216683725110298,0.03297886378223497,69.0,0.21775725383683422,105.31,1,running
recovery_pair06_positive,6,positive,2,255,0.5311963558197021,0.5022470355033875,0.5274766087532043,0.6419053077697754,0.959253191947937,1.0,1.0,1.0,1.0,1.0,0.8822813034057617,-0.9481127858161926,0.02026020549237728,0.9645113348960876,-0.26404139399528503,0.5850555300712585,0.870275616645813,-0.9449120163917542,0.04351378232240677,-0.2834736108779907,1,43,0,42,1.7578645944595337,2.2208297948910154,0.04292996371746736,65.0,0.2211366110453099,111.98,1,running
recovery_pair06_positive,6,positive,2,256,0.5470908284187317,0.5047097206115723,0.5136967301368713,0.6083451509475708,0.8768825531005859,1.0,1.0,1.0,1.0,1.0,0.8839749693870544,-0.9483142495155334,0.020574623718857765,0.9273145794868469,-0.37428292632102966,0.6221110820770264,0.8757908344268799,-0.9461127519607544,0.043789543211460114,-0.2838338315486908,1,43,0,42,1.7602676153182983,2.2248967398656863,0.05124276927990074,62.0,0.22492142204369073,117.15,1,running
recovery_pair06_positive,6,positive,2,257,0.5604901909828186,0.5029336214065552,0.5063931345939636,0.5865854620933533,0.8087467551231384,1.0,1.0,1.0,1.0,1.0,0.870275616645813,-0.9449120163917542,0.020926764234900475,0.8898149132728577,-0.4563215970993042,0.6508333086967468,0.8796060681343079,-0.946929395198822,0.0,0.6000000238418579,0,44,0,43,1.742862582206726,2.226621929336037,0.05440607838742405,65.0,0.2266219921503026,114.96,1,running
recovery_pair06_positive,6,positive,2,258,0.5495079755783081,0.49796074628829956,0.5156280398368835,0.6083419919013977,0.8721145987510681,1.0,1.0,1.0,1.0,1.0,0.8757908344268799,-0.9461127519607544,0.021084986627101898,0.9066026210784912,-0.4219854474067688,0.6386666893959045,0.8774677515029907,-0.9464751482009888,0.0,0.6000000238418579,0,44,0,43,0.8658227920532227,2.226255935826521,0.05338011804771471,72.0,0.22625908994860264,107.7,1,running
recovery_pair06_positive,6,positive,2,259,0.5175920128822327,0.4966883063316345,0.5389904379844666,0.6673573851585388,1.0,1.0,1.0,1.0,1.0,0.24737794697284698,0.8796060681343079,-0.946929395198822,0.021051224321126938,0.9526614546775818,-0.3040330708026886,0.5983333587646484,0.8877596855163574,-0.9491828083992004,0.0,0.6000000238418579,0,44,0,43,0.7687817811965942,2.2260387152490373,0.05247923839597986,78.0,0.22604842890326177,101.47,1,running
recovery_pair06_positive,6,positive,2,260,0.5055276155471802,0.49839261174201965,0.5697450637817383,0.7538482546806335,1.0,1.0,1.0,1.0,1.0,0.2196519374847412,0.8774677515029907,-0.9464751482009888,0.02103162743151188,0.9800289869308472,-0.19885481894016266,0.5637221932411194,0.8897508978843689,-0.950574517250061,0.044487547129392624,-0.28517237305641174,1,45,0,44,0.7507832646369934,2.226133809546467,0.053309749759245045,82.0,0.2261373480788008,97.68,1,running
recovery_pair06_positive,6,positive,2,261,0.500980794429779,0.506417989730835,0.5831385254859924,0.8025503158569336,1.0,1.0,1.0,1.0,1.0,0.2145095020532608,0.8877596855163574,-0.9491828083992004,0.021039903163909912,0.9910299181938171,-0.13364025950431824,0.5426666736602783,0.8908149600028992,-0.9513473510742188,0.04454074800014496,-0.2854042053222656,1,45,0,44,0.7507832646369934,2.2275137100483784,0.061924322385256685,79.0,0.22763238697474242,102.85,1,running
recovery_pair06_positive,6,positive,2,262,0.4988308548927307,0.49992939829826355,0.5677475929260254,0.7556632161140442,1.0,1.0,1.0,1.0,1.0,0.220527783036232,0.8897508978843689,-0.950574517250061,0.02117900922894478,0.9749556183815002,-0.22239939868450165,0.5713889002799988,0.890458345413208,-0.9506831765174866,0.04452291876077652,-0.2852049767971039,1,45,0,44,0.7718472480773926,2.229497006509715,0.07106023959986829,76.0,0.23008834260545577,108.11,1,running
recovery_pair06_positive,6,positive,2,263,0.5073847770690918,0.49458980560302734,0.5509951114654541,0.7119573950767517,1.0,1.0,1.0,1.0,1.0,0.22752702236175537,0.8908149600028992,-0.9513473510742188,0.02140749990940094,0.9504615068435669,-0.3108423352241516,0.6006110906600952,0.8908101916313171,-0.9503191709518433,0.04454050958156586,-0.285095751285553,1,45,0,44,0.7963445782661438,2.232015613752236,0.08011325478838151,73.0,0.2334169171530571,113.28,1,running
recovery_pair06_positive,6,positive,2,264,0.5188795328140259,0.49482327699661255,0.5360482335090637,0.6796256899833679,1.0,1.0,1.0,1.0,1.0,0.2539428770542145,0.890458345413208,-0.9506831765174866,0.021717194467782974,0.918584406375885,-0.3952248692512512,0.6293333172798157,0.8916628956794739,-0.9502604603767395,0.044583145529031754,-0.28507813811302185,1,45,0,44,0.8888000249862671,2.2345158992741183,0.08754496424597699,70.0,0.23682216559515235,118.0,1,running
recovery_pair06_positive,6,positive,2,265,0.5272554159164429,0.49825412034988403,0.5247966647148132,0.6357749700546265,0.9735981822013855,1.0,1.0,1.0,1.0,1.0,0.8908101916313171,-0.9503191709518433,0.022034021094441414,0.882947564125061,-0.4694715738296509,0.6555555462837219,0.8770960569381714,-0.9462093710899353,0.04385480284690857,-0.283862829208374,1,45,0,44,1.728822946548462,2.2386081216383995,0.09770613302153433,66.0,0.24247504362643982,124.25,1,running
recovery_pair06_positive,6,positive,2,266,0.5376102328300476,0.49394941329956055,0.5102127194404602,0.6101483702659607,0.8766303062438965,1.0,1.0,1.0,1.0,1.0,0.8916628956794739,-0.9502604603767395,0.022559965029358864,0.8265897631645203,-0.5628049373626709,0.6902777552604675,0.8807886838912964,-0.9467216730117798,0.04403943568468094,-0.28401651978492737,1,45,0,44,1.7279052734375,2.242613520972191,0.10609331019556505,63.0,0.24802313697270223,128.99,1,running
recovery_pair06_positive,6,positive,2,267,0.5545971989631653,0.4936872124671936,0.5098191499710083,0.5842257738113403,0.8113150000572205,1.0,1.0,1.0,1.0,1.0,0.8770960569381714,-0.9462093710899353,0.023076165467500687,0.7772557735443115,-0.6291847229003906,0.7166110873222351,0.8838412165641785,-0.9473863244056702,0.0,0.6000000238418579,0,46,0,45,1.7279052734375,2.247110280454682,0.11455134538782694,62.0,0.25428463493701675,131.64,1,running
recovery_pair06_positive,6,positive,2,268,0.5553075671195984,0.49424052238464355,0.498339980840683,0.5730718970298767,0.795863687992096,1.0,1.0,1.0,1.0,1.0,0.8807886838912964,-0.9467216730117798,0.023658743128180504,0.7473344206809998,-0.6644481420516968,0.731333315372467,0.8838827610015869,-0.9470247626304626,0.0,0.6000000238418579,0,46,0,45,1.7298418283462524,2.249521412232549,0.11918150530735698,65.0,0.25774980176005335,129.52,1,running
recovery_pair06_positive,6,positive,2,269,0.5393752455711365,0.4958628714084625,0.505294680595398,0.591707706451416,0.8451328873634338,1.0,1.0,1.0,1.0,1.0,0.8838412165641785,-0.9473863244056702,0.023981142789125443,0.7714024782180786,-0.6363475322723389,0.7195555567741394,0.8823500871658325,-0.9467283487319946,0.0,0.6000000238418579,0,46,0,45,1.7088475227355957,2.2492941081845865,0.11852158746682696,71.0,0.25736499915401584,123.39,1,running
recovery_pair06_positive,6,positive,2,270,0.512917160987854,0.48824214935302734,0.5239781141281128,0.6500763297080994,1.0,1.0,1.0,1.0,1.0,1.0,0.8838827610015869,-0.9470247626304626,0.02394532784819603,0.834943950176239,-0.5503350496292114,0.6855000257492065,0.8778425455093384,-0.9459614157676697,0.0,0.6000000238418579,0,46,0,45,0.8489213585853577,2.2490677284199556,0.11759343859472575,78.0,0.25691648634311287,116.2,1,running
recovery_pair06_positive,6,positive,2,271,0.5031359791755676,0.4903288781642914,0.5533214807510376,0.7289072871208191,1.0,1.0,1.0,1.0,1.0,0.24254895746707916,0.8823500871658325,-0.9467283487319946,0.023903610184788704,0.8972583413124084,-0.4415058493614197,0.6455555558204651,0.8952690362930298,-0.9515015482902527,0.0,0.6000000238418579,0,46,0,45,0.7729134559631348,2.248951981155715,0.1166303622655963,85.0,0.2565696407449829,109.0,1,running
recovery_pair06_positive,6,positive,2,272,0.49811655282974243,0.5052473545074463,0.5945835709571838,0.8463934063911438,1.0,1.0,1.0,1.0,1.0,0.22083242237567902,0.8778425455093384,-0.9459614157676697,0.023871326819062233,0.9455185532569885,-0.32556816935539246,0.605555534362793,0.900359570980072,-0.9543824791908264,0.04501798003911972,-0.2863147556781769,1,47,0,46,0.7729134559631348,2.2492040398095323,0.12093810761635616,86.0,0.2578890086762009,108.91,1,running
recovery_pair06_positive,6,positive,2,273,0.49043288826942444,0.5090095400810242,0.6010938286781311,0.8691921234130859,1.0,1.0,1.0,1.0,1.0,0.22148187458515167,0.8952690362930298,-0.9515015482902527,0.023994097486138344,0.9460288286209106,-0.32408252358436584,0.605055570602417,0.90163254737854,-0.9548870921134949,0.04508162662386894,-0.28646615147590637,1,47,0,46,0.7751865386962891,2.250152144705671,0.1305461968251213,83.0,0.2614340207297478,113.89,1,running
recovery_pair06_positive,6,positive,2,274,0.4893853962421417,0.4982745349407196,0.5777601599693298,0.8037534356117249,1.0,1.0,1.0,1.0,1.0,0.22239123284816742,0.900359570980072,-0.9543824791908264,0.02432391420006752,0.9143246412277222,-0.4049820005893707,0.6327221989631653,0.899320662021637,-0.9533742666244507,0.04496603459119797,-0.28601229190826416,1,47,0,46,0.7783693075180054,2.251357109518613,0.1384534914310035,80.0,0.26498307453535835,118.45,1,running
recovery_pair06_positive,6,positive,2,275,0.49638181924819946,0.4966558814048767,0.5570422410964966,0.7499989867210388,1.0,1.0,1.0,1.0,1.0,0.24380408227443695,0.90163254737854,-0.9548870921134949,0.024654120206832886,0.879233181476593,-0.47639167308807373,0.6580555438995361,0.8978344798088074,-0.9523442983627319,0.04489172622561455,-0.28570330142974854,1,47,0,46,0.8533142805099487,2.2536178307693002,0.14917589523547642,76.0,0.27068684768365,124.46,1,running
recovery_pair06_positive,6,positive,2,276,0.4966679513454437,0.490957647562027,0.5426122546195984,0.7029696106910706,1.0,1.0,1.0,1.0,1.0,0.2728351056575775,0.899320662021637,-0.9533742666244507,0.02518479712307453,0.8245214223861694,-0.5658307671546936,0.691444456577301,0.8962730169296265,-0.9511433839797974,0.04481365159153938,-0.2853430211544037,1,47,0,46,0.9549229145050049,2.2560603912408586,0.15816106997311868,73.0,0.27621918348281804,129.03,1,running
recovery_pair06_positive,6,positive,2,277,0.5078265070915222,0.48238644003868103,0.5328765511512756,0.6699586510658264,1.0,1.0,1.0,1.0,1.0,1.0,0.8978344798088074,-0.9523442983627319,0.02569953165948391,0.7768163681030273,-0.6297272443771362,0.7168333530426025,0.8814379572868347,-0.946833074092865,0.044071897864341736,-0.284049928188324,1,47,0,46,1.6883525848388672,2.2590047186591944,0.1671201139686183,70.0,0.28240022990178903,133.49,1,running
recovery_pair06_positive,6,positive,2,278,0.5183590054512024,0.4846712052822113,0.5227869749069214,0.6333054900169373,0.97430819272995,1.0,1.0,1.0,1.0,1.0,0.8962730169296265,-0.9511433839797974,0.026274628937244415,0.7254945039749146,-0.6882279515266418,0.741611123085022,0.8817588090896606,-0.9464190602302551,0.04408794268965721,-0.28392574191093445,1,47,0,46,1.6963492631912231,2.262379064132635,0.17573224331816426,67.0,0.2890015520160135,137.79,1,running
recovery_pair06_positive,6,positive,2,279,0.5259425044059753,0.4865325391292572,0.5075845718383789,0.6121735572814941,0.8958592414855957,1.0,1.0,1.0,1.0,1.0,0.8814379572868347,-0.946833074092865,0.02688881941139698,0.6718498468399048,-0.740687370300293,0.765500009059906,0.8832213282585144,-0.9463789463043213,0.0,0.6000000238418579,0,48,0,47,1.7028639316558838,2.2638048199179424,0.1789782304574255,69.0,0.2916662376091498,136.25,1,running
recovery_pair06_positive,6,positive,2,280,0.5151217579841614,0.4877544939517975,0.512991189956665,0.6311526298522949,0.9636530876159668,1.0,1.0,1.0,1.0,1.0,0.8817588090896606,-0.9464190602302551,0.02713674120604992,0.6915130615234375,-0.7223639488220215,0.7569444179534912,0.881816029548645,-0.9461281299591064,0.0,0.6000000238418579,0,48,0,47,1.7016746997833252,2.2634284885415057,0.17767151545041857,77.0,0.2907703003993027,128.05,1,running
recovery_pair06_positive,6,positive,2,281,0.5019518733024597,0.4861927628517151,0.5408021211624146,0.7046665549278259,1.0,1.0,1.0,1.0,1.0,1.0,0.8832213282585144,-0.9463789463043213,0.02705337479710579,0.787473201751709,-0.616348922252655,0.711388885974884,0.8831326365470886,-0.9477303624153137,0.0,0.6000000238418579,0,48,0,47,0.8299821615219116,2.2632531410974983,0.17651075802666238,84.0,0.290121684546262,120.85,1,running
recovery_pair06_positive,6,positive,2,282,0.4878085255622864,0.4971858561038971,0.5783759355545044,0.8131750226020813,1.0,1.0,1.0,1.0,1.0,0.23713776469230652,0.881816029548645,-0.9461281299591064,0.026993032544851303,0.8585126996040344,-0.5127922296524048,0.6713888645172119,0.9022054076194763,-0.9540873765945435,0.0,0.6000000238418579,0,48,0,47,0.7974662780761719,2.2632203869700125,0.17535610192280515,90.0,0.2896085163096916,114.65,1,running
recovery_pair06_positive,6,positive,2,283,0.4759460389614105,0.512947142124176,0.6311084032058716,0.9733639359474182,1.0,1.0,1.0,1.0,1.0,0.22784750163555145,0.8831326365470886,-0.9477303624153137,0.02694527618587017,0.9088724851608276,-0.4170740842819214,0.6369444727897644,0.9095379710197449,-0.9578409194946289,0.045476898550987244,-0.2873522937297821,1,49,0,48,0.7879903316497803,2.2631999651037416,0.1752870135881025,94.0,0.28956114699584834,110.64,1,running
recovery_pair06_positive,6,positive,2,284,0.48218008875846863,0.5272693634033203,0.6737633943557739,1.0,1.0,1.0,1.0,1.0,1.0,0.22514009475708008,0.9022054076194763,-0.9540873765945435,0.026940880343317986,0.9358136653900146,-0.3524950444698334,0.6146666407585144,0.9119685292243958,-0.9592704176902771,0.04559842869639397,-0.28778114914894104,1,49,0,48,0.7879903316497803,2.262819053222503,0.18132749091884212,93.0,0.29178776017326197,112.75,1,running
recovery_pair06_positive,6,positive,2,285,0.4830421805381775,0.5140841007232666,0.6488089561462402,1.0,1.0,1.0,1.0,1.0,1.0,0.22658991813659668,0.9095379710197449,-0.9578409194946289,0.027148038148880005,0.9222009778022766,-0.3867109715938568,0.6263889074325562,0.9115085005760193,-0.9588377475738525,0.045575425028800964,-0.28765133023262024,1,49,0,48,0.7896878123283386,2.2626622182325007,0.1925492863287369,89.0,0.2966957990038994,118.71,1,running
recovery_pair06_positive,6,positive,2,286,0.4832102954387665,0.5055076479911804,0.6133180260658264,0.9298093914985657,1.0,1.0,1.0,1.0,1.0,0.22562508285045624,0.9119685292243958,-0.9592704176902771,0.027604682371020317,0.8770623207092285,-0.48037657141685486,0.659500002861023,0.9091742634773254,-0.9572686553001404,0.04545871540904045,-0.2871806025505066,1,49,0,48,0.7896878123283386,2.263122636666743,0.2021744697154017,86.0,0.3016938541402385,123.29,1,running
recovery_pair06_positive,6,positive,2,287,0.48574453592300415,0.49972835183143616,0.5891882181167603,0.8521627187728882,1.0,1.0,1.0,1.0,1.0,0.23898084461688995,0.9115085005760193,-0.9588377475738525,0.02806970104575157,0.8359031677246094,-0.548876941204071,0.6849444508552551,0.9059897661209106,-0.9554876685142517,0.04529948905110359,-0.28664630651474,1,49,0,48,0.836432933807373,2.2641366138977563,0.21178212614579056,82.0,0.30737971828411553,128.76,1,running
recovery_pair06_positive,6,positive,2,288,0.490460604429245,0.49402642250061035,0.5689868330955505,0.7863261103630066,1.0,1.0,1.0,1.0,1.0,0.25421029329299927,0.9091742634773254,-0.9572686553001404,0.028598716482520103,0.7797752022743225,-0.6260595917701721,0.7153333425521851,0.9034534692764282,-0.9539008736610413,0.04517267271876335,-0.28617027401924133,1,49,0,48,0.889735996723175,2.2657052997835505,0.22132974685457998,79.0,0.3136981279343632,133.11,1,running
recovery_pair06_positive,6,positive,2,289,0.48795852065086365,0.48850080370903015,0.5506715178489685,0.7346717715263367,1.0,1.0,1.0,1.0,1.0,1.0,0.9059897661209106,-0.9554876685142517,0.029186593368649483,0.7300429940223694,-0.6834012269973755,0.7394999861717224,0.8866319060325623,-0.9486427903175354,0.04433159530162811,-0.2845928370952606,1,49,0,48,1.6866875886917114,2.267395577082199,0.22905189945081914,76.0,0.31928459024098954,137.12,1,running
recovery_pair06_positive,6,positive,2,290,0.5022584795951843,0.48191073536872864,0.5400177836418152,0.6891512274742126,1.0,1.0,1.0,1.0,1.0,1.0,0.9034534692764282,-0.9539008736610413,0.029706349596381187,0.6804651021957397,-0.7327804565429688,0.7617777585983276,0.8851434588432312,-0.9476074576377869,0.04425717517733574,-0.28428223729133606,1,49,0,48,1.6866875886917114,2.270231627866004,0.23929842891522757,73.0,0.3273346120925289,141.36,1,running
recovery_pair06_positive,6,positive,2,291,0.5037041902542114,0.48264363408088684,0.5222277045249939,0.6536732316017151,1.0,1.0,1.0,1.0,1.0,1.0,0.8866319060325623,-0.9486427903175354,0.030455337837338448,0.6244250535964966,-0.7810847163200378,0.7853333353996277,0.8828315734863281,-0.946172297000885,0.0,0.6000000238418579,0,50,0,49,1.6892527341842651,2.272783479579215,0.24722780766033547,73.0,0.33395509344298097,142.23,1,running
recovery_pair06_positive,6,positive,2,292,0.5055876970291138,0.48352551460266113,0.5181437730789185,0.6563529372215271,1.0,1.0,1.0,1.0,1.0,1.0,0.8851434588432312,-0.9476074576377869,0.031071309000253677,0.6124932169914246,-0.7904758453369141,0.7901666760444641,0.8831148147583008,-0.9462135434150696,0.0,0.6000000238418579,0,50,0,49,1.6744109392166138,2.274248669446594,0.2523351087916014,76.0,0.3381145792098641,139.8,1,running
recovery_pair06_positive,6,positive,2,293,0.4977254867553711,0.47840312123298645,0.5307396054267883,0.6844099164009094,1.0,1.0,1.0,1.0,1.0,1.0,0.8828315734863281,-0.946172297000885,0.0314582996070385,0.6454576849937439,-0.7637960314750671,0.7766666412353516,0.8840039968490601,-0.9468734860420227,0.0,0.6000000238418579,0,50,0,49,1.6744109392166138,2.274430119067692,0.25294145047920047,81.0,0.3386166187741333,134.86,1,running
recovery_pair06_positive,6,positive,2,294,0.48175328969955444,0.4905183017253876,0.5598650574684143,0.7684248089790344,1.0,1.0,1.0,1.0,1.0,1.0,0.8831148147583008,-0.9462135434150696,0.03150500729680061,0.7088324427604675,-0.7053768634796143,0.7492222189903259,0.8888251185417175,-0.9495099186897278,0.0,0.6000000238418579,0,50,0,49,0.8621841073036194,2.274358760253662,0.251916108588978,88.0,0.33795904731072596,127.73,1,running
recovery_pair06_positive,6,positive,2,295,0.4824833273887634,0.49527907371520996,0.6042892336845398,0.8983749151229858,1.0,1.0,1.0,1.0,1.0,0.24633832275867462,0.8840039968490601,-0.9468734860420227,0.03144383430480957,0.7909032106399536,-0.6119412183761597,0.7096111178398132,0.9092404246330261,-0.9566667675971985,0.0,0.6000000238418579,0,50,0,49,0.8145729303359985,2.2744096818198623,0.25086042772642675,95.0,0.3373851173423374,120.58,1,running
recovery_pair06_positive,6,positive,2,296,0.48122215270996094,0.5223709344863892,0.668822705745697,1.0,1.0,1.0,1.0,1.0,1.0,0.23273512721061707,0.8888251185417175,-0.9495099186897278,0.031390439718961716,0.8609196543693542,-0.5087409019470215,0.6698889136314392,0.9153243899345398,-0.9600024819374084,0.0,0.6000000238418579,0,50,0,49,0.8145729303359985,2.2745857538023437,0.24980878556867847,102.0,0.33691785587566225,113.41,1,running
recovery_pair06_positive,6,positive,2,297,0.48723775148391724,0.5597637891769409,0.7635326981544495,1.0,1.0,1.0,1.0,1.0,0.2919059693813324,0.2373816817998886,0.9092404246330261,-0.9566667675971985,0.03134695813059807,0.9176852703094482,-0.3973080515861511,0.6300555467605591,0.901617169380188,-0.9549035429954529,0.0,0.6000000238418579,0,50,0,49,0.8308358788490295,2.2748883317588593,0.2487742858994122,108.0,0.33656653365421607,107.24,1,running
recovery_pair06_positive,6,positive,2,298,0.5013439059257507,0.6054105162620544,0.9083728790283203,1.0,1.0,1.0,1.0,1.0,0.24037258327007294,0.2506271004676819,0.9153243899345398,-0.9600024819374084,0.031314268708229065,0.9550716876983643,-0.2963748872280121,0.5957777500152588,0.9064117670059204,-0.9578884243965149,0.0,0.6000000238418579,0,50,0,49,0.8209924697875977,2.275317570669005,0.24777111309616537,115.0,0.3363399715277956,100.06,1,running
recovery_pair06_positive,6,positive,2,299,0.5242512226104736,0.6714866757392883,1.0,1.0,1.0,1.0,1.0,1.0,0.23456928133964539,1.0,0.901617169380188,-0.9549035429954529,0.03129320219159126,0.9846253395080566,-0.17467936873435974,0.5558888912200928,0.8982795476913452,-0.9577340483665466,0.0,0.6000000238418579,0,50,0,49,0.8209924697875977,2.275768403260396,0.24697397483494377,121.0,0.3362523621677098,93.9,1,running
recovery_pair06_positive,6,positive,2,300,0.55941241979599,0.7738832235336304,1.0,1.0,1.0,1.0,1.0,0.2899077534675598,0.23941047489643097,1.0,0.9064117670059204,-0.9578884243965149,0.03128505125641823,0.9976842999458313,-0.06801529228687286,0.5216666460037231,0.9044308662414551,-0.9569749236106873,0.0,0.6000000238418579,0,50,0,49,0.8379366397857666,2.2765406666319006,0.24592955920441845,129.0,0.336290619168336,85.68,1,general_timeout
recovery_pair06_positive,6,positive,3,217,0.816767156124115,0.6103822588920593,0.5377933382987976,0.5363258719444275,0.608967661857605,0.8223200440406799,1.0,1.0,1.0,1.0,0.8651173114776611,-0.9448142647743225,0.03779540956020355,0.9124774932861328,0.4091269075870514,0.3658333420753479,0.880508303642273,-0.9519526958465576,0.1283964067697525,-0.28558582067489624,1,39,0,38,1.8366074562072754,2.1381940971474513,-0.3177273872957957,37.0,0.39712282006416144,73.36,1,running
recovery_pair06_positive,6,positive,3,218,0.8722078204154968,0.6335359811782837,0.5382084250450134,0.524744987487793,0.5829598307609558,0.771743655204773,1.0,1.0,1.0,1.0,0.8635548949241638,-0.9463879466056824,0.03694845363497734,0.9581229090690613,0.2863573431968689,0.40755555033683777,0.8958567380905151,-0.9571673274040222,0.0,0.6000000238418579,0,40,0,39,1.8209376335144043,2.1566326745033177,-0.3048864534011581,31.0,0.3921048255750352,82.54,1,running
recovery_pair06_positive,6,positive,3,219,1.0,0.6682092547416687,0.5491739511489868,0.520267903804779,0.5547793507575989,0.6830863952636719,1.0,1.0,1.0,1.0,0.880508303642273,-0.9519526958465576,0.0364815779030323,0.9915357232093811,0.12983399629592896,0.45855554938316345,0.9171394109725952,-0.9646963477134705,0.0,0.6000000238418579,0,40,0,39,1.7863564491271973,2.17167778306934,-0.2966356166163972,26.0,0.3909245766172162,90.05,1,running
recovery_pair06_positive,6,positive,3,220,1.0,0.7144795656204224,0.5674102902412415,0.5103875398635864,0.5398081541061401,0.6386054754257202,0.9283541440963745,1.0,1.0,1.0,0.8958567380905151,-0.9571673274040222,0.03637177124619484,0.9999996423721313,-0.0008726645028218627,0.5002777576446533,0.9263412952423096,-0.9678344130516052,0.0,0.6000000238418579,0,40,0,39,1.7863564491271973,2.1787542573181766,-0.2931472976044355,28.0,0.39097793834115124,89.21,1,running
recovery_pair06_positive,6,positive,3,221,1.0,0.6929828524589539,0.5539292693138123,0.5123082399368286,0.5402318835258484,0.6503491401672363,0.9651350378990173,1.0,1.0,1.0,0.9171394109725952,-0.9646963477134705,0.03637673333287239,0.9999049305915833,0.013787664473056793,0.4956111013889313,0.9240642786026001,-0.9668880701065063,0.0,0.6000000238418579,0,40,0,39,1.7768970727920532,2.178209392190475,-0.2935178578816739,34.0,0.3910589374260013,83.11,1,running
recovery_pair06_positive,6,positive,3,222,0.9011450409889221,0.6261906623840332,0.532492458820343,0.5076848864555359,0.5702211260795593,0.7215355038642883,1.0,1.0,1.0,1.0,0.9263412952423096,-0.9678344130516052,0.03638426586985588,0.9927783012390137,0.11996357142925262,0.4617222249507904,0.9071662425994873,-0.9605283737182617,0.0,0.6000000238418579,0,40,0,39,1.7768970727920532,2.177460764345528,-0.29412764278547143,41.0,0.39126170666569293,75.97,1,running
recovery_pair06_positive,6,positive,3,223,0.7698299288749695,0.5872479677200317,0.5185772180557251,0.5193774700164795,0.6024923920631409,0.8277024030685425,1.0,1.0,1.0,1.0,0.9240642786026001,-0.9668880701065063,0.03640312701463699,0.970168948173523,0.2424299120903015,0.42205554246902466,0.8839749693870544,-0.9521424174308777,0.0,0.6000000238418579,0,40,0,39,1.8008363246917725,2.176766661457848,-0.2948473331967296,48.0,0.3915894360176977,68.83,1,running
recovery_pair06_positive,6,positive,3,224,0.6816619634628296,0.5462211966514587,0.5145246386528015,0.5408921837806702,0.6575173139572144,0.9759698510169983,1.0,1.0,1.0,1.0,0.9071662425994873,-0.9605283737182617,0.0364336259663105,0.9325129985809326,0.3611363470554352,0.3823888897895813,0.8561121821403503,-0.9426738619804382,0.08193157613277435,0.6000000238418579,0,40,0,39,1.7912439107894897,2.17955572124777,-0.2914594960739818,51.0,0.3898461204858837,66.42,1,running
recovery_pair06_positive,6,positive,3,225,0.6574807167053223,0.5385869741439819,0.5117839574813843,0.5420297384262085,0.6746322512626648,1.0,1.0,1.0,1.0,1.0,0.8839749693870544,-0.9521424174308777,0.03627142682671547,0.9165024161338806,0.40002912282943726,0.36899998784065247,0.846868097782135,-0.9395486116409302,0.08164101839065552,0.6000000238418579,0,40,0,39,0.8607949018478394,2.186303907195515,-0.28285593777522944,54.0,0.38544604685257505,64.9,1,running
recovery_pair06_positive,6,positive,3,226,0.6260098218917847,0.529064953327179,0.5112529397010803,0.5606951713562012,0.7102892994880676,1.0,1.0,1.0,1.0,0.2459414005279541,0.8561121821403503,-0.9426738619804382,0.035862039774656296,0.9055687785148621,0.4241994321346283,0.3605555593967438,0.8593367338180542,-0.9414210915565491,0.0809076726436615,0.6000000238418579,0,40,0,39,0.8014675378799438,2.1945087700330137,-0.2700907457687678,61.0,0.3784724354418788,59.93,1,running
recovery_pair06_positive,6,positive,3,227,0.5718778371810913,0.5080393552780151,0.5186179876327515,0.5907692313194275,0.8140295743942261,1.0,1.0,1.0,1.0,0.22899071872234344,0.846868097782135,-0.9395486116409302,0.03521321713924408,0.8654139041900635,0.5010576844215393,0.33294445276260376,0.8443757891654968,-0.9358720183372498,0.07974540442228317,0.6000000238418579,0,40,0,39,0.7904004454612732,2.2010716535712054,-0.2565725376562092,68.0,0.37046252375122946,54.87,1,running
recovery_pair06_positive,6,positive,3,228,0.5436690449714661,0.5008732676506042,0.5281681418418884,0.6422646641731262,0.9542017579078674,1.0,1.0,1.0,1.0,0.22582869231700897,0.8593367338180542,-0.9414210915565491,0.03446797654032707,0.8178485035896301,0.5754335522651672,0.304833322763443,0.8326682448387146,-0.9318249225616455,0.12004383653402328,-0.27954748272895813,1,41,0,40,0.783797562122345,2.207156991646834,-0.2402313742289997,70.0,0.3603119553184047,55.1,1,running
recovery_pair06_positive,6,positive,3,229,0.5356560349464417,0.5024353861808777,0.5307278633117676,0.6513782143592834,0.9887019991874695,1.0,1.0,1.0,1.0,0.22394216060638428,0.8443757891654968,-0.9358720183372498,0.0335235521197319,0.8201518654823303,0.5721458792686462,0.30611109733581543,0.8311980366706848,-0.9313566088676453,0.11827856302261353,-0.27940699458122253,1,41,0,40,0.783797562122345,2.2151305663922414,-0.2197981317103855,67.0,0.34865695383508916,61.1,1,running
recovery_pair06_positive,6,positive,3,230,0.5403878092765808,0.49896934628486633,0.5236334204673767,0.6271615028381348,0.9176077842712402,1.0,1.0,1.0,1.0,0.2261056900024414,0.8326682448387146,-0.9318249225616455,0.03243917226791382,0.8754644989967346,0.4832823872566223,0.33944445848464966,0.8403449058532715,-0.9344033598899841,0.11679340898990631,-0.28032103180885315,1,41,0,40,0.7913699150085449,2.2249080774726258,-0.1980518134719652,64.0,0.33823638766415376,67.68,1,running
recovery_pair06_positive,6,positive,3,231,0.5526556372642517,0.4964316189289093,0.514167845249176,0.6000676155090332,0.843256950378418,1.0,1.0,1.0,1.0,0.24218961596488953,0.8311980366706848,-0.9313566088676453,0.031469639390707016,0.9250771999359131,0.3797791004180908,0.37599998712539673,0.8501414060592651,-0.9376652240753174,0.11554646492004395,-0.2812995910644531,1,41,0,40,0.8476636409759521,2.2358357207538613,-0.1770094803680889,61.0,0.33052953043743305,74.52,1,running
recovery_pair06_positive,6,positive,3,232,0.5673316121101379,0.4951590895652771,0.5021465420722961,0.5729409456253052,0.7760497331619263,1.0,1.0,1.0,1.0,0.2601611018180847,0.8403449058532715,-0.9344033598899841,0.03075259178876877,0.9637236595153809,0.26690199971199036,0.414000004529953,0.8594321608543396,-0.9406588673591614,0.04297160729765892,-0.2821976840496063,1,41,0,40,0.9105638861656189,2.244322802926705,-0.16276802702814397,56.0,0.3270038847084548,82.34,1,running
recovery_pair06_positive,6,positive,3,233,0.5962538123130798,0.5059799551963806,0.4951985478401184,0.5471783876419067,0.705543577671051,1.0,1.0,1.0,1.0,1.0,0.8501414060592651,-0.9376652240753174,0.030424559488892555,0.9910764694213867,0.13329431414604187,0.4574444591999054,0.8536531329154968,-0.9404616951942444,0.04268265888094902,-0.28213852643966675,1,41,0,40,1.726413607597351,2.2495139081764077,-0.1554270140620655,53.0,0.32612567557217503,86.91,1,running
recovery_pair06_positive,6,positive,3,234,0.6192365884780884,0.5162509083747864,0.49326103925704956,0.5368611812591553,0.6671975255012512,1.0,1.0,1.0,1.0,1.0,0.8594321608543396,-0.9406588673591614,0.03034285083413124,0.9985460638999939,0.05390453338623047,0.4828333258628845,0.8623272776603699,-0.9432567358016968,0.04311636462807655,-0.28297704458236694,1,41,0,40,1.7168563604354858,2.25511445824705,-0.1483518214488402,50.0,0.32597945387656885,91.5,1,running
recovery_pair06_positive,6,positive,3,235,0.6428848505020142,0.5230989456176758,0.490530401468277,0.5194998383522034,0.6394957304000854,0.9771208167076111,1.0,1.0,1.0,1.0,0.8536531329154968,-0.9404616951942444,0.030329255387187004,0.9996573328971863,-0.026176948100328445,0.5083333253860474,0.8702659606933594,-0.945753276348114,0.0,0.6000000238418579,0,42,0,41,1.7168563604354858,2.258469275229116,-0.14442320856405666,52.0,0.32620021064634896,90.41,1,running
recovery_pair06_positive,6,positive,3,236,0.6128349304199219,0.5049432516098022,0.4915861189365387,0.5312336683273315,0.6679860353469849,1.0,1.0,1.0,1.0,1.0,0.8623272776603699,-0.9432567358016968,0.030349791049957275,0.9999743700027466,-0.007155789062380791,0.5022777915000916,0.8638738393783569,-0.9434167742729187,0.0,0.6000000238418579,0,42,0,41,1.7205513715744019,2.25788155147584,-0.1453443414371586,59.0,0.3262982707551975,83.22,1,running
recovery_pair06_positive,6,positive,3,237,0.5684725642204285,0.49415531754493713,0.4919908344745636,0.5706564784049988,0.7527675628662109,1.0,1.0,1.0,1.0,1.0,0.8702659606933594,-0.945753276348114,0.030358918011188507,0.9930067658424377,0.11805734783411026,0.4623333215713501,0.85133957862854,-0.9394289255142212,0.0,0.6000000238418579,0,42,0,41,0.8536123633384705,2.2572754044341927,-0.14615077668124013,66.0,0.3263148704386156,76.04,1,running
recovery_pair06_positive,6,positive,3,238,0.535394012928009,0.48981040716171265,0.5084066987037659,0.6069011092185974,0.8758982419967651,1.0,1.0,1.0,1.0,0.2438892424106598,0.8638738393783569,-0.9434167742729187,0.030360449105501175,0.9704644083976746,0.24124443531036377,0.4224444329738617,0.8582245111465454,-0.940048336982727,0.0,0.6000000238418579,0,42,0,41,0.8184995651245117,2.2569114807740074,-0.14663796939824292,72.0,0.32632819574812155,69.93,1,running
recovery_pair06_positive,6,positive,3,239,0.5117579698562622,0.48784440755844116,0.5254743099212646,0.6642923951148987,1.0,1.0,1.0,1.0,1.0,0.23385702073574066,0.85133957862854,-0.9394289255142212,0.03036169707775116,0.9392740726470947,0.3431679308414459,0.38850000500679016,0.8488654494285583,-0.9371480941772461,0.07105469703674316,0.6000000238418579,0,42,0,41,0.814940333366394,2.257828758774321,-0.14266225223356196,79.0,0.3246199737651353,63.58,1,running
recovery_pair06_positive,6,positive,3,240,0.49134281277656555,0.4861438572406769,0.558824360370636,0.746867835521698,1.0,1.0,1.0,1.0,1.0,0.23284009099006653,0.8582245111465454,-0.940048336982727,0.03020275942981243,0.8955565094947815,0.4449478089809418,0.35322222113609314,0.8467901945114136,-0.9367185235023499,0.07076999545097351,0.6000000238418579,0,42,0,41,0.814940333366394,2.259543584795976,-0.1298548284487367,86.0,0.3183978074011528,58.6,1,running
recovery_pair06_positive,6,positive,3,241,0.4847091734409332,0.504553496837616,0.6017662882804871,0.8732649087905884,1.0,1.0,1.0,1.0,0.24352340400218964,0.24934254586696625,0.8488654494285583,-0.9371480941772461,0.029623854905366898,0.8535507917404175,0.521009624004364,0.32555556297302246,0.820875346660614,-0.9267714619636536,0.06973297148942947,0.6000000238418579,0,42,0,41,0.8260841965675354,2.2597275284376614,-0.11685036533111277,93.0,0.31119926026545247,53.57,1,running
recovery_pair06_positive,6,positive,3,242,0.48045894503593445,0.5246421694755554,0.665895402431488,1.0,1.0,1.0,1.0,1.0,0.23602405190467834,0.2899405360221863,0.8467901945114136,-0.9367185235023499,0.02895408868789673,0.804582953453064,0.5938402414321899,0.2976111173629761,0.828447163105011,-0.9303049445152283,0.06853321194648743,0.6000000238418579,0,42,0,41,0.7904837727546692,2.2584010902522063,-0.10413250129460282,100.0,0.3032476445729869,48.44,1,running
recovery_pair06_positive,6,positive,3,243,0.48944443464279175,0.5563414692878723,0.7520465850830078,1.0,1.0,1.0,1.0,1.0,0.22585250437259674,1.0,0.820875346660614,-0.9267714619636536,0.02821427956223488,0.7482613921165466,0.6634039878845215,0.26911109685897827,0.8078252673149109,-0.9269166588783264,0.10759919881820679,-0.2780750095844269,1,43,0,42,0.7904837727546692,2.2557128294088833,-0.09166294783182975,103.0,0.2945751734107009,47.24,1,running
recovery_pair06_positive,6,positive,3,244,0.4979437291622162,0.5760482549667358,0.8144574761390686,1.0,1.0,1.0,1.0,1.0,0.2326929122209549,1.0,0.828447163105011,-0.9303049445152283,0.02740737423300743,0.7342040538787842,0.6789289116859436,0.2624444365501404,0.8149082064628601,-0.9298491477966309,0.10650794208049774,-0.27895474433898926,1,43,0,42,0.8017030954360962,2.2512848784493835,-0.07175767993816952,101.0,0.2812543120055015,52.31,1,running
recovery_pair06_positive,6,positive,3,245,0.4929707944393158,0.5619943141937256,0.7648754119873047,1.0,1.0,1.0,1.0,1.0,0.22905802726745605,1.0,0.8078252673149109,-0.9269166588783264,0.02616800181567669,0.7913302779197693,0.6113889217376709,0.2906111180782318,0.8167519569396973,-0.9301561713218689,0.10437998175621033,-0.2790468633174896,1,43,0,42,0.7949487566947937,2.2477335854776967,-0.050577465563692116,98.0,0.2691262349195571,59.0,1,running
recovery_pair06_positive,6,positive,3,246,0.48754528164863586,0.5466281175613403,0.7184731364250183,1.0,1.0,1.0,1.0,1.0,0.22712822258472443,1.0,0.8149082064628601,-0.9298491477966309,0.02503960393369198,0.8571673035621643,0.5150380730628967,0.32777777314186096,0.8218561410903931,-0.9314011931419373,0.10261385142803192,-0.2794203758239746,1,43,0,42,0.7949487566947937,2.2454209172128667,-0.029538734228377637,95.0,0.25943499155273464,66.08,1,running
recovery_pair06_positive,6,positive,3,247,0.48278936743736267,0.537624180316925,0.6788568496704102,1.0,1.0,1.0,1.0,1.0,0.23496733605861664,0.24920518696308136,0.8167519569396973,-0.9301561713218689,0.02413792908191681,0.9141124486923218,0.4054606854915619,0.36711111664772034,0.8495498895645142,-0.9377849102020264,0.1023833304643631,-0.2813354730606079,1,43,0,42,0.8116805553436279,2.244274392911309,-0.008746262045273748,92.0,0.2523480476092235,73.47,1,running
recovery_pair06_positive,6,positive,3,248,0.4895060956478119,0.521271288394928,0.6483980417251587,1.0,1.0,1.0,1.0,1.0,0.2452910989522934,0.23190872371196747,0.8218561410903931,-0.9314011931419373,0.02347855269908905,0.9586709141731262,0.2845173478126526,0.40816667675971985,0.8573362231254578,-0.9401330351829529,0.04286681115627289,-0.28203991055488586,1,43,0,42,0.7871178388595581,2.2441140353813562,0.005532367014923101,89.0,0.2489916131796397,79.64,1,running
recovery_pair06_positive,6,positive,3,249,0.48751530051231384,0.5159518122673035,0.6282104253768921,0.9462407827377319,1.0,1.0,1.0,1.0,0.2653408646583557,0.2248908132314682,0.8495498895645142,-0.9377849102020264,0.02316625975072384,0.983697235584259,0.17983244359493256,0.44244444370269775,0.8605242967605591,-0.9407423138618469,0.043026216328144073,-0.282222718000412,1,43,0,42,0.7871178388595581,2.244460049244407,0.014644999112452595,86.0,0.24769962743840987,84.72,1,running
recovery_pair06_positive,6,positive,3,250,0.4888705909252167,0.5072343945503235,0.6012803316116333,0.8683079481124878,1.0,1.0,1.0,1.0,1.0,0.22558867931365967,0.8573362231254578,-0.9401330351829529,0.023046068847179413,0.9957568645477295,0.09202300757169724,0.47066667675971985,0.8832249641418457,-0.9494960308074951,0.044161248952150345,-0.28484880924224854,1,43,0,42,0.7755439281463623,2.24533721399259,0.023953239169710518,83.0,0.24724083226349175,89.89,1,running
recovery_pair06_positive,6,positive,3,251,0.4936423897743225,0.5019879341125488,0.5778765678405762,0.8034437894821167,1.0,1.0,1.0,1.0,1.0,0.22158397734165192,0.8605242967605591,-0.9407423138618469,0.023003380745649338,0.999998152256012,0.001919860951602459,0.4993889033794403,0.8829293847084045,-0.9488898515701294,0.044146470725536346,-0.2846669554710388,1,43,0,42,0.7755439281463623,2.2467527107197793,0.03328610444382478,80.0,0.24766935460402728,95.07,1,running
recovery_pair06_positive,6,positive,3,252,0.49916332960128784,0.49536678194999695,0.5582001805305481,0.7493706941604614,1.0,1.0,1.0,1.0,1.0,0.22546842694282532,0.8832249641418457,-0.9494960308074951,0.023043250665068626,0.9960874915122986,-0.08837275952100754,0.528166651725769,0.8834923505783081,-0.9485687613487244,0.044174619019031525,-0.2845706343650818,1,43,0,42,0.7828540205955505,2.2486965457066503,0.042504438706936,76.0,0.24898928831817008,101.22,1,running
recovery_pair06_positive,6,positive,3,253,0.5024861097335815,0.4884234070777893,0.5428257584571838,0.7060901522636414,1.0,1.0,1.0,1.0,1.0,0.22367258369922638,0.8829293847084045,-0.9488898515701294,0.023166054859757423,0.9808872938156128,-0.19457675516605377,0.562333345413208,0.8846379518508911,-0.9483973383903503,0.044231899082660675,-0.284519225358963,1,43,0,42,0.7828540205955505,2.2511652131170554,0.051514947264278875,73.0,0.2511838510672174,106.3,1,running
recovery_pair06_positive,6,positive,3,254,0.5114154815673828,0.48494699597358704,0.5328287482261658,0.6630613207817078,1.0,1.0,1.0,1.0,1.0,0.25289708375930786,0.8834923505783081,-0.9485687613487244,0.023370230570435524,0.9598053097724915,-0.280666708946228,0.5905555486679077,0.8850791454315186,-0.9481766223907471,0.04425395652651787,-0.28445300459861755,1,43,0,42,0.8851397633552551,2.2539865621546924,0.05995227502496947,70.0,0.25404348228358703,111.21,1,running
recovery_pair06_positive,6,positive,3,255,0.519097626209259,0.4834617078304291,0.5152832865715027,0.6334840655326843,0.9610560536384583,1.0,1.0,1.0,1.0,1.0,0.8846379518508911,-0.9483973383903503,0.02363630197942257,0.9322606921195984,-0.3617872893810272,0.6178333163261414,0.8706700801849365,-0.9442899823188782,0.043533504009246826,-0.28328701853752136,1,43,0,42,1.6921160221099854,2.2573319398985823,0.06841219212844364,67.0,0.2577037067066219,116.08,1,running
recovery_pair06_positive,6,positive,3,256,0.527022659778595,0.48840096592903137,0.5051454305648804,0.6060799360275269,0.8725505471229553,1.0,1.0,1.0,1.0,1.0,0.8850791454315186,-0.9481766223907471,0.02397683821618557,0.8981810808181763,-0.43962568044662476,0.6448888778686523,0.874768853187561,-0.9451077580451965,0.04373844340443611,-0.28353235125541687,1,43,0,42,1.707450032234192,2.2611625064735987,0.07669994959826605,63.0,0.2620980286314924,121.84,1,running
recovery_pair06_positive,6,positive,3,257,0.5405458807945251,0.487842857837677,0.49782800674438477,0.5844734311103821,0.8125143051147461,1.0,1.0,1.0,1.0,1.0,0.8706700801849365,-0.9442899823188782,0.02438569813966751,0.8495246171951294,-0.5275490283966064,0.6768888831138611,0.878473699092865,-0.945846676826477,0.0,0.6000000238418579,0,44,0,43,1.707450032234192,2.262781417844861,0.07982543661992678,66.0,0.2639917948254458,119.49,1,running
recovery_pair06_positive,6,positive,3,258,0.521856427192688,0.49049949645996094,0.5015382170677185,0.605190634727478,0.8943718671798706,1.0,1.0,1.0,1.0,1.0,0.874768853187561,-0.9451077580451965,0.024561887606978416,0.8704416155815125,-0.49227166175842285,0.6638333201408386,0.8753138184547424,-0.9450088143348694,0.0,0.6000000238418579,0,44,0,43,0.8955980539321899,2.2624064913360784,0.07872564082702065,73.0,0.263515520130645,112.26,1,running
recovery_pair06_positive,6,positive,3,259,0.5061951875686646,0.48726651072502136,0.5296827554702759,0.6756845712661743,1.0,1.0,1.0,1.0,1.0,0.25588515400886536,0.878473699092865,-0.945846676826477,0.024517590180039406,0.9254744052886963,-0.3788101375102997,0.6236666440963745,0.8888497352600098,-0.9491580128669739,0.0,0.6000000238418579,0,44,0,43,0.7989305257797241,2.262169140220447,0.07759674543026293,80.0,0.2631780150744035,105.02,1,running
recovery_pair06_positive,6,positive,3,260,0.4938470721244812,0.49286243319511414,0.5615638494491577,0.7610763311386108,1.0,1.0,1.0,1.0,1.0,0.22826586663722992,0.8753138184547424,-0.9450088143348694,0.024486176669597626,0.965835452079773,-0.259156197309494,0.5834444165229797,0.8907163143157959,-0.9506314992904663,0.044535815715789795,-0.2851894497871399,1,45,0,44,0.7975411415100098,2.262290764134794,0.07869335771394331,83.0,0.26339732215606954,102.25,1,running
recovery_pair06_positive,6,positive,3,261,0.4861511290073395,0.49928969144821167,0.5746774077415466,0.8033932447433472,1.0,1.0,1.0,1.0,1.0,0.22786889970302582,0.8888497352600098,-0.9491580128669739,0.024506578221917152,0.9772310853004456,-0.21217767894268036,0.5680555701255798,0.8919020295143127,-0.9513689875602722,0.044595103710889816,-0.28541070222854614,1,45,0,44,0.7975411415100098,2.263569456816921,0.08752081775473182,80.0,0.26562059036818425,107.12,1,running
recovery_pair06_positive,6,positive,3,262,0.49024370312690735,0.48897141218185425,0.5570775270462036,0.7439041137695312,1.0,1.0,1.0,1.0,1.0,0.23693321645259857,0.8907163143157959,-0.9506314992904663,0.02471342496573925,0.955690324306488,-0.29437392950057983,0.5951111316680908,0.8904951214790344,-0.9502986669540405,0.04452475532889366,-0.2850896120071411,1,45,0,44,0.8292662501335144,2.265427732555599,0.09674942225622438,77.0,0.2687574727739467,112.03,1,running
recovery_pair06_positive,6,positive,3,263,0.4967602789402008,0.48545002937316895,0.5399168133735657,0.7038413286209106,1.0,1.0,1.0,1.0,1.0,0.24559764564037323,0.8919020295143127,-0.9513689875602722,0.02500530146062374,0.9269875884056091,-0.3750919997692108,0.6223888993263245,0.8904621005058289,-0.9497909545898438,0.04452310502529144,-0.2849372923374176,1,45,0,44,0.8595917820930481,2.267819448184834,0.10590978795853005,74.0,0.2726949519897627,116.85,1,running
recovery_pair06_positive,6,positive,3,264,0.5028746724128723,0.48189154267311096,0.5265920162200928,0.6651777625083923,1.0,1.0,1.0,1.0,1.0,1.0,0.8904951214790344,-0.9502986669540405,0.02537163533270359,0.892192006111145,-0.451656311750412,0.6491666436195374,0.8744253516197205,-0.9452636241912842,0.0437212698161602,-0.28357911109924316,1,45,0,44,1.6866203546524048,2.2707031399314,0.11484012455430798,70.0,0.27733030517575635,122.55,1,running
recovery_pair06_positive,6,positive,3,265,0.5147730708122253,0.48511239886283875,0.5073681473731995,0.626966655254364,0.9678663611412048,1.0,1.0,1.0,1.0,1.0,0.8904621005058289,-0.9497909545898438,0.025802908465266228,0.8429222702980042,-0.5380353927612305,0.6808333396911621,0.8759799003601074,-0.9451164603233337,0.04379899427294731,-0.2835349440574646,1,45,0,44,1.6906660795211792,2.274097022751481,0.12360015767287331,67.0,0.2826546949431473,127.13,1,running
recovery_pair06_positive,6,positive,3,266,0.5309366583824158,0.4830474555492401,0.5040850043296814,0.596126139163971,0.8763037919998169,1.0,1.0,1.0,1.0,1.0,0.8744253516197205,-0.9452636241912842,0.026298291981220245,0.7972679734230042,-0.6036255359649658,0.7062777876853943,0.8792502880096436,-0.9457690119743347,0.0,0.6000000238418579,0,46,0,45,1.683525800704956,2.277201314464546,0.1307923129675148,67.0,0.2874885677338682,128.37,1,running
recovery_pair06_positive,6,positive,3,267,0.5191571116447449,0.4810073673725128,0.5020059943199158,0.6099161505699158,0.902574896812439,1.0,1.0,1.0,1.0,1.0,0.8759799003601074,-0.9451164603233337,0.026748051866889,0.7840185761451721,-0.6207373738288879,0.7131666541099548,0.8786417841911316,-0.9454097151756287,0.0,0.6000000238418579,0,46,0,45,1.6786978244781494,2.27723507945402,0.1307159104418799,74.0,0.2875008809282058,121.36,1,running
recovery_pair06_positive,6,positive,3,268,0.49980488419532776,0.47962793707847595,0.5290974974632263,0.6695100665092468,1.0,1.0,1.0,1.0,1.0,1.0,0.8792502880096436,-0.9457690119743347,0.026749182492494583,0.8539143204689026,-0.5204136371612549,0.6742222309112549,0.8766185641288757,-0.9456925392150879,0.0,0.6000000238418579,0,46,0,45,0.8472224473953247,2.277044180798294,0.1297787352955867,81.0,0.28706986705542226,114.19,1,running
recovery_pair06_positive,6,positive,3,269,0.48720529675483704,0.4912673830986023,0.5592270493507385,0.7641412019729614,1.0,1.0,1.0,1.0,1.0,0.24206355214118958,0.8786417841911316,-0.9454097151756287,0.026709096506237984,0.91219162940979,-0.4097638428211212,0.6343888640403748,0.8952972292900085,-0.9517045021057129,0.0,0.6000000238418579,0,46,0,45,0.7923386693000793,2.2769563155763333,0.12870950357645927,87.0,0.28670673798387036,107.99,1,running
recovery_pair06_positive,6,positive,3,270,0.4836987555027008,0.5032978653907776,0.6004555821418762,0.8983925580978394,1.0,1.0,1.0,1.0,1.0,0.22638247907161713,0.8766185641288757,-0.9456925392150879,0.026675300672650337,0.9511104226112366,-0.3088510036468506,0.5999444723129272,0.9014682769775391,-0.9549388289451599,0.04507341608405113,-0.286481648683548,1,47,0,46,0.7923386693000793,2.277039432611095,0.13305983138633318,88.0,0.2879422613719852,107.82,1,running
recovery_pair06_positive,6,positive,3,271,0.4791046977043152,0.506292462348938,0.6045941114425659,0.9018809199333191,1.0,1.0,1.0,1.0,1.0,0.23014383018016815,0.8952972292900085,-0.9517045021057129,0.026790261268615723,0.9520226120948792,-0.3060276508331299,0.5989999771118164,0.9017906188964844,-0.955062747001648,0.04508953168988228,-0.2865188419818878,1,47,0,46,0.8055034279823303,2.277615077838012,0.14259779505530076,85.0,0.2912356046766236,112.59,1,running
recovery_pair06_positive,6,positive,3,272,0.48240140080451965,0.4934588074684143,0.5773422122001648,0.8268458247184753,1.0,1.0,1.0,1.0,1.0,0.23364470899105072,0.9014682769775391,-0.9549388289451599,0.027096666395664215,0.9232772588729858,-0.3841341733932495,0.6255000233650208,0.8989810943603516,-0.9533780217170715,0.04494905471801758,-0.2860134243965149,1,47,0,46,0.8177564740180969,2.2787479686615324,0.15205528186483558,81.0,0.2953013249681281,118.28,1,running
recovery_pair06_positive,6,positive,3,273,0.48478254675865173,0.48118990659713745,0.5581637024879456,0.7617863416671753,1.0,1.0,1.0,1.0,1.0,0.24647200107574463,0.9017906188964844,-0.955062747001648,0.02747494913637638,0.8806427717208862,-0.4737808406352997,0.6571111083030701,0.8967301249504089,-0.9518609642982483,0.04483650624752045,-0.2855583131313324,1,47,0,46,0.8626520037651062,2.2803555585706357,0.16109193678452077,78.0,0.2999085487763968,122.8,1,running
recovery_pair06_positive,6,positive,3,274,0.49146267771720886,0.4796420633792877,0.5436956286430359,0.7188186645507812,1.0,1.0,1.0,1.0,1.0,0.26970869302749634,0.8989810943603516,-0.9533780217170715,0.027903592213988304,0.8405665755271912,-0.54170823097229,0.6822222471237183,0.8956281542778015,-0.9510117173194885,0.044781409204006195,-0.28530353307724,1,47,0,46,0.9439804553985596,2.2824600922950258,0.17005225706868363,75.0,0.30515364103888637,127.24,1,running
recovery_pair06_positive,6,positive,3,275,0.49836495518684387,0.48508310317993164,0.5203812122344971,0.677193820476532,1.0,1.0,1.0,1.0,1.0,1.0,0.8967301249504089,-0.9518609642982483,0.02839159592986107,0.7961076498031616,-0.6051550507545471,0.7068889141082764,0.879888653755188,-0.9463323354721069,0.04399443417787552,-0.28389972448349,1,47,0,46,1.6592265367507935,2.2850659464053535,0.17890535026381235,72.0,0.3109994809799988,131.56,1,running
recovery_pair06_positive,6,positive,3,276,0.5034371018409729,0.47406473755836487,0.5143580436706543,0.6392941474914551,1.0,1.0,1.0,1.0,1.0,1.0,0.8956281542778015,-0.9510117173194885,0.028935499489307404,0.7482613921165466,-0.6634039878845215,0.7308889031410217,0.8783904910087585,-0.945202112197876,0.04391952604055405,-0.2835606336593628,1,47,0,46,1.6524728536605835,2.288169302184457,0.1876033504513574,69.0,0.3173927211398779,135.78,1,running
recovery_pair06_positive,6,positive,3,277,0.5142096281051636,0.47213509678840637,0.5009340643882751,0.6077237725257874,0.9123517274856567,1.0,1.0,1.0,1.0,1.0,0.879888653755188,-0.9463323354721069,0.029530342668294907,0.697415292263031,-0.7166672348976135,0.7543333172798157,0.8796994686126709,-0.9450625777244568,0.0,0.6000000238418579,0,48,0,47,1.637412667274475,2.2895051359890504,0.19088098927832517,72.0,0.31998843481184935,133.21,1,running
recovery_pair06_positive,6,positive,3,278,0.49959802627563477,0.46783217787742615,0.5119218230247498,0.6488632559776306,1.0,1.0,1.0,1.0,1.0,1.0,0.8783904910087585,-0.945202112197876,0.029771849513053894,0.7288491129875183,-0.6846743226051331,0.7400555610656738,0.878338634967804,-0.9450316429138184,0.0,0.6000000238418579,0,48,0,47,0.9861743450164795,2.289249367671745,0.189810766722364,79.0,0.3193023031984941,126.06,1,running
recovery_pair06_positive,6,positive,3,279,0.4844112992286682,0.4836257994174957,0.54829341173172,0.7220597863197327,1.0,1.0,1.0,1.0,1.0,0.28176409006118774,0.8796994686126709,-0.9450625777244568,0.029708007350564003,0.8084010481834412,-0.5886321067810059,0.7003333568572998,0.8963964581489563,-0.9511311650276184,0.0,0.6000000238418579,0,48,0,47,0.8487098813056946,2.289124241273811,0.18870868021844,86.0,0.3187235827006673,118.89,1,running
recovery_pair06_positive,6,positive,3,280,0.472920686006546,0.4947330951690674,0.5841755867004395,0.8546409010887146,1.0,1.0,1.0,1.0,1.0,0.2424885332584381,0.878338634967804,-0.9450316429138184,0.029654160141944885,0.8755488395690918,-0.4831295907497406,0.6604999899864197,0.9024558663368225,-0.954383373260498,0.0,0.6000000238418579,0,48,0,47,0.8197137117385864,2.2891357314569225,0.18760198221566698,93.0,0.31826985388080026,111.71,1,running
recovery_pair06_positive,6,positive,3,281,0.47536328434944153,0.5198396444320679,0.6482816338539124,1.0,1.0,1.0,1.0,1.0,1.0,0.23420391976833344,0.8963964581489563,-0.9511311650276184,0.029611939564347267,0.9290680289268494,-0.3699089288711548,0.6206111311912537,0.9104965329170227,-0.9585396647453308,0.0,0.6000000238418579,0,48,0,47,0.8197137117385864,2.2892782418321014,0.18653618735593436,100.0,0.3179555101685347,104.52,1,running
recovery_pair06_positive,6,positive,3,282,0.4827292859554291,0.5478862524032593,0.7363900542259216,1.0,1.0,1.0,1.0,1.0,0.2736121118068695,0.24165785312652588,0.9024558663368225,-0.954383373260498,0.02958269789814949,0.9680601954460144,-0.2507179379463196,0.5806666612625122,0.8938449025154114,-0.9523341059684753,0.0,0.6000000238418579,0,48,0,47,0.8458024859428406,2.289522968242651,0.1856011814230821,106.0,0.3177915343157544,98.35,1,running
recovery_pair06_positive,6,positive,3,283,0.49614816904067993,0.5886744856834412,0.8631293177604675,1.0,1.0,1.0,1.0,1.0,0.2419091761112213,0.2637266516685486,0.9104965329170227,-0.9585396647453308,0.029567433521151543,0.9893994331359863,-0.14521966874599457,0.5463888645172119,0.8978625535964966,-0.954978346824646,0.0,0.6000000238418579,0,48,0,47,0.8163214921951294,2.289982281473389,0.18442857553057526,113.0,0.31772901051714675,91.12,1,running
recovery_pair06_positive,6,positive,3,284,0.5124050974845886,0.649859607219696,1.0,1.0,1.0,1.0,1.0,1.0,0.2332347184419632,1.0,0.8938449025154114,-0.9523341059684753,0.02956162765622139,0.9998089671134949,-0.019546443596482277,0.5062222480773926,0.8895323276519775,-0.9550633430480957,0.0,0.6000000238418579,0,48,0,47,0.8163214921951294,2.290669162479165,0.18305192599679793,119.0,0.3177969972844385,84.85,1,running
recovery_pair06_positive,6,positive,3,285,0.5371302962303162,0.732818603515625,1.0,1.0,1.0,1.0,1.0,0.27066099643707275,0.24407052993774414,1.0,0.8978625535964966,-0.954978346824646,0.029567953199148178,0.9959630966186523,0.08976346999406815,0.47138887643814087,0.8936997652053833,-0.952838659286499,0.0,0.6000000238418579,0,48,0,47,0.8542468547821045,2.291262492067472,0.18217696556864357,126.0,0.3179876562416098,77.66,1,running
recovery_pair06_positive,6,positive,3,286,0.5881665945053101,0.8498994708061218,1.0,1.0,1.0,1.0,1.0,0.24430784583091736,0.2729942500591278,1.0,0.8895323276519775,-0.9550633430480957,0.02958567999303341,0.9768965840339661,0.2137124389410019,0.4314444363117218,0.8990436792373657,-0.9556757807731628,0.0,0.6000000238418579,0,48,0,47,0.8398936986923218,2.291961348613886,0.1813701964942967,133.0,0.3183056695234365,70.47,1,running
recovery_pair06_positive,6,positive,3,287,0.6442121267318726,1.0,1.0,1.0,1.0,1.0,1.0,0.2399696260690689,1.0,1.0,0.8936997652053833,-0.952838659286499,0.029615281149744987,0.9424665570259094,0.33430036902427673,0.39149999618530273,0.9210756421089172,-0.9652657508850098,0.0,0.6000000238418579,0,48,0,47,0.8398936986923218,2.292759306737387,0.18064396378481398,140.0,0.3187498130928321,63.3,1,running
recovery_pair06_positive,6,positive,3,288,0.7311370968818665,1.0,1.0,1.0,1.0,1.0,0.27903279662132263,0.24782870709896088,1.0,1.0,0.8990436792373657,-0.9556757807731628,0.029656611382961273,0.8933714032173157,0.4493190050125122,0.351666659116745,0.9309592247009277,-0.9699886441230774,0.06979163736104965,0.6000000238418579,0,48,0,47,0.8615551590919495,2.2866014026802928,0.18510435881364964,146.0,0.3149259075810109,58.49,1,running
recovery_pair06_positive,6,positive,3,289,0.853302538394928,1.0,1.0,1.0,1.0,1.0,0.24615861475467682,0.2718296945095062,1.0,1.0,0.9210756421089172,-0.9652657508850098,0.029300812631845474,0.8525489568710327,0.5226473808288574,0.3249444365501404,0.9342755079269409,-0.9717445373535156,0.06915431469678879,0.6000000238418579,0,48,0,47,0.8372877240180969,2.2755399178957942,0.19159281779997803,153.0,0.30772744589339096,53.44,1,running
recovery_pair06_positive,6,positive,3,290,1.0,1.0,1.0,1.0,1.0,1.0,0.23922505974769592,1.0,1.0,1.0,0.9309592247009277,-0.9699886441230774,0.028631068766117096,0.8032335042953491,0.5956642627716064,0.29688888788223267,0.9369291067123413,-0.9756737351417542,0.06795457750558853,0.6000000238418579,0,48,0,47,0.8200308680534363,2.264067470533435,0.19658779975168372,160.0,0.29983215037390015,48.27,1,running
recovery_pair06_positive,6,positive,3,291,1.0,1.0,1.0,1.0,1.0,0.27936726808547974,0.23429453372955322,1.0,1.0,1.0,0.9342755079269409,-0.9717445373535156,0.027896488085389137,0.7462897896766663,0.6656212210655212,0.2681666612625122,0.9484935998916626,-0.9784760475158691,0.06663869321346283,0.6000000238418579,0,48,0,47,0.8200308680534363,2.252405470823876,0.200105179024446,167.0,0.29135478399971604,42.97,1,running
recovery_pair06_positive,6,positive,3,292,1.0,1.0,1.0,1.0,1.0,0.24648120999336243,0.25463664531707764,1.0,1.0,1.0,0.9369291067123413,-0.9756737351417542,0.02710774913430214,0.6816153526306152,0.73171067237854,0.23872222006320953,0.9466135501861572,-0.9777417778968811,0.06522579491138458,0.5999743938446045,0,48,0,47,0.7888492345809937,2.240548320495358,0.2021990826129472,174.0,0.2822346904777913,37.54,1,running
recovery_pair06_positive,6,positive,3,293,1.0,1.0,1.0,1.0,1.0,0.22538550198078156,1.0,1.0,1.0,1.0,0.9484935998916626,-0.9784760475158691,0.026259224861860275,0.6093151569366455,0.792928159236908,0.20855554938316345,0.9361129403114319,-0.9735921621322632,0.1105114221572876,-0.2920776605606079,1,49,0,48,0.7858408093452454,2.223765771900144,0.20362489744094478,175.0,0.26886251020389385,38.67,1,running
recovery_pair06_positive,6,positive,3,294,1.0,1.0,1.0,1.0,1.0,0.22452594339847565,1.0,1.0,1.0,1.0,0.9466135501861572,-0.9777417778968811,0.025015072897076607,0.6248339414596558,0.7807576656341553,0.2148333340883255,0.9367097020149231,-0.9738087058067322,0.10831256955862045,-0.2921426296234131,1,49,0,48,0.7858408093452454,2.2017583652026254,0.2063008983028123,171.0,0.25244255575590374,45.94,1,running
recovery_pair06_positive,6,positive,3,295,1.0,1.0,1.0,1.0,1.0,0.22782480716705322,0.25194069743156433,1.0,1.0,1.0,0.9361129403114319,-0.9735921621322632,0.02348734810948372,0.7186119556427002,0.6954112648963928,0.25522223114967346,0.9481260180473328,-0.9782367944717407,0.10614672303199768,-0.2934710383415222,1,49,0,48,0.7857584357261658,2.180325145331124,0.21013217832858858,168.0,0.23814964421472826,52.78,1,running
recovery_pair06_positive,6,positive,3,296,1.0,1.0,1.0,1.0,1.0,0.22450241446495056,0.22777600586414337,1.0,1.0,1.0,0.9367097020149231,-0.9738087058067322,0.022157521918416023,0.7963188290596008,0.6048771142959595,0.29322221875190735,0.9511744379997253,-0.9792966842651367,0.10391699522733688,-0.2937890291213989,1,49,0,48,0.7400982975959778,2.1598505521228697,0.21509633457128546,165.0,0.2265377651283856,60.12,1,running
recovery_pair06_positive,6,positive,3,297,1.0,1.0,1.0,1.0,1.0,0.22355139255523682,0.21145665645599365,1.0,1.0,1.0,0.9481260180473328,-0.9782367944717407,0.02107715979218483,0.8670706748962402,0.49818509817123413,0.33399999141693115,0.9541599750518799,-0.9803004264831543,0.1021309643983841,-0.2940901517868042,1,49,0,48,0.7030527591705322,2.1397497401821193,0.2213032820503742,161.0,0.2175508525478073,69.03,1,running
recovery_pair06_positive,6,positive,3,298,1.0,1.0,1.0,1.0,1.0,0.2465398758649826,0.20087221264839172,1.0,1.0,1.0,0.9511744379997253,-0.9792966842651367,0.020241010934114456,0.9337679147720337,0.35787907242774963,0.38350000977516174,0.957025408744812,-0.9812536835670471,0.10077641904354095,-0.29437610507011414,1,49,0,48,0.6787861585617065,2.1204165375549615,0.22856294606624114,158.0,0.2115939842883864,77.31,1,running
recovery_pair06_positive,6,positive,3,299,1.0,1.0,1.0,1.0,1.0,1.0,0.19393889605998993,1.0,1.0,1.0,0.9541599750518799,-0.9803004264831543,0.019686786457896233,0.9755728840827942,0.2196759432554245,0.429500013589859,0.9482799768447876,-0.9790065884590149,0.04741400107741356,-0.29370197653770447,1,49,0,48,0.6653438210487366,2.1074386851973266,0.23429294780002505,154.0,0.20938404981187408,85.13,1,running
recovery_pair06_positive,6,positive,3,300,1.0,1.0,1.0,1.0,1.0,1.0,0.19009824097156525,0.22860847413539886,1.0,1.0,0.957025408744812,-0.9812536835670471,0.019481174647808075,0.9963898658752441,0.08489522337913513,0.472944438457489,0.9520608186721802,-0.9781431555747986,0.04760304093360901,-0.293442964553833,1,49,0,48,0.6653438210487366,2.0985879720014564,0.238930673408676,151.0,0.20906140912578478,90.86,1,near_goal_safe_timeout
recovery_pair06_negative,6,negative,1,263,0.4878128170967102,0.5418763756752014,0.7109882235527039,1.0,1.0,1.0,1.0,1.0,0.237442284822464,1.0,0.780865490436554,-0.9119883179664612,0.038132037967443466,0.5114430785179138,0.8593171834945679,0.17088888585567474,0.7676064372062683,-0.9121341705322266,0.08497399836778641,0.4294906258583069,0,44,0,44,0.8310480117797852,2.2487263130393935,-0.3651446961092305,102.0,0.39789248959323276,26.69,1,running
recovery_pair06_negative,6,negative,1,264,0.5014184713363647,0.5698316693305969,0.7859013676643372,1.0,1.0,1.0,1.0,0.2597154378890991,0.2415846586227417,1.0,0.7688591480255127,-0.9123541116714478,0.03702006861567497,0.4491630792617798,0.8934497833251953,0.14827777445316315,0.7732540965080261,-0.9042366147041321,0.08298207819461823,0.3726626932621002,0,44,0,44,0.8441163897514343,2.2441786862427877,-0.3469945130350889,107.0,0.38096261475162124,22.86,1,running
recovery_pair06_negative,6,negative,1,265,0.5033844709396362,0.6083396077156067,0.8744996190071106,1.0,1.0,1.0,1.0,0.24117611348628998,0.2518489956855774,1.0,0.7676064372062683,-0.9121341705322266,0.03544490784406662,0.3884807527065277,0.9214568138122559,0.12700000405311584,0.7803834676742554,-0.9072971343994141,0.08016043901443481,0.3191858232021332,0,44,0,44,0.8328143358230591,2.239199124053233,-0.332125814226841,110.0,0.3664024852261734,20.76,1,running
recovery_pair06_negative,6,negative,1,266,0.5157092213630676,0.6385148167610168,0.9798411130905151,1.0,1.0,1.0,1.0,0.23794695734977722,0.2754572033882141,1.0,0.7732540965080261,-0.9042366147041321,0.03409022465348244,0.35445424914360046,0.9350733757019043,0.11533333361148834,0.7925049066543579,-0.9127823710441589,0.07773374766111374,0.28986427187919617,0,44,0,44,0.8092808723449707,2.234512252456224,-0.3203737717384718,113.0,0.35446450440917004,18.42,1,running
recovery_pair06_negative,6,negative,1,267,0.5327414870262146,0.672638475894928,1.0,1.0,1.0,1.0,1.0,0.23122310638427734,1.0,1.0,0.7803834676742554,-0.9072971343994141,0.032979510724544525,0.3159802258014679,0.948765754699707,0.10233332961797714,0.8339793682098389,-0.9298296570777893,0.07574408501386642,0.2571917176246643,0,44,0,44,0.7908668518066406,2.227292270340665,-0.3047820082674485,117.0,0.338031682654394,15.25,1,running
recovery_pair06_negative,6,negative,1,268,0.5479782223701477,0.7084600329399109,1.0,1.0,1.0,1.0,1.0,0.22596195340156555,1.0,1.0,0.7925049066543579,-0.9127823710441589,0.03145059570670128,0.2630312144756317,0.9647873044013977,0.08472222089767456,0.8352487087249756,-0.9302518963813782,0.11476771533489227,-0.27907559275627136,1,45,0,45,0.7908668518066406,2.2215643194841332,-0.2939317983088708,119.0,0.32616332682619137,13.79,1,running
recovery_pair06_negative,6,negative,1,269,0.561409056186676,0.7451915144920349,1.0,1.0,1.0,1.0,1.0,0.22610315680503845,1.0,1.0,0.8339793682098389,-0.9298296570777893,0.030346354469656944,0.23836396634578705,0.9711759090423584,0.07661110907793045,0.8396409153938293,-0.9320160150527954,0.1130092665553093,-0.27960482239723206,1,45,0,45,0.7680472731590271,2.209849826616053,-0.27187537658382277,116.0,0.30208688516944604,18.0,1,running
recovery_pair06_negative,6,negative,1,270,0.5510331392288208,0.7174993753433228,1.0,1.0,1.0,1.0,1.0,0.21944208443164825,1.0,1.0,0.8352487087249756,-0.9302518963813782,0.02810627408325672,0.30901700258255005,0.9510565400123596,0.10000000149011612,0.8413020372390747,-0.9326819777488708,0.10907958447933197,-0.27980461716651917,1,45,0,45,0.7680472731590271,2.200411719568406,-0.2514741259761436,113.0,0.28095230587102876,22.51,1,running
recovery_pair06_negative,6,negative,1,271,0.5407818555831909,0.6835956573486328,1.0,1.0,1.0,1.0,1.0,0.2218926101922989,0.24427859485149384,1.0,0.8396409153938293,-0.9320160150527954,0.02613990753889084,0.3828446865081787,0.923812747001648,0.12505555152893066,0.8063661456108093,-0.9183711409568787,0.10381035506725311,-0.27551135420799255,1,45,0,45,0.7766241431236267,2.193779278758389,-0.23485120950913982,110.0,0.2646695851076498,27.07,1,running
recovery_pair06_negative,6,negative,1,272,0.5306135416030884,0.6531076431274414,0.9985771775245667,1.0,1.0,1.0,1.0,0.22733010351657867,0.22743046283721924,1.0,0.8413020372390747,-0.9326819777488708,0.02462495118379593,0.45507872104644775,0.890451192855835,0.15038888156414032,0.8082284927368164,-0.9191955327987671,0.10118968784809113,-0.27575868368148804,1,45,0,45,0.7567918300628662,2.1861117487541613,-0.2120355305780194,107.0,0.2437856880762864,32.77,1,running
recovery_pair06_negative,6,negative,1,273,0.5252999067306519,0.6224915385246277,0.9119156002998352,1.0,1.0,1.0,1.0,0.24126991629600525,0.2162262350320816,1.0,0.8063661456108093,-0.9183711409568787,0.022681904956698418,0.541267991065979,0.8408501148223877,0.18205556273460388,0.8046632409095764,-0.9177186489105225,0.0975307747721672,-0.27531561255455017,1,45,0,45,0.731974184513092,2.1816436035144835,-0.19587622451733744,104.0,0.230131459360288,38.12,1,running
recovery_pair06_negative,6,negative,1,274,0.5107347369194031,0.6056914925575256,0.8496562838554382,1.0,1.0,1.0,1.0,1.0,0.2091354876756668,1.0,0.8082284927368164,-0.9191955327987671,0.021411506459116936,0.6173105239868164,0.786719560623169,0.21177777647972107,0.8042391538619995,-0.9263086915016174,0.09523386508226395,-0.2778926193714142,1,45,0,45,0.731974184513092,2.1767701794049,-0.17351718579786288,100.0,0.21306098941221008,46.06,1,running
recovery_pair06_negative,6,negative,1,275,0.5177423357963562,0.5852910876274109,0.7894065976142883,1.0,1.0,1.0,1.0,1.0,0.21226458251476288,0.2723430097103119,0.8046632409095764,-0.9177186489105225,0.01982327364385128,0.7200668454170227,0.69390469789505,0.2558888792991638,0.8335254192352295,-0.933089017868042,0.09385310113430023,-0.27992671728134155,1,45,0,45,0.7333243489265442,2.1742062148296077,-0.15748386350620988,98.0,0.20233160574755307,51.43,1,running
recovery_pair06_negative,6,negative,1,276,0.5127378106117249,0.5687502026557922,0.748812735080719,1.0,1.0,1.0,1.0,1.0,0.20952124893665314,0.22321344912052155,0.8042391538619995,-0.9263086915016174,0.01882501132786274,0.7818470001220703,0.6234703063964844,0.2857222259044647,0.8384284377098083,-0.9343858361244202,0.09231002628803253,-0.2803157567977905,1,45,0,45,0.7279422283172607,2.1719331969582703,-0.1355933927029587,94.0,0.1900658702729366,60.77,1,success
recovery_pair06_negative,6,negative,2,264,0.5001200437545776,0.5276144742965698,0.6346918344497681,0.9459327459335327,1.0,1.0,1.0,1.0,0.22217591106891632,1.0,0.7522773742675781,-0.9060302376747131,0.037648215889930725,0.5276972651481628,0.8494325280189514,0.17694444954395294,0.7538039684295654,-0.9068382382392883,0.12179752439260483,-0.27205148339271545,1,43,0,43,0.7776156663894653,2.2089680275636474,-0.3728479553460772,85.0,0.3807432624733623,38.29,1,running
recovery_pair06_negative,6,negative,2,265,0.49612703919410706,0.5189531445503235,0.6108561158180237,0.8731703162193298,1.0,1.0,1.0,1.0,0.22714214026927948,0.24947984516620636,0.7545713782310486,-0.9070720076560974,0.03542448580265045,0.6196420788764954,0.784884512424469,0.21272222697734833,0.7837617993354797,-0.9133651852607727,0.11931197345256805,-0.2740095555782318,1,43,0,43,0.7890525460243225,2.2110765058800292,-0.35261380372753287,83.0,0.3652129973350022,42.31,1,running
recovery_pair06_negative,6,negative,2,266,0.500752329826355,0.511696457862854,0.5861296653747559,0.8132143616676331,1.0,1.0,1.0,1.0,0.24119685590267181,0.22544358670711517,0.7538039684295654,-0.9068382382392883,0.03397955000400543,0.673141598701477,0.739513635635376,0.23505555093288422,0.7843153476715088,-0.9134176969528198,0.11675126850605011,-0.2740253210067749,1,43,0,43,0.7683303952217102,2.2154021226468132,-0.3251610469451559,79.0,0.34585399570122294,49.52,1,running
recovery_pair06_negative,6,negative,2,267,0.510035514831543,0.5031420588493347,0.573061466217041,0.7640343904495239,1.0,1.0,1.0,1.0,0.27758315205574036,0.21952296793460846,0.7837617993354797,-0.9133651852607727,0.032178379595279694,0.7606326341629028,0.6491825580596924,0.2751111090183258,0.7955436110496521,-0.9175629615783691,0.11408618092536926,-0.27526891231536865,1,43,0,43,0.7629373669624329,2.2204281992289494,-0.3025028030980233,76.0,0.33174821933402043,55.64,1,running
recovery_pair06_negative,6,negative,2,268,0.5117622017860413,0.4995339512825012,0.5485705733299255,0.7119989395141602,1.0,1.0,1.0,1.0,1.0,0.21798209846019745,0.7843153476715088,-0.9134176969528198,0.030865978449583054,0.8255077004432678,0.5643908381462097,0.3091111183166504,0.8329033255577087,-0.9320676326751709,0.11360320448875427,-0.27962028980255127,1,43,0,43,0.750340461730957,2.225627324160401,-0.2837779089103911,73.0,0.32162361572661413,61.55,1,running
recovery_pair06_negative,6,negative,2,269,0.5171055197715759,0.4983842968940735,0.5347939729690552,0.6784676909446716,1.0,1.0,1.0,1.0,1.0,0.21438299119472504,0.7955436110496521,-0.9175629615783691,0.02992398478090763,0.879233181476593,0.47639167308807373,0.34194445610046387,0.838921844959259,-0.9340128302574158,0.11221669614315033,-0.28020384907722473,1,43,0,43,0.750340461730957,2.2342121165871687,-0.25845931775039815,69.0,0.31052247626547025,69.96,1,running
recovery_pair06_negative,6,negative,2,270,0.5286213755607605,0.4911735951900482,0.5228005051612854,0.6409802436828613,0.9769627451896667,1.0,1.0,1.0,1.0,0.2286924421787262,0.8329033255577087,-0.9320676326751709,0.028891127556562424,0.9394536018371582,0.3426761031150818,0.38866665959358215,0.8493224382400513,-0.9373652935028076,0.11088652908802032,-0.2812095880508423,1,43,0,43,0.8004235625267029,2.2412850352837075,-0.24086389162422467,67.0,0.3048312490139107,75.33,1,running
recovery_pair06_negative,6,negative,2,271,0.5389783978462219,0.49208101630210876,0.5098584890365601,0.6105734705924988,0.8839300870895386,1.0,1.0,1.0,1.0,0.2521640956401825,0.838921844959259,-0.9340128302574158,0.028361614793539047,0.9674004912376404,0.25325146317481995,0.41850000619888306,0.8570353984832764,-0.9397927522659302,0.042851772159338,-0.281937837600708,1,43,0,43,0.8825743794441223,2.247838233730296,-0.226420678705883,64.0,0.3015871231769322,81.26,1,running
recovery_pair06_negative,6,negative,2,272,0.5496150255203247,0.4950083792209625,0.5061050653457642,0.5946294665336609,0.8279999494552612,1.0,1.0,1.0,1.0,1.0,0.8493224382400513,-0.9373652935028076,0.028059780597686768,0.9883880615234375,0.1519508808851242,0.45144444704055786,0.8466513752937317,-0.938160240650177,0.042332570999860764,-0.281448096036911,1,43,0,43,1.732434630393982,2.2520972184914276,-0.21837330431962795,60.0,0.30063757995390616,86.99,1,running
recovery_pair06_negative,6,negative,2,273,0.5635850429534912,0.4949813187122345,0.4995407462120056,0.5652164220809937,0.7703825831413269,1.0,1.0,1.0,1.0,1.0,0.8570353984832764,-0.9397927522659302,0.0279714222997427,0.9986203908920288,0.052510250359773636,0.4832777678966522,0.8540640473365784,-0.9401732087135315,0.04270320385694504,-0.2820519804954529,1,43,0,43,1.7187386751174927,2.2560242147953087,-0.2118067557242518,58.0,0.30045013476299354,90.44,1,running
recovery_pair06_negative,6,negative,2,274,0.5831940770149231,0.49833518266677856,0.49106818437576294,0.5461082458496094,0.7215596437454224,1.0,1.0,1.0,1.0,1.0,0.8466513752937317,-0.938160240650177,0.02795398235321045,0.9999704957008362,-0.007679373025894165,0.5024444460868835,0.8593606352806091,-0.9417480826377869,0.0,0.6000000238418579,0,44,0,44,1.7187386751174927,2.2600831407382476,-0.20549155067706468,59.0,0.3006976934858213,90.87,1,running
recovery_pair06_negative,6,negative,2,275,0.5722964406013489,0.4944782555103302,0.4949011206626892,0.5580917596817017,0.7459095120429993,1.0,1.0,1.0,1.0,1.0,0.8540640473365784,-0.9401732087135315,0.027977028861641884,0.9998847246170044,-0.015183781273663044,0.5048333406448364,0.8589240908622742,-0.9415603876113892,0.0,0.6000000238418579,0,44,0,44,1.7100154161453247,2.25976858471102,-0.2061366695037669,65.0,0.30075025355683604,84.74,1,running
recovery_pair06_negative,6,negative,2,276,0.536483108997345,0.48857584595680237,0.5013138055801392,0.5959259867668152,0.8501579165458679,1.0,1.0,1.0,1.0,1.0,0.8593606352806091,-0.9417480826377869,0.02798190526664257,0.9957889318466187,0.09167541563510895,0.4707777798175812,0.8480603098869324,-0.9382733106613159,0.0,0.6000000238418579,0,44,0,44,0.8275860548019409,2.259313753168551,-0.20735453812619958,72.0,0.3009738660837857,77.49,1,running
recovery_pair06_negative,6,negative,2,277,0.5065721869468689,0.49620041251182556,0.5270607471466064,0.6568112969398499,1.0,1.0,1.0,1.0,1.0,0.23645316064357758,0.8589240908622742,-0.9415603876113892,0.028002724051475525,0.9762582182884216,0.21660999953746796,0.43050000071525574,0.8581212162971497,-0.9401243329048157,0.0,0.6000000238418579,0,44,0,44,0.7843190431594849,2.2590740305379717,-0.2084077366588212,79.0,0.30130370522353933,70.3,1,running
recovery_pair06_negative,6,negative,2,278,0.49855414032936096,0.4933261275291443,0.5525098443031311,0.7337313890457153,1.0,1.0,1.0,1.0,1.0,0.22409115731716156,0.8480603098869324,-0.9382733106613159,0.02803340181708336,0.9414705634117126,0.3370952606201172,0.39055556058883667,0.8556239008903503,-0.9397091865539551,0.042781196534633636,-0.28191277384757996,1,45,0,45,0.7843190431594849,2.2595163764865474,-0.20565475618862716,80.0,0.3002896933963381,69.79,1,running
recovery_pair06_negative,6,negative,2,279,0.4897522032260895,0.4931667447090149,0.5562836527824402,0.749343991279602,1.0,1.0,1.0,1.0,1.0,0.22451944649219513,0.8581212162971497,-0.9401243329048157,0.027939071878790855,0.9384327530860901,0.34546199440956116,0.3877222239971161,0.8556106686592102,-0.9396766424179077,0.10949548333883286,-0.2819029986858368,1,45,0,45,0.7858180403709412,2.2634082320710127,-0.18648878108890216,77.0,0.29459326643112144,76.4,1,running
recovery_pair06_negative,6,negative,2,280,0.49818333983421326,0.4897109866142273,0.5435801148414612,0.7118856310844421,1.0,1.0,1.0,1.0,1.0,0.22819089889526367,0.8556239008903503,-0.9397091865539551,0.027409059926867485,0.9719610214233398,0.23514211177825928,0.42444443702697754,0.8605981469154358,-0.9411518573760986,0.04302990809082985,-0.28234556317329407,1,45,0,45,0.7986681461334229,2.267135062837529,-0.17222183452893713,72.0,0.29189375515489063,84.23,1,running
recovery_pair06_negative,6,negative,2,281,0.5146464109420776,0.48164108395576477,0.5180304646492004,0.6446948051452637,1.0,1.0,1.0,1.0,1.0,0.24953247606754303,0.8556106686592102,-0.9396766424179077,0.02715791016817093,0.9949334859848022,0.10053536295890808,0.4679444432258606,0.8635486960411072,-0.9417094588279724,0.04317743703722954,-0.2825128436088562,1,45,0,45,0.8733636736869812,2.2716781104347454,-0.15990934208680113,67.0,0.29138352638302556,91.81,1,running
recovery_pair06_negative,6,negative,2,282,0.5230740308761597,0.4827621579170227,0.5075492262840271,0.6107664704322815,0.886353075504303,1.0,1.0,1.0,1.0,1.0,0.8605981469154358,-0.9411518573760986,0.02711043879389763,0.9995010495185852,-0.0315852053463459,0.5100555419921875,0.8541868329048157,-0.9399146437644958,0.0427093431353569,-0.2819744050502777,1,45,0,45,1.6896675825119019,2.2753908191677144,-0.15171132442208757,64.0,0.2920198722956961,96.57,1,running
recovery_pair06_negative,6,negative,2,283,0.5398133993148804,0.4852595329284668,0.4991932213306427,0.5784236192703247,0.8216134309768677,1.0,1.0,1.0,1.0,1.0,0.8635486960411072,-0.9417094588279724,0.027169641107320786,0.9934328198432922,-0.11441700905561447,0.5364999771118164,0.8599080443382263,-0.9413924813270569,0.042995404452085495,-0.28241774439811707,1,45,0,45,1.6984083652496338,2.2795817146666546,-0.1436758043867386,61.0,0.29343640276568567,101.32,1,running
recovery_pair06_negative,6,negative,2,284,0.5503068566322327,0.4891780912876129,0.49109983444213867,0.5550435781478882,0.7626366019248962,1.0,1.0,1.0,1.0,1.0,0.8541868329048157,-0.9399146437644958,0.027274686843156815,0.9814937114715576,-0.19149425625801086,0.5613333582878113,0.8645803928375244,-0.9425473213195801,0.0,0.6000000238418579,0,46,0,46,1.6904199123382568,2.281548213349236,-0.1402659564906394,64.0,0.2942997946226639,99.07,1,running
recovery_pair06_negative,6,negative,2,285,0.5329123139381409,0.48297712206840515,0.49531349539756775,0.5773459076881409,0.8094067573547363,1.0,1.0,1.0,1.0,1.0,0.8599080443382263,-0.9413924813270569,0.027381764724850655,0.9874964952468872,-0.15764103829860687,0.5503888726234436,0.861270010471344,-0.9415562152862549,0.0,0.6000000238418579,0,46,0,46,0.9553422331809998,2.281213100283571,-0.1410979411096706,70.0,0.2942228068605281,92.9,1,running
recovery_pair06_negative,6,negative,2,286,0.5069251656532288,0.4731849133968353,0.5122939348220825,0.6319316029548645,0.9699025750160217,1.0,1.0,1.0,1.0,0.27295491099357605,0.8645803928375244,-0.9425473213195801,0.027374591678380966,0.998719334602356,-0.05059294030070305,0.5161111354827881,0.8702893853187561,-0.9434841871261597,0.0,0.6000000238418579,0,46,0,46,0.8417106866836548,2.28088683706719,-0.142328762647661,78.0,0.2942756726828255,84.65,1,running
recovery_pair06_negative,6,negative,2,287,0.48687058687210083,0.4859292805194855,0.5389654636383057,0.7065688371658325,1.0,1.0,1.0,1.0,1.0,0.24048876762390137,0.861270010471344,-0.9415562152862549,0.02737952210009098,0.9956437349319458,0.09323948621749878,0.4702777862548828,0.8675564527511597,-0.9431574940681458,0.0,0.6000000238418579,0,46,0,46,0.8075987100601196,2.280746811930029,-0.14340853085095862,85.0,0.2944659614628496,77.44,1,running
recovery_pair06_negative,6,negative,2,288,0.4780496060848236,0.4941387176513672,0.5827397704124451,0.8251203894615173,1.0,1.0,1.0,1.0,1.0,0.23074248433113098,0.8702893853187561,-0.9434841871261597,0.027397211641073227,0.9760687947273254,0.21746186912059784,0.43022221326828003,0.87064129114151,-0.9449992775917053,0.0,0.6000000238418579,0,46,0,46,0.8075987100601196,2.2807310108417944,-0.14449663878906838,91.0,0.29478099639101873,71.24,1,running
recovery_pair06_negative,6,negative,2,289,0.4767743945121765,0.5167900919914246,0.635343074798584,0.9882577657699585,1.0,1.0,1.0,1.0,0.2638493776321411,0.23741550743579865,0.8675564527511597,-0.9431574940681458,0.02742108702659607,0.9525021314620972,0.30453184247016907,0.40149998664855957,0.8540831804275513,-0.9387798309326172,0.0,0.6000000238418579,0,46,0,46,0.8309542536735535,2.280846644878485,-0.14550494240371056,98.0,0.29520014737758576,64.06,1,running
recovery_pair06_negative,6,negative,2,290,0.4809581935405731,0.5353835821151733,0.7100904583930969,1.0,1.0,1.0,1.0,1.0,0.2382030189037323,0.25769808888435364,0.87064129114151,-0.9449992775917053,0.02746552601456642,0.8992525935173035,0.4374296963214874,0.35588890314102173,0.849675178527832,-0.937951385974884,0.06586669385433197,0.6000000238418579,0,46,0,46,0.8253948092460632,2.280301327097636,-0.14300284902435234,104.0,0.2939189550694399,58.49,1,running
recovery_pair06_negative,6,negative,2,291,0.492940753698349,0.5793847441673279,0.8277707695960999,1.0,1.0,1.0,1.0,1.0,0.23582708835601807,1.0,0.8540831804275513,-0.9387798309326172,0.027346327900886536,0.8525489568710327,0.5226473808288574,0.3249444365501404,0.8345904350280762,-0.936525821685791,0.06565316021442413,0.6000000238418579,0,46,0,46,0.8253948092460632,2.2760256759411126,-0.12988803336697402,112.0,0.2861158077945706,52.74,1,running
recovery_pair06_negative,6,negative,2,292,0.5104609131813049,0.6431103348731995,1.0,1.0,1.0,1.0,1.0,0.28163403272628784,0.23677730560302734,1.0,0.849675178527832,-0.937951385974884,0.026620330289006233,0.7958963513374329,0.60543292760849,0.2930000126361847,0.8470631837844849,-0.9354614019393921,0.06435263156890869,0.6000000238418579,0,46,0,46,0.8287205696105957,2.27182816340668,-0.12081612742640822,118.0,0.2797828847935401,48.3,1,running
recovery_pair06_negative,6,negative,2,293,0.5384591817855835,0.7279652953147888,1.0,1.0,1.0,1.0,1.0,0.23987816274166107,0.2517790198326111,1.0,0.8345904350280762,-0.936525821685791,0.02603110298514366,0.7466381788253784,0.6652303338050842,0.2683333456516266,0.8515687584877014,-0.9373714327812195,0.06329714506864548,0.6000000238418579,0,46,0,46,0.8166170716285706,2.264806737589595,-0.10931783272461933,126.0,0.27040600375368234,42.32,1,running
recovery_pair06_negative,6,negative,2,294,0.5864537358283997,0.8486104011535645,1.0,1.0,1.0,1.0,1.0,0.23331916332244873,1.0,1.0,0.8470631837844849,-0.9354614019393921,0.025278545916080475,0.6827638745307922,0.7306391000747681,0.2392222285270691,0.884937584400177,-0.9511451125144958,0.061734333634376526,0.5908986926078796,0,46,0,46,0.8166170716285706,2.2585241119710338,-0.10161798827656617,133.0,0.26276943722784135,36.69,1,running
recovery_pair06_negative,6,negative,2,295,0.650383472442627,1.0,1.0,1.0,1.0,1.0,0.2740021347999573,0.23780760169029236,1.0,1.0,0.8515687584877014,-0.9373714327812195,0.024448169395327568,0.5974851846694946,0.8018799424171448,0.20383332669734955,0.9073823094367981,-0.9609584212303162,0.06046157330274582,0.5122890472412109,0,46,0,46,0.8322732448577881,2.252722325789841,-0.09608854919948363,139.0,0.2561092824119042,31.67,1,running
recovery_pair06_negative,6,negative,2,296,0.7464341521263123,1.0,1.0,1.0,1.0,1.0,0.23779235780239105,0.24914848804473877,1.0,1.0,0.884937584400177,-0.9511451125144958,0.023828497156500816,0.5250260829925537,0.8510861396789551,0.17594444751739502,0.9105141758918762,-0.9624577760696411,0.05935154855251312,0.4421966075897217,0,46,0,46,0.8024775385856628,2.242782854113558,-0.08848335168464214,146.0,0.2451393552359411,26.05,1,running
recovery_pair06_negative,6,negative,2,297,0.8516746163368225,1.0,1.0,1.0,1.0,1.0,0.2292792946100235,1.0,1.0,1.0,0.9073823094367981,-0.9609584212303162,0.022807853296399117,0.43915534019470215,0.8984111547470093,0.14472222328186035,0.912139892578125,-0.9670424461364746,0.057523224502801895,0.3637266159057617,0,46,0,46,0.7861448526382446,2.2336029539327273,-0.08271211976089761,150.0,0.23529141147849872,23.13,1,running
recovery_pair06_negative,6,negative,2,298,0.9671341776847839,1.0,1.0,1.0,1.0,1.0,0.22461281716823578,1.0,1.0,1.0,0.9105141758918762,-0.9624577760696411,0.021891603246331215,0.3928186893463135,0.9196159243583679,0.12849999964237213,0.9168287515640259,-0.9688370227813721,0.10172334313392639,-0.2906511127948761,1,47,0,47,0.7729253172874451,2.2206367379709615,-0.07561386721719303,151.0,0.2216375692265193,23.55,1,running
recovery_pair06_negative,6,negative,2,299,1.0,1.0,1.0,1.0,1.0,1.0,0.22083580493927002,1.0,1.0,1.0,0.912139892578125,-0.9670424461364746,0.020910099148750305,0.3941023349761963,0.9190665483474731,0.12894444167613983,0.9188565611839294,-0.9695814251899719,0.09954908490180969,-0.2908744513988495,1,47,0,47,0.7653194069862366,2.2033179266910525,-0.0653131024097965,147.0,0.20360130217865377,29.98,1,running
recovery_pair06_negative,6,negative,2,300,0.9120401740074158,1.0,1.0,1.0,1.0,1.0,0.21866269409656525,1.0,1.0,1.0,0.9168287515640259,-0.9688370227813721,0.01894313469529152,0.49969765543937683,0.8661999106407166,0.16655555367469788,0.9186505079269409,-0.9693978428840637,0.09653274714946747,-0.290819376707077,1,47,0,47,0.7653194069862366,2.1895619029846847,-0.055988176627824016,144.0,0.1895671719202713,35.57,1,success
recovery_pair06_negative,6,negative,3,258,0.5226545929908752,0.6281906962394714,0.9350524544715881,1.0,1.0,1.0,1.0,0.22429683804512024,1.0,1.0,0.7584018111228943,-0.8972800970077515,0.03838975355029106,0.18120576441287994,0.9834452271461487,0.057999998331069946,0.8113080263137817,-0.9196679592132568,0.12600106000900269,-0.27590039372444153,1,47,0,47,0.785038948059082,2.1898501442070257,-0.3969248461722568,107.0,0.39146727177863666,12.01,1,running
recovery_pair06_negative,6,negative,3,259,0.5228196382522583,0.6231060028076172,0.9193425178527832,1.0,1.0,1.0,1.0,0.22841964662075043,0.2652839422225952,1.0,0.765020489692688,-0.900121808052063,0.036422256380319595,0.2080824077129364,0.9781113266944885,0.06672222167253494,0.7691783308982849,-0.901948869228363,0.12037013471126556,-0.27058467268943787,1,47,0,47,0.7949236035346985,2.183169769798549,-0.37302546819024046,104.0,0.36737172808555385,15.91,1,running
recovery_pair06_negative,6,negative,3,260,0.5190681219100952,0.6056403517723083,0.8541873693466187,1.0,1.0,1.0,1.0,0.2271210253238678,0.23406194150447845,1.0,0.8113080263137817,-0.9196679592132568,0.034180402755737305,0.2741270661354065,0.9616934657096863,0.08838889002799988,0.7667173743247986,-0.9005492329597473,0.11623115837574005,-0.2701647877693176,1,47,0,47,0.783504068851471,2.1779806654879557,-0.3496053459946066,101.0,0.3445578830319919,20.1,1,running
recovery_pair06_negative,6,negative,3,261,0.5072051882743835,0.589461624622345,0.7982872724533081,1.0,1.0,1.0,1.0,0.2417709082365036,0.2238583117723465,1.0,0.7691783308982849,-0.901948869228363,0.03205779194831848,0.3436596989631653,0.9390942454338074,0.11166666448116302,0.7619986534118652,-0.8988664746284485,0.11219291388988495,-0.26965996623039246,1,47,0,47,0.7438066005706787,2.174204094608567,-0.32700426848734443,98.0,0.32336492807600203,24.6,1,running
recovery_pair06_negative,6,negative,3,262,0.511903703212738,0.5734731554985046,0.7502251267433167,1.0,1.0,1.0,1.0,1.0,0.2125161737203598,1.0,0.7667173743247986,-0.9005492329597473,0.030085990205407143,0.4162808060646057,0.9092361330986023,0.1366666704416275,0.7639131546020508,-0.9107943773269653,0.10875648260116577,-0.27323833107948303,1,47,0,47,0.720574140548706,2.171720985448156,-0.3048796196982585,95.0,0.30354669304436205,29.45,1,running
recovery_pair06_negative,6,negative,3,263,0.5050814151763916,0.5577501654624939,0.7085733413696289,1.0,1.0,1.0,1.0,1.0,0.2058783322572708,1.0,0.7619986534118652,-0.8988664746284485,0.028242092579603195,0.4916638433933258,0.8707850575447083,0.16361111402511597,0.7653992772102356,-0.9112931489944458,0.10552774369716644,-0.27338796854019165,1,47,0,47,0.720574140548706,2.1704906622498346,-0.2831950293287361,92.0,0.28519163878848225,34.71,1,running
recovery_pair06_negative,6,negative,3,264,0.5093463659286499,0.5497443079948425,0.676788866519928,1.0,1.0,1.0,1.0,1.0,0.20834986865520477,0.23407110571861267,0.7639131546020508,-0.9107943773269653,0.026534339413046837,0.5694230198860168,0.8220446705818176,0.1928333342075348,0.8008917570114136,-0.9198917746543884,0.1042431890964508,-0.275967538356781,1,47,0,47,0.7292245626449585,2.1704752950096524,-0.26175933741049523,88.0,0.2683044070072272,41.45,1,running
recovery_pair06_negative,6,negative,3,265,0.5112568140029907,0.5398217439651489,0.6456480622291565,0.9676841497421265,1.0,1.0,1.0,1.0,0.21576039493083954,0.2152247279882431,0.7653992772102356,-0.9112931489944458,0.0249631367623806,0.6619662046432495,0.7495336532592773,0.23027777671813965,0.8073889017105103,-0.9223023056983948,0.10175351798534393,-0.27669069170951843,1,47,0,47,0.7090307474136353,2.171580980368034,-0.2409994547264384,85.0,0.253365706394329,47.63,1,running
recovery_pair06_negative,6,negative,3,266,0.5120701789855957,0.5212719440460205,0.6223441958427429,0.883945882320404,1.0,1.0,1.0,1.0,0.2334919422864914,0.20258021354675293,0.8008917570114136,-0.9198917746543884,0.023573240265250206,0.738808274269104,0.6739156246185303,0.2646111249923706,0.8088670969009399,-0.9225906133651733,0.099337637424469,-0.2767772078514099,1,47,0,47,0.7090307474136353,2.1737634319507264,-0.22066512815687328,82.0,0.2403741338812206,54.29,1,running
recovery_pair06_negative,6,negative,3,267,0.5134099721908569,0.5153865218162537,0.6056241989135742,0.823550820350647,1.0,1.0,1.0,1.0,1.0,0.2055060863494873,0.8073889017105103,-0.9223023056983948,0.022364502772688866,0.8119816780090332,0.5836829543113708,0.30161112546920776,0.8467597365379333,-0.9373438358306885,0.09906700998544693,-0.28120315074920654,1,47,0,47,0.6958246827125549,2.177048311052279,-0.20053609360782904,79.0,0.22945762333960293,61.5,1,running
recovery_pair06_negative,6,negative,3,268,0.5197611451148987,0.5147948265075684,0.5801588296890259,0.7715091705322266,1.0,1.0,1.0,1.0,1.0,0.19880704581737518,0.8088670969009399,-0.9225906133651733,0.02134881354868412,0.8788171410560608,0.4771587550640106,0.34166666865348816,0.8518006801605225,-0.9389100074768066,0.09749963879585266,-0.28167301416397095,1,47,0,47,0.6958246827125549,2.1814025626356655,-0.18106495426031446,76.0,0.22114847151982447,69.11,1,running
recovery_pair06_negative,6,negative,3,269,0.525830090045929,0.5090048909187317,0.5627478361129761,0.7231120467185974,1.0,1.0,1.0,1.0,1.0,0.20419827103614807,0.8467597365379333,-0.9373438358306885,0.02057572454214096,0.9342667460441589,0.3565749526023865,0.38394445180892944,0.8582154512405396,-0.9408275485038757,0.09643551707267761,-0.28224828839302063,1,47,0,47,0.7146939635276794,2.1868157553713736,-0.16210295985903672,72.0,0.2155514545935684,78.08,1,running
recovery_pair06_negative,6,negative,3,270,0.5394380688667297,0.505383312702179,0.5478435158729553,0.6839106678962708,1.0,1.0,1.0,1.0,1.0,0.21738718450069427,0.8518006801605225,-0.9389100074768066,0.020054984837770462,0.9784369468688965,0.20654574036598206,0.433777779340744,0.8660721778869629,-0.9432914853096008,0.043303608894348145,-0.28298744559288025,1,47,0,47,0.7608551383018494,2.1911625267125747,-0.14913061266257982,70.0,0.21326957479516476,83.68,1,running
recovery_pair06_negative,6,negative,3,271,0.5399200916290283,0.5048184990882874,0.5346451997756958,0.6518729329109192,0.9954485297203064,1.0,1.0,1.0,1.0,0.23715543746948242,0.8582154512405396,-0.9408275485038757,0.019842684268951416,0.9939225912094116,0.1100812628865242,0.46488890051841736,0.8689939379692078,-0.9439842700958252,0.04344969615340233,-0.28319528698921204,1,47,0,47,0.8300440311431885,2.1945247179155065,-0.1406425192630174,67.0,0.21271463641741273,89.13,1,running
recovery_pair06_negative,6,negative,3,272,0.5561831593513489,0.5044001340866089,0.5284916162490845,0.6294602155685425,0.9098809361457825,1.0,1.0,1.0,1.0,1.0,0.8660721778869629,-0.9432914853096008,0.019791051745414734,0.9998847246170044,0.015183781273663044,0.4951666593551636,0.8587836027145386,-0.9422365427017212,0.04293918237090111,-0.2826709747314453,1,47,0,47,1.7654005289077759,2.1983465102135016,-0.1323848027907982,63.0,0.21306274468289413,95.58,1,running
recovery_pair06_negative,6,negative,3,273,0.56775963306427,0.5142307281494141,0.5189428925514221,0.6053671836853027,0.8383897542953491,1.0,1.0,1.0,1.0,1.0,0.8689939379692078,-0.9439842700958252,0.01982344500720501,0.9952614307403564,-0.09723549336194992,0.531000018119812,0.8668320178985596,-0.9444339871406555,0.04334160313010216,-0.28333020210266113,1,47,0,47,1.7678204774856567,2.2026819561525963,-0.12427062215808903,60.0,0.2143303096944602,101.02,1,running
recovery_pair06_negative,6,negative,3,274,0.5817983746528625,0.5164931416511536,0.5050915479660034,0.5846433043479919,0.7845059037208557,1.0,1.0,1.0,1.0,1.0,0.8587836027145386,-0.9422365427017212,0.01994137652218342,0.9815605282783508,-0.19115163385868073,0.5612221956253052,0.8720465302467346,-0.945737361907959,0.0,0.6000000238418579,0,48,0,48,1.7643167972564697,2.205260708823883,-0.11987096876489033,63.0,0.21539625577832935,99.35,1,running
recovery_pair06_negative,6,negative,3,275,0.5623350739479065,0.5040904879570007,0.5195890665054321,0.603408694267273,0.846021831035614,1.0,1.0,1.0,1.0,1.0,0.8668320178985596,-0.9444339871406555,0.020040549337863922,0.9867143034934998,-0.1624649465084076,0.5519444346427917,0.8685104846954346,-0.9446655511856079,0.0,0.6000000238418579,0,48,0,48,0.8545528650283813,2.204888735537801,-0.12078796796804636,70.0,0.21532202931031447,92.09,1,running
recovery_pair06_negative,6,negative,3,276,0.5328454375267029,0.500482439994812,0.5311602354049683,0.6519168019294739,1.0,1.0,1.0,1.0,1.0,0.24415795505046844,0.8720465302467346,-0.945737361907959,0.02003364823758602,0.9993347525596619,-0.036469291895627975,0.5116111040115356,0.8760327696800232,-0.945967435836792,0.0,0.6000000238418579,0,48,0,48,0.739198625087738,2.204625304381183,-0.12175790655076842,77.0,0.21537196596625185,84.82,1,running
recovery_pair06_negative,6,negative,3,277,0.5132602453231812,0.5060120820999146,0.5583834052085876,0.7404630780220032,1.0,1.0,1.0,1.0,1.0,0.21119961142539978,0.8685104846954346,-0.9446655511856079,0.020038291811943054,0.995915949344635,0.09028494358062744,0.4712222218513489,0.875625491142273,-0.9463483691215515,0.04378127679228783,-0.2839045226573944,1,49,0,49,0.739198625087738,2.2055178136607982,-0.1174407315384465,78.0,0.21491788172995324,84.99,1,running
recovery_pair06_negative,6,negative,3,278,0.5197570323944092,0.5087986588478088,0.5642987489700317,0.7426595687866211,1.0,1.0,1.0,1.0,1.0,0.22186784446239471,0.8760327696800232,-0.945967435836792,0.01999603398144245,0.996179461479187,0.08732961118221283,0.47216665744781494,0.8769645094871521,-0.9469442963600159,0.043848227709531784,-0.2840833067893982,1,49,0,49,0.7765374779701233,2.207783712885877,-0.10833960966226117,74.0,0.21462694397144969,91.49,1,running
recovery_pair06_negative,6,negative,3,279,0.5176838636398315,0.5040919184684753,0.54411780834198,0.6961173415184021,1.0,1.0,1.0,1.0,1.0,0.22773101925849915,0.875625491142273,-0.9463483691215515,0.019968969747424126,0.9996618628501892,-0.02600247412919998,0.5082777738571167,0.8782863020896912,-0.9468420743942261,0.0439143143594265,-0.28405264019966125,1,49,0,49,0.7970585823059082,2.2105782153641593,-0.0993430236882165,71.0,0.21528441139273913,97.0,1,running
recovery_pair06_negative,6,negative,3,280,0.5247094035148621,0.5017625093460083,0.5360643267631531,0.6613723635673523,1.0,1.0,1.0,1.0,1.0,0.2721387445926666,0.8769645094871521,-0.9469442963600159,0.02003013901412487,0.9925461411476135,-0.12186934053897858,0.5388888716697693,0.8800181746482849,-0.9471884965896606,0.044000908732414246,-0.28415656089782715,1,49,0,49,0.9524856209754944,2.213884209167113,-0.09052358815863518,68.0,0.21688423091368797,102.46,1,running
recovery_pair06_negative,6,negative,3,281,0.533992350101471,0.4991726875305176,0.5229076743125916,0.6345081329345703,0.9276790022850037,1.0,1.0,1.0,1.0,1.0,0.8782863020896912,-0.9468420743942261,0.020178979262709618,0.9764468669891357,-0.21575798094272614,0.5692222118377686,0.8681129813194275,-0.9442836046218872,0.043405648320913315,-0.28328508138656616,1,49,0,49,1.7467128038406372,2.217510479138291,-0.0822706234875051,65.0,0.21926665648957722,107.74,1,running
recovery_pair06_negative,6,negative,3,282,0.5567951202392578,0.49906080961227417,0.5136589407920837,0.5991858839988708,0.8516325950622559,1.0,1.0,1.0,1.0,1.0,0.8800181746482849,-0.9471884965896606,0.020400648936629295,0.9524490237236023,-0.30469807982444763,0.5985555648803711,0.8734562397003174,-0.9456093311309814,0.04367281123995781,-0.28368282318115234,1,49,0,49,1.7467128038406372,2.221454504095782,-0.07454608393995327,61.0,0.2223532081792008,113.85,1,running
recovery_pair06_negative,6,negative,3,283,0.5700178742408752,0.5025922060012817,0.5074138641357422,0.5789422392845154,0.7892260551452637,1.0,1.0,1.0,1.0,1.0,0.8681129813194275,-0.9442836046218872,0.020687835291028023,0.9146071672439575,-0.4043436050415039,0.6324999928474426,0.8785916566848755,-0.9468618035316467,0.0,0.6000000238418579,0,50,0,50,1.752336025238037,2.2235156042824125,-0.07093607972040575,62.0,0.2241136241315591,113.81,1,running
recovery_pair06_negative,6,negative,3,284,0.5627797245979309,0.5006674528121948,0.5125590562820435,0.5864540338516235,0.8187689781188965,1.0,1.0,1.0,1.0,1.0,0.8734562397003174,-0.9456093311309814,0.020851604640483856,0.9148892164230347,-0.403704971075058,0.63227778673172,0.8779096007347107,-0.9466592669487,0.0,0.6000000238418579,0,50,0,50,1.7485167980194092,2.223056904620352,-0.07200146060159532,69.0,0.22373661047732413,106.53,1,running
recovery_pair06_negative,6,negative,3,285,0.5328438878059387,0.49957624077796936,0.5226364731788635,0.6434081792831421,0.974604070186615,1.0,1.0,1.0,1.0,1.0,0.8785916566848755,-0.9468618035316467,0.02081652544438839,0.9586709141731262,-0.2845173478126526,0.5918333530426025,0.8704546093940735,-0.9448890089988708,0.0,0.6000000238418579,0,50,0,50,0.8233888149261475,2.222840033828909,-0.07270959033258804,75.0,0.22357672274453352,100.35,1,running
recovery_pair06_negative,6,negative,3,286,0.5126015543937683,0.49834755063056946,0.5537851452827454,0.7126833200454712,1.0,1.0,1.0,1.0,1.0,0.2352539449930191,0.8779096007347107,-0.9466592669487,0.020801663398742676,0.9837286472320557,-0.17966075241565704,0.5575000047683716,0.886076033115387,-0.9492033123970032,0.0,0.6000000238418579,0,50,0,50,0.7659566402435303,2.2227446768012946,-0.0733735866627448,82.0,0.2235365407860997,93.18,1,running
recovery_pair06_negative,6,negative,3,287,0.5008820295333862,0.5028681755065918,0.5874665379524231,0.8129152059555054,1.0,1.0,1.0,1.0,1.0,0.21884475648403168,0.8704546093940735,-0.9448890089988708,0.02079792320728302,0.9984601736068726,-0.05547298118472099,0.5176666378974915,0.8876216411590576,-0.9504995346069336,0.04438108205795288,-0.28514987230300903,1,51,0,51,0.7431512475013733,2.222861457920034,-0.07214803373164164,85.0,0.22355323222130932,90.49,1,running
recovery_pair06_negative,6,negative,3,288,0.49688345193862915,0.5170633792877197,0.6019639372825623,0.8535780906677246,1.0,1.0,1.0,1.0,1.0,0.2123289257287979,0.886076033115387,-0.9492033123970032,0.020799480378627777,0.9999634027481079,-0.008552009239792824,0.5027222037315369,0.8893849849700928,-0.9514169096946716,0.04446924850344658,-0.2854250967502594,1,51,0,51,0.7431512475013733,2.2233349000858906,-0.06714445879683273,84.0,0.223688340510064,92.78,1,running
recovery_pair06_negative,6,negative,3,289,0.5023868680000305,0.5096120834350586,0.5928694605827332,0.8436578512191772,1.0,1.0,1.0,1.0,1.0,0.21426883339881897,0.8876216411590576,-0.9504995346069336,0.020812034606933594,0.9988231062889099,-0.04850111901760101,0.5154444575309753,0.8902367949485779,-0.9515631794929504,0.044511839747428894,-0.2854689657688141,1,51,0,51,0.7499409317970276,2.2241955763824546,-0.05961092330602289,82.0,0.22425213245777384,96.71,1,running
recovery_pair06_negative,6,negative,3,290,0.5012922883033752,0.4999193251132965,0.5836261510848999,0.804178774356842,1.0,1.0,1.0,1.0,1.0,0.21598777174949646,0.8893849849700928,-0.9514169096946716,0.020864490419626236,0.9931502938270569,-0.1168440729379654,0.5372777581214905,0.8899337649345398,-0.951062798500061,0.04449668899178505,-0.28531885147094727,1,51,0,51,0.7559571862220764,2.22571188867213,-0.05039088766631476,79.0,0.22575066309922956,102.06,1,running
recovery_pair06_negative,6,negative,3,291,0.5028032064437866,0.4952346384525299,0.5631868243217468,0.7534123063087463,1.0,1.0,1.0,1.0,1.0,0.23475141823291779,0.8902367949485779,-0.9515631794929504,0.02100391872227192,0.9779293537139893,-0.20893588662147522,0.5669999718666077,0.8894124031066895,-0.9503710269927979,0.04447061941027641,-0.28511130809783936,1,51,0,51,0.8216299414634705,2.22775415994391,-0.04122185822535702,76.0,0.22814525784936365,107.36,1,running
recovery_pair06_negative,6,negative,3,292,0.509686291217804,0.49506452679634094,0.5483213663101196,0.705969512462616,1.0,1.0,1.0,1.0,1.0,0.2546047270298004,0.8899337649345398,-0.951062798500061,0.021226713433861732,0.9544488787651062,-0.2983745336532593,0.5964444279670715,0.8896229267120361,-0.9500009417533875,0.044481147080659866,-0.2850002944469452,1,51,0,51,0.8911164999008179,2.2303271016232737,-0.03212828629940672,72.0,0.23141827962671851,113.57,1,running
recovery_pair06_negative,6,negative,3,293,0.5179194211959839,0.4908536374568939,0.536277711391449,0.6669505834579468,1.0,1.0,1.0,1.0,1.0,1.0,0.8894124031066895,-0.9503710269927979,0.02153124287724495,0.9165722131729126,-0.3998691737651825,0.6309444308280945,0.8751025199890137,-0.9459847807884216,0.043755125254392624,-0.28379544615745544,1,51,0,51,1.7179877758026123,2.2333905692494196,-0.023259618799304646,69.0,0.23548205660384472,118.64,1,running
recovery_pair06_negative,6,negative,3,294,0.530600905418396,0.4929233193397522,0.5236946940422058,0.6345458030700684,0.9575397372245789,1.0,1.0,1.0,1.0,1.0,0.8896229267120361,-0.9500009417533875,0.021909335628151894,0.8776485919952393,-0.479304701089859,0.6591110825538635,0.8776311874389648,-0.9463114142417908,0.04388156160712242,-0.2838934361934662,1,51,0,51,1.725231647491455,2.236965903061972,-0.014555003989711608,66.0,0.24032150142261216,123.59,1,running
recovery_pair06_negative,6,negative,3,295,0.543045163154602,0.49457216262817383,0.5097690224647522,0.6043452024459839,0.8755615949630737,1.0,1.0,1.0,1.0,1.0,0.8751025199890137,-0.9459847807884216,0.02235959842801094,0.8330178260803223,-0.5532461404800415,0.6866111159324646,0.88042813539505,-0.9466985464096069,0.0,0.6000000238418579,0,52,0,52,1.7253458499908447,2.2398884818837264,-0.008141644343107199,67.0,0.24434099649007143,123.95,1,running
recovery_pair06_negative,6,negative,3,296,0.5301171541213989,0.4929559528827667,0.5137882828712463,0.6180978417396545,0.9097017645835876,1.0,1.0,1.0,1.0,1.0,0.8776311874389648,-0.9463114142417908,0.022733571007847786,0.8295252323150635,-0.5584692358970642,0.6886110901832581,0.8795989751815796,-0.9463858008384705,0.0,0.6000000238418579,0,52,0,52,1.7253458499908447,2.2396945358393676,-0.008792865850089825,73.0,0.2440275740043024,117.81,1,running
recovery_pair06_negative,6,negative,3,297,0.5127133727073669,0.4942168891429901,0.5383273959159851,0.6874585747718811,1.0,1.0,1.0,1.0,1.0,1.0,0.88042813539505,-0.9466985464096069,0.02270442061126232,0.8844995498657227,-0.46654102206230164,0.6545000076293945,0.878589928150177,-0.9469639658927917,0.0,0.6000000238418579,0,52,0,52,0.8213990330696106,2.2394960617714124,-0.00974211604946736,80.0,0.24365617990291577,110.6,1,running
recovery_pair06_negative,6,negative,3,298,0.4978555142879486,0.501209557056427,0.5669645071029663,0.7717328667640686,1.0,1.0,1.0,1.0,1.0,0.23468543589115143,0.8795989751815796,-0.9463858008384705,0.022669853642582893,0.9360595345497131,-0.35184165835380554,0.6144444346427917,0.8956204652786255,-0.9521960616111755,0.0,0.6000000238418579,0,52,0,52,0.7789224982261658,2.239401525169919,-0.010826553703476518,87.0,0.24336597982829497,103.36,1,running
recovery_pair06_negative,6,negative,3,299,0.4886136054992676,0.5119436979293823,0.6209431886672974,0.9217929244041443,1.0,1.0,1.0,1.0,1.0,0.22254928946495056,0.878589928150177,-0.9469639658927917,0.022642863914370537,0.9729374051094055,-0.2310687154531479,0.574222207069397,0.9016919732093811,-0.9554506540298462,0.045084599405527115,-0.28663522005081177,1,53,0,53,0.7789224982261658,2.239499822622026,-0.006510171899403084,88.0,0.24427520222570934,103.35,1,running
recovery_pair06_negative,6,negative,3,300,0.48770564794540405,0.5139258503913879,0.6142460703849792,0.9187151789665222,1.0,1.0,1.0,1.0,1.0,0.22518351674079895,0.8956204652786255,-0.9521960616111755,0.022727452218532562,0.9729777574539185,-0.2308989018201828,0.5741666555404663,0.9014936685562134,-0.9553298950195312,0.04507468268275261,-0.28659898042678833,1,53,0,53,0.7829117774963379,2.240107355691621,0.003009939849762968,85.0,0.2469160699780458,108.49,1,near_goal_safe_timeout
