scene,pair,mirror_side,episode,step,residual_linear,residual_angular,cmd_linear,cmd_angular,gate_active,min_lidar,robot_x,robot_y,robot_yaw_deg,obs_00,obs_01,obs_02,obs_03,obs_04,obs_05,obs_06,obs_07,obs_08,obs_09,obs_10,obs_11,obs_12,obs_13,obs_14,obs_15
mirror_pair01_positive,1,positive,1,1,0.8869588375091553,-0.9531124830245972,0.13434794545173645,-0.2859337627887726,1,0.6684242486953735,0.0004505050198415476,0.0002300951366116694,11.0,1.0,1.0,1.0,1.0,0.19173692166805267,0.2034861296415329,1.0,1.0,1.0,1.0,0.0,0.0,0.18634331226348877,-0.13761742413043976,0.990485429763794,-0.04394444450736046
mirror_pair01_positive,1,positive,1,2,0.8869263529777527,-0.9531033039093018,0.13434632122516632,-0.2859309911727905,1,0.6515359878540039,0.011200790984248202,0.0024135491612037588,12.0,1.0,1.0,1.0,1.0,0.19097836315631866,0.20461280643939972,1.0,1.0,1.0,1.0,0.0,0.0,0.18630854785442352,-0.13779029250144958,0.9904614090919495,-0.04399999976158142
mirror_pair01_positive,1,positive,1,3,0.9279505610466003,-0.9687500596046448,0.13639754056930542,-0.29062503576278687,1,0.6308485269546509,0.0376946551497804,0.0073571247455228115,9.0,1.0,1.0,1.0,1.0,0.18615314364433289,0.20382149517536163,1.0,1.0,1.0,1.0,0.8869588375091553,-0.9531124830245972,0.18529890477657318,-0.15574489533901215,0.9877973198890686,-0.04977777600288391
mirror_pair01_positive,1,positive,1,4,0.9294806122779846,-0.9694376587867737,0.13647404313087463,-0.2908312976360321,1,0.6004828214645386,0.06532580565070212,0.010897384937469098,6.0,1.0,1.0,1.0,1.0,0.18024243414402008,0.1868276447057724,1.0,1.0,1.0,1.0,0.8869263529777527,-0.9531033039093018,0.18281330168247223,-0.1057434231042862,0.9943934679031372,-0.03372222185134888
mirror_pair01_positive,1,positive,1,5,0.9313642978668213,-0.9702346324920654,0.13656821846961975,-0.2910704016685486,1,0.5600966811180115,0.09297382209507998,0.012873563784089008,2.0,1.0,1.0,1.0,1.0,0.174944207072258,0.17156651616096497,1.0,1.0,1.0,1.0,0.9279505610466003,-0.9687500596046448,0.1806655377149582,-0.054427362978458405,0.9985177516937256,-0.01733333244919777
mirror_pair01_positive,1,positive,1,6,0.9331154227256775,-0.9710663557052612,0.1366557776927948,-0.29131990671157837,1,0.5156219601631165,0.11602506203902499,0.013297739242641873,0.0,1.0,1.0,1.0,1.0,0.1815909594297409,0.1600276231765747,1.0,1.0,1.0,1.0,0.9294806122779846,-0.9694376587867737,0.17765074968338013,0.014834754168987274,0.9998899698257446,0.0047222222201526165
mirror_pair01_positive,1,positive,1,7,0.9436895847320557,-0.9754252433776855,0.1371844857931137,-0.29262757301330566,1,0.5082056522369385,0.14872516835884164,0.011953952104079289,356.0,1.0,1.0,1.0,1.0,0.18457750976085663,0.14732055366039276,0.21481874585151672,1.0,1.0,1.0,0.9313642978668213,-0.9702346324920654,0.17550677061080933,0.05024431645870209,0.9987369775772095,0.01600000075995922
mirror_pair01_positive,1,positive,1,8,0.9348459839820862,-0.9731397032737732,0.13674230873584747,-0.29194191098213196,1,0.4821622669696808,0.176313126555823,0.009082851272788175,352.0,1.0,1.0,1.0,1.0,1.0,0.14520160853862762,0.1708727926015854,1.0,1.0,1.0,0.9331154227256775,-0.9710663557052612,0.1724746823310852,0.12134963274002075,0.9926097989082336,0.03872222080826759
mirror_pair01_positive,1,positive,1,9,0.9371094703674316,-0.9740762114524841,0.13685548305511475,-0.29222288727760315,1,0.452792227268219,0.20386602740551876,0.004614572713333964,349.0,1.0,1.0,1.0,1.0,1.0,0.13776065409183502,0.1491229236125946,1.0,1.0,1.0,0.9436895847320557,-0.9754252433776855,0.16992561519145966,0.19252195954322815,0.9812926650047302,0.061666667461395264
mirror_pair01_positive,1,positive,1,10,0.9382326602935791,-0.9745422005653381,0.13691163063049316,-0.29236266016960144,1,0.4221671521663666,0.23092560861138456,-0.0014359705753165981,346.0,1.0,1.0,1.0,1.0,1.0,0.13482199609279633,0.12936921417713165,1.0,1.0,1.0,0.9348459839820862,-0.9731397032737732,0.16781853139400482,0.22937028110027313,0.9733392596244812,0.07366666942834854
mirror_pair01_positive,1,positive,1,11,0.9402403831481934,-0.975371241569519,0.13701201975345612,-0.29261139035224915,1,0.38680124282836914,0.25311830727781576,-0.007741280358076942,343.0,1.0,1.0,1.0,1.0,1.0,0.13229121267795563,0.12061918526887894,1.0,1.0,1.0,0.9371094703674316,-0.9740762114524841,0.16490963101387024,0.3013715445995331,0.9535067677497864,0.09744444489479065
mirror_pair01_positive,1,positive,1,12,0.943230926990509,-0.9735363721847534,0.13716155290603638,-0.292060911655426,1,0.3660559356212616,0.2839339774628475,-0.01846999286852901,339.0,1.0,1.0,1.0,1.0,1.0,0.13495224714279175,0.11051464080810547,0.13932378590106964,1.0,1.0,0.9382326602935791,-0.9745422005653381,0.16288651525974274,0.35494381189346313,0.9348876476287842,0.11550000309944153
mirror_pair01_positive,1,positive,1,13,0.9452258944511414,-0.9743496775627136,0.137261301279068,-0.2923049032688141,1,0.36077433824539185,0.30543779116452185,-0.027394978851861006,336.0,1.0,1.0,1.0,1.0,1.0,0.1337827742099762,0.10458741337060928,0.11820648610591888,1.0,1.0,0.9402403831481934,-0.975371241569519,0.16009601950645447,0.4259372055530548,0.9047527313232422,0.1400555521249771
mirror_pair01_positive,1,positive,1,14,0.946407675743103,-0.9748737215995789,0.1373203843832016,-0.29246214032173157,1,0.33128827810287476,0.3348839206358062,-0.04168727407588124,332.0,1.0,1.0,1.0,1.0,1.0,0.14725515246391296,0.10307838022708893,0.10723496973514557,1.0,1.0,0.943230926990509,-0.9735363721847534,0.15816472470760345,0.47823208570480347,0.8782334923744202,0.15872222185134888
mirror_pair01_positive,1,positive,1,15,0.9115874767303467,-0.9637988805770874,0.13557937741279602,-0.28913968801498413,1,0.29173651337623596,0.35875941667888245,-0.05522009750419592,329.0,1.0,1.0,1.0,1.0,1.0,1.0,0.0957304984331131,0.09465379267930984,0.13322818279266357,1.0,0.9452258944511414,-0.9743496775627136,0.15554726123809814,0.5465404987335205,0.8374326825141907,0.18405555188655853
mirror_pair01_positive,1,positive,1,16,0.913329005241394,-0.9643891453742981,0.13566645979881287,-0.28931674361228943,1,0.2783908545970917,0.37807731641257303,-0.06759191897042863,326.0,1.0,1.0,1.0,1.0,1.0,1.0,0.09870605915784836,0.08335328847169876,0.10033482313156128,1.0,0.946407675743103,-0.9748737215995789,0.15345436334609985,0.597345232963562,0.8019841909408569,0.20377777516841888
mirror_pair01_positive,1,positive,1,17,0.9155111312866211,-0.9652154445648193,0.13577556610107422,-0.2895646393299103,1,0.25696662068367004,0.40428694807711874,-0.08662987535557082,322.0,1.0,1.0,1.0,1.0,1.0,1.0,0.09443265199661255,0.07954024523496628,0.09275346994400024,1.0,0.9115874767303467,-0.9637988805770874,0.1517854779958725,0.6451910138130188,0.7640212774276733,0.22322222590446472
mirror_pair01_positive,1,positive,1,18,0.9277703166007996,-0.9679445624351501,0.13638852536678314,-0.29038336873054504,1,0.24989329278469086,0.42208951074040996,-0.10117862191828486,319.0,1.0,1.0,1.0,1.0,1.0,1.0,0.10063908994197845,0.07341903448104858,0.08057050406932831,0.12707437574863434,0.913329005241394,-0.9643891453742981,0.14956533908843994,0.7064894437789917,0.7077235579490662,0.24972222745418549
mirror_pair01_positive,1,positive,1,19,0.9179325699806213,-0.9629722833633423,0.13589663803577423,-0.2888917028903961,1,0.2399931401014328,0.44589189199187784,-0.1230041243211574,315.0,1.0,1.0,1.0,1.0,1.0,1.0,1.0,0.0791703537106514,0.07139808684587479,0.09417834132909775,0.9155111312866211,-0.9652154445648193,0.1480930596590042,0.7495336532592773,0.6619662046432495,0.26972222328186035
mirror_pair01_positive,1,positive,1,20,0.9217693209648132,-0.9644072651863098,0.13608847558498383,-0.2893221974372864,1,0.20949691534042358,0.46503071062596746,-0.14303134202350543,312.0,1.0,1.0,1.0,1.0,1.0,1.0,1.0,0.07670459896326065,0.06856946647167206,0.0724567174911499,0.9277703166007996,-0.9679445624351501,0.14618262648582458,0.8033374547958374,0.5955240726470947,0.29694443941116333
mirror_pair01_positive,1,positive,2,1,0.8875342011451721,-0.9534388780593872,0.13437671959400177,-0.28603166341781616,1,0.6688809990882874,0.0070712774607945795,0.0013243726157188258,11.0,1.0,1.0,1.0,1.0,0.19147123396396637,0.20466630160808563,1.0,1.0,1.0,1.0,0.0,0.0,0.18622605502605438,-0.12048336863517761,0.9927153587341309,-0.03844444453716278
mirror_pair01_positive,1,positive,2,2,0.8870033621788025,-0.9531093239784241,0.13435018062591553,-0.2859328091144562,1,0.6424753665924072,0.030521194560658334,0.005966876562727479,10.0,1.0,1.0,1.0,1.0,0.1911088526248932,0.20168353617191315,1.0,1.0,1.0,1.0,0.0,0.0,0.18568797409534454,-0.13813601434230804,0.990413248538971,-0.044111110270023346
mirror_pair01_positive,1,positive,2,3,0.9290125370025635,-0.9692175984382629,0.1364506334066391,-0.29076528549194336,1,0.6116406917572021,0.058071333411486896,0.0100375138143268,7.0,1.0,1.0,1.0,1.0,0.18356439471244812,0.18965491652488708,1.0,1.0,1.0,1.0,0.8875342011451721,-0.9534388780593872,0.18348650634288788,-0.12256224453449249,0.9924608469009399,-0.03911111131310463
mirror_pair01_positive,1,positive,2,4,0.9305065274238586,-0.9698933959007263,0.13652533292770386,-0.29096803069114685,1,0.5533435344696045,0.0856126372410502,0.012508429700745506,3.0,1.0,1.0,1.0,1.0,0.17843517661094666,0.17475448548793793,1.0,1.0,1.0,1.0,0.8870033621788025,-0.9531093239784241,0.1809072345495224,-0.07167153060436249,0.997428297996521,-0.022833332419395447
mirror_pair01_positive,1,positive,2,5,0.9327648282051086,-0.9708787798881531,0.13663825392723083,-0.2912636399269104,1,0.5366721749305725,0.11335285771509777,0.013398553676037652,0.0,1.0,1.0,1.0,1.0,0.17957279086112976,0.15809814631938934,1.0,1.0,1.0,1.0,0.9290125370025635,-0.9692175984382629,0.1783364862203598,-0.002617990830913186,0.9999966025352478,-0.0008333333535119891
mirror_pair01_positive,1,positive,2,6,0.9340593814849854,-0.9714934825897217,0.13670296967029572,-0.29144805669784546,1,0.5013144612312317,0.14124305488646652,0.012651668964719602,357.0,1.0,1.0,1.0,1.0,0.18263399600982666,0.15333490073680878,1.0,1.0,1.0,1.0,0.9305065274238586,-0.9698933959007263,0.1757545918226242,0.050070006400346756,0.9987457394599915,0.01594444364309311
mirror_pair01_positive,1,positive,2,7,0.9449637532234192,-0.9760330319404602,0.1372481882572174,-0.29280993342399597,1,0.48414522409439087,0.1690006281822173,0.01028248285318078,353.0,1.0,1.0,1.0,1.0,0.20764826238155365,0.14323270320892334,0.17460159957408905,1.0,1.0,1.0,0.9327648282051086,-0.9708787798881531,0.17316654324531555,0.10331334918737411,0.9946488738059998,0.0329444445669651
mirror_pair01_positive,1,positive,2,8,0.9364864230155945,-0.9738242626190186,0.1368243247270584,-0.29214727878570557,1,0.4656420350074768,0.19660212832552848,0.006348045544123915,350.0,1.0,1.0,1.0,1.0,1.0,0.1383272111415863,0.15531685948371887,1.0,1.0,1.0,0.9340593814849854,-0.9714934825897217,0.17059899866580963,0.1745075136423111,0.9846558570861816,0.05583333224058151
mirror_pair01_positive,1,positive,2,9,0.9382625818252563,-0.974542498588562,0.13691313564777374,-0.2923627495765686,1,0.4402105510234833,0.2237090986579781,0.0008190346520422777,347.0,1.0,1.0,1.0,1.0,1.0,0.13304057717323303,0.13490761816501617,1.0,1.0,1.0,0.9449637532234192,-0.9760330319404602,0.16805483400821686,0.22869069874286652,0.9734991192817688,0.0734444409608841
mirror_pair01_positive,1,positive,2,10,0.9397447109222412,-0.9751615524291992,0.13698723912239075,-0.2925484776496887,1,0.39517146348953247,0.25063927694271965,-0.00642702635378003,343.0,1.0,1.0,1.0,1.0,1.0,0.13042576611042023,0.12577444314956665,1.0,1.0,1.0,0.9364864230155945,-0.9738242626190186,0.16556701064109802,0.28317850828170776,0.9590672254562378,0.09138888865709305
mirror_pair01_positive,1,positive,2,11,0.9433156847953796,-0.9735761880874634,0.13716578483581543,-0.2920728623867035,1,0.3950391411781311,0.27708240288077546,-0.015222509629808745,340.0,1.0,1.0,1.0,1.0,1.0,0.12797316908836365,0.11290613561868668,0.14520759880542755,1.0,1.0,0.9382625818252563,-0.974542498588562,0.16310863196849823,0.35412782430648804,0.9351970553398132,0.11522222310304642
mirror_pair01_positive,1,positive,2,12,0.9447097778320312,-0.97413170337677,0.13723549246788025,-0.2922395169734955,1,0.3674386739730835,0.30311513051973343,-0.025588417082316985,337.0,1.0,1.0,1.0,1.0,1.0,0.1312709003686905,0.11286832392215729,0.12299825251102448,1.0,1.0,0.9397447109222412,-0.9751615524291992,0.160709947347641,0.408171147108078,0.9129054546356201,0.13383333384990692
mirror_pair01_positive,1,positive,2,13,0.945967435836792,-0.9746859073638916,0.1372983753681183,-0.29240578413009644,1,0.32989123463630676,0.32847575481435565,-0.03745276990925546,333.0,1.0,1.0,1.0,1.0,1.0,0.14490796625614166,0.10498248040676117,0.1110554113984108,1.0,1.0,0.9433156847953796,-0.9735761880874634,0.158366858959198,0.4617486000061035,0.8870108127593994,0.1527777761220932
mirror_pair01_positive,1,positive,2,14,0.9111645817756653,-0.9636480808258057,0.13555823266506195,-0.2890944480895996,1,0.29921290278434753,0.3525836449274342,-0.050550496109641525,330.0,1.0,1.0,1.0,1.0,1.0,1.0,0.09425463527441025,0.09682293981313705,0.1495319902896881,1.0,0.9447097778320312,-0.97413170337677,0.15610647201538086,0.5294751524925232,0.8483254313468933,0.1776111125946045
mirror_pair01_positive,1,positive,2,15,0.9127238988876343,-0.9641749262809753,0.13563619554042816,-0.28925248980522156,1,0.28565648198127747,0.3760312369766852,-0.06512421374793494,326.0,1.0,1.0,1.0,1.0,1.0,1.0,0.09847939759492874,0.08548939973115921,0.11105376482009888,1.0,0.945967435836792,-0.9746859073638916,0.153983935713768,0.5807029604911804,0.8141155242919922,0.19722221791744232
mirror_pair01_positive,1,positive,2,16,0.9155309796333313,-0.9652355909347534,0.135776549577713,-0.289570689201355,1,0.28513264656066895,0.3987077210682879,-0.08112671287758498,323.0,1.0,1.0,1.0,1.0,1.0,1.0,0.09356338530778885,0.08161614090204239,0.09571285545825958,1.0,0.9111645817756653,-0.9636480808258057,0.15195022523403168,0.6438565850257874,0.7651461958885193,0.2226666659116745
mirror_pair01_positive,1,positive,2,17,0.9177929759025574,-0.9660477042198181,0.13588964939117432,-0.2898143231868744,1,0.23442251980304718,0.42032501262539484,-0.09831366766887818,320.0,1.0,1.0,1.0,1.0,1.0,1.0,0.09865691512823105,0.08146647363901138,0.08164674788713455,1.0,0.9127238988876343,-0.9641749262809753,0.15001974999904633,0.6912608742713928,0.722605288028717,0.24294444918632507
mirror_pair01_positive,1,positive,2,18,0.9290627837181091,-0.9683446884155273,0.13645315170288086,-0.2905034124851227,1,0.23442251980304718,0.44088812012843526,-0.11667870831391607,316.0,1.0,1.0,1.0,1.0,1.0,1.0,0.12856018543243408,0.07614409923553467,0.06697786599397659,0.09058640897274017,0.9155309796333313,-0.9652355909347534,0.14822106063365936,0.7365694642066956,0.6763619184494019,0.2635555565357208
mirror_pair01_positive,1,positive,2,19,0.920859694480896,-0.964043915271759,0.136042982339859,-0.2892131805419922,1,0.22487139701843262,0.4604320917644661,-0.13638357196578035,313.0,1.0,1.0,1.0,1.0,1.0,1.0,1.0,0.07392597198486328,0.0707576796412468,0.07247195392847061,0.9177929759025574,-0.9660477042198181,0.14655806124210358,0.7901549935340881,0.6129070520401001,0.28999999165534973
mirror_pair01_positive,1,positive,2,20,0.923653244972229,-0.9651616811752319,0.13618266582489014,-0.28954851627349854,1,0.21572533249855042,0.47872399318867026,-0.15711571269711366,310.0,1.0,1.0,1.0,1.0,1.0,1.0,1.0,0.08533839136362076,0.06632105261087418,0.06424897164106369,0.9290627837181091,-0.9683446884155273,0.145034521818161,0.8292326927185059,0.5589034557342529,0.31122222542762756
mirror_pair01_positive,1,positive,3,1,0.8877665400505066,-0.9534949064254761,0.13438832759857178,-0.2860484719276428,1,0.6505218148231506,0.007853506681605619,0.001410437403257149,10.0,1.0,1.0,1.0,1.0,0.1905607283115387,0.19943726062774658,1.0,1.0,1.0,1.0,0.0,0.0,0.1863681524991989,-0.12031010538339615,0.9927363395690918,-0.03838888928294182
mirror_pair01_positive,1,positive,3,2,0.887813925743103,-0.9534940123558044,0.1343906968832016,-0.28604820370674133,1,0.6423326134681702,0.02795821569638806,0.004324063353864932,7.0,1.0,1.0,1.0,1.0,0.18586337566375732,0.19999603927135468,1.0,1.0,1.0,1.0,0.0,0.0,0.18561486899852753,-0.12082988768815994,0.9926732182502747,-0.038555555045604706
mirror_pair01_positive,1,positive,3,3,0.9302433729171753,-0.9698612093925476,0.1365121752023697,-0.29095837473869324,1,0.6001640558242798,0.05456226886341214,0.006909142794000142,4.0,1.0,1.0,1.0,1.0,0.19419065117835999,0.18352361023426056,1.0,1.0,1.0,1.0,0.8877665400505066,-0.9534949064254761,0.18373258411884308,-0.06958236545324326,0.9975762367248535,-0.022166667506098747
mirror_pair01_positive,1,positive,3,4,0.931694507598877,-0.9705212116241455,0.13658472895622253,-0.2911563813686371,1,0.5678188800811768,0.08240943387472528,0.008026838441322959,1.0,1.0,1.0,1.0,1.0,0.1919705867767334,0.17147544026374817,1.0,1.0,1.0,1.0,0.887813925743103,-0.9534940123558044,0.18124815821647644,-0.01797592267394066,0.9998384118080139,-0.00572222238406539
mirror_pair01_positive,1,positive,3,5,0.9334539771080017,-0.9712734818458557,0.136672705411911,-0.2913820445537567,1,0.5536982417106628,0.1102435579458037,0.00751535970998648,357.0,1.0,1.0,1.0,1.0,0.19211606681346893,0.16223396360874176,1.0,1.0,1.0,1.0,0.9302433729171753,-0.9698612093925476,0.17865535616874695,0.03455064073204994,0.9994029402732849,0.010999999940395355
mirror_pair01_positive,1,positive,3,6,0.9340171217918396,-0.9728526473045349,0.13670086860656738,-0.2918558120727539,1,0.5246546268463135,0.13796527448143878,0.0054466510827253165,354.0,1.0,1.0,1.0,1.0,1.0,0.1581995040178299,0.1906794160604477,1.0,1.0,1.0,0.931694507598877,-0.9705212116241455,0.17607173323631287,0.10522274672985077,0.9944486618041992,0.03355555608868599
mirror_pair01_positive,1,positive,3,7,0.9358763098716736,-0.9736136794090271,0.1367938220500946,-0.29208412766456604,1,0.48802581429481506,0.16556963483085912,0.0017708862408639362,351.0,1.0,1.0,1.0,1.0,1.0,0.14990131556987762,0.15878291428089142,1.0,1.0,1.0,0.9334539771080017,-0.9712734818458557,0.17350664734840393,0.15901969373226166,0.9872754216194153,0.050833333283662796
mirror_pair01_positive,1,positive,3,8,0.9375932216644287,-0.9743055701255798,0.13687966763973236,-0.29229167103767395,1,0.4768688976764679,0.19298919288038965,-0.0035590684992400164,347.0,1.0,1.0,1.0,1.0,1.0,0.13943594694137573,0.1474377065896988,1.0,1.0,1.0,0.9340171217918396,-0.9728526473045349,0.17096169292926788,0.2132009118795395,0.9770084023475647,0.06838888674974442
mirror_pair01_positive,1,positive,3,9,0.939592719078064,-0.9751389622688293,0.13697963953018188,-0.2925417125225067,1,0.44618701934814453,0.21995182102320762,-0.010453921316068697,344.0,1.0,1.0,1.0,1.0,1.0,0.13784043490886688,0.13624826073646545,1.0,1.0,1.0,0.9358763098716736,-0.9736136794090271,0.1684447079896927,0.2845173478126526,0.9586709141731262,0.09183333069086075
mirror_pair01_positive,1,positive,3,10,0.9427874088287354,-0.9734655022621155,0.13713937997817993,-0.2920396625995636,1,0.40637025237083435,0.24661347381066429,-0.018931769374761123,341.0,1.0,1.0,1.0,1.0,1.0,0.12959255278110504,0.12748201191425323,0.17328347265720367,1.0,1.0,0.9375932216644287,-0.9743055701255798,0.16598226130008698,0.3389021158218384,0.940821647644043,0.11005555838346481
mirror_pair01_positive,1,positive,3,11,0.9441299438476562,-0.9739566445350647,0.13720649480819702,-0.29218700528144836,1,0.3786757290363312,0.2725763866462784,-0.02890990829993505,337.0,1.0,1.0,1.0,1.0,1.0,0.14153023064136505,0.11610578745603561,0.13454589247703552,1.0,1.0,0.939592719078064,-0.9751389622688293,0.16356225311756134,0.3929791748523712,0.9195473790168762,0.1285555511713028
mirror_pair01_positive,1,positive,3,12,0.9457510709762573,-0.97465580701828,0.13728755712509155,-0.29239675402641296,1,0.3684787154197693,0.2978704506255348,-0.040459382141322595,334.0,1.0,1.0,1.0,1.0,1.0,0.15930591523647308,0.1081930622458458,0.11422772705554962,1.0,1.0,0.9427874088287354,-0.9734655022621155,0.16122372448444366,0.4622129797935486,0.8867689371109009,0.1529444456100464
mirror_pair01_positive,1,positive,3,13,0.9285625219345093,-0.9699001908302307,0.1364281326532364,-0.2909700572490692,1,0.33080628514289856,0.3224405215311387,-0.05344902947892472,330.0,1.0,1.0,1.0,1.0,1.0,1.0,0.10527963191270828,0.10550929605960846,1.0,1.0,0.9441299438476562,-0.9739566445350647,0.158967524766922,0.5147388577461243,0.8573470115661621,0.17211110889911652
mirror_pair01_positive,1,positive,3,14,0.9130319952964783,-0.9643505215644836,0.1356516033411026,-0.289305180311203,1,0.31547263264656067,0.34619084353268453,-0.06783394561422304,327.0,1.0,1.0,1.0,1.0,1.0,1.0,0.10512654483318329,0.0945160835981369,0.122672438621521,1.0,0.9457510709762573,-0.97465580701828,0.15680138766765594,0.5807029604911804,0.8141155242919922,0.19722221791744232
mirror_pair01_positive,1,positive,3,15,0.9152854681015015,-0.9651808738708496,0.13576427102088928,-0.28955426812171936,1,0.2992449700832367,0.36895277117077224,-0.08348099883277647,324.0,1.0,1.0,1.0,1.0,1.0,1.0,0.10154136270284653,0.09013503789901733,0.10979513078927994,1.0,0.9285625219345093,-0.9699001908302307,0.1547376811504364,0.6302694082260132,0.7763765454292297,0.2170555591583252
mirror_pair01_positive,1,positive,3,16,0.9172350168228149,-0.9658767580986023,0.13586175441741943,-0.28976303339004517,1,0.2756623327732086,0.3905901543866828,-0.10029584023417382,320.0,1.0,1.0,1.0,1.0,1.0,1.0,0.10667580366134644,0.08549856394529343,0.09124007076025009,1.0,0.9130319952964783,-0.9643505215644836,0.15279477834701538,0.6780313849449158,0.7350329160690308,0.23716667294502258
mirror_pair01_positive,1,positive,3,17,0.9290846586227417,-0.96845543384552,0.136454239487648,-0.29053664207458496,1,0.2705364227294922,0.4114818142358875,-0.11862903549792576,317.0,1.0,1.0,1.0,1.0,1.0,1.0,0.1327463835477829,0.08267534524202347,0.07876066863536835,0.11732751131057739,0.9152854681015015,-0.9651808738708496,0.15098829567432404,0.7357425689697266,0.6772612929344177,0.2631666660308838
mirror_pair01_positive,1,positive,3,18,0.9201154708862305,-0.9638267755508423,0.13600577414035797,-0.2891480326652527,1,0.2563991844654083,0.43119509617539636,-0.13808610629819537,314.0,1.0,1.0,1.0,1.0,1.0,1.0,1.0,0.0773673877120018,0.07729612290859222,0.0888635516166687,0.9172350168228149,-0.9658767580986023,0.14929209649562836,0.778462290763855,0.627691388130188,0.2840000092983246
mirror_pair01_positive,1,positive,3,19,0.922925591468811,-0.9649562239646912,0.13614627718925476,-0.2894868850708008,1,0.24765370786190033,0.4497818419660899,-0.15862856911579448,310.0,1.0,1.0,1.0,1.0,1.0,1.0,1.0,0.08902501314878464,0.07325690984725952,0.0819217786192894,0.9290846586227417,-0.96845543384552,0.14774620532989502,0.8182500600814819,0.5748624205589294,0.30505555868148804
mirror_pair01_positive,1,positive,3,20,0.9261803030967712,-0.9662380218505859,0.13630902767181396,-0.2898714244365692,1,0.24765370786190033,0.4671661686625893,-0.1801976820917659,307.0,1.0,1.0,1.0,1.0,1.0,1.0,1.0,0.09651712328195572,0.07075820118188858,0.07508579641580582,0.9201154708862305,-0.9638267755508423,0.14634975790977478,0.8639234304428101,0.5036231875419617,0.3319999873638153
mirror_pair01_negative,1,negative,1,1,0.8978520631790161,-0.9584931135177612,0.13489261269569397,-0.2875479459762573,1,0.6645904183387756,0.007176544738035113,-0.0013332621698450779,350.0,1.0,1.0,1.0,1.0,0.20294900238513947,0.18988297879695892,1.0,1.0,1.0,1.0,0.0,0.0,0.18629097938537598,0.13761742413043976,0.990485429763794,0.04394444450736046
mirror_pair01_negative,1,negative,1,2,0.8971794247627258,-0.958172082901001,0.13485898077487946,-0.2874516248703003,1,0.6273968815803528,0.03244095472983024,-0.006396272100024344,347.0,1.0,1.0,1.0,1.0,0.19965097308158875,0.1909209042787552,1.0,1.0,1.0,1.0,0.0,0.0,0.1856781542301178,0.12082988768815994,0.9926732182502747,0.038555555045604706
mirror_pair01_negative,1,negative,1,3,0.9364396333694458,-0.9728215932846069,0.13682198524475098,-0.29184648394584656,1,0.5892524123191833,0.05948120306355391,-0.01337684399619558,344.0,1.0,1.0,1.0,1.0,0.19628694653511047,0.17925624549388885,1.0,1.0,1.0,1.0,0.8978520631790161,-0.9584931135177612,0.18330605328083038,0.1745075136423111,0.9846558570861816,0.05583333224058151
mirror_pair01_negative,1,negative,1,4,0.937847375869751,-0.9734339714050293,0.1368923783302307,-0.2920302152633667,1,0.5734750628471375,0.08579794773300989,-0.021814252663455883,340.0,1.0,1.0,1.0,1.0,0.20876607298851013,0.16835783421993256,1.0,1.0,1.0,1.0,0.8971794247627258,-0.958172082901001,0.18076083064079285,0.22852078080177307,0.9735390543937683,0.07338888943195343
mirror_pair01_negative,1,negative,1,5,0.9390745162963867,-0.9750784039497375,0.13695372641086578,-0.2925235331058502,1,0.5332930684089661,0.11169209462596881,-0.031898772413701953,337.0,1.0,1.0,1.0,1.0,1.0,0.16385002434253693,0.19778618216514587,1.0,1.0,1.0,0.9364396333694458,-0.9728215932846069,0.17827825248241425,0.2993738651275635,0.9541358947753906,0.0967777743935585
mirror_pair01_negative,1,negative,1,6,0.9409862160682678,-0.9758054614067078,0.13704931735992432,-0.29274165630340576,1,0.5064854621887207,0.13711657702812488,-0.043584573152758065,334.0,1.0,1.0,1.0,1.0,1.0,0.1523694545030594,0.17102573812007904,1.0,1.0,1.0,0.937847375869751,-0.9734339714050293,0.17583125829696655,0.35331156849861145,0.9355056881904602,0.1149444431066513
mirror_pair01_negative,1,negative,1,7,0.9427313804626465,-0.9764852523803711,0.1371365785598755,-0.29294559359550476,1,0.46824437379837036,0.16172720789356973,-0.056686805498340494,330.0,1.0,1.0,1.0,1.0,1.0,0.15116481482982635,0.14471013844013214,1.0,1.0,1.0,0.9390745162963867,-0.9750784039497375,0.1734267622232437,0.40705549716949463,0.9134034514427185,0.13344444334506989
mirror_pair01_negative,1,negative,1,8,0.9447808265686035,-0.9772723317146301,0.13723903894424438,-0.29318171739578247,1,0.44837629795074463,0.18561712360991464,-0.07121789945790509,327.0,1.0,1.0,1.0,1.0,1.0,0.14803901314735413,0.13378410041332245,1.0,1.0,1.0,0.9409862160682678,-0.9758054614067078,0.17110005021095276,0.4756242036819458,0.8796485662460327,0.15777777135372162
mirror_pair01_negative,1,negative,1,9,0.94782954454422,-0.9757967591285706,0.13739147782325745,-0.29273903369903564,1,0.43540310859680176,0.20846078870408036,-0.08707142225285652,323.0,1.0,1.0,1.0,1.0,1.0,0.14859405159950256,0.12810751795768738,0.17694251239299774,1.0,1.0,0.9427313804626465,-0.9764852523803711,0.16884541511535645,0.5275490283966064,0.8495246171951294,0.17688888311386108
mirror_pair01_negative,1,negative,1,10,0.9495502710342407,-0.9764379262924194,0.13747751712799072,-0.29293137788772583,1,0.4083407521247864,0.23037538918001102,-0.10434389211692932,320.0,1.0,1.0,1.0,1.0,1.0,0.16113434731960297,0.12440089136362076,0.1432042121887207,1.0,1.0,0.9447808265686035,-0.9772723317146301,0.16669677197933197,0.5924350619316101,0.805618166923523,0.2018333375453949
mirror_pair01_negative,1,negative,1,11,0.9338014721870422,-0.9720255732536316,0.13669008016586304,-0.29160767793655396,1,0.39062467217445374,0.2512032931863841,-0.12280385592874794,317.0,1.0,1.0,1.0,1.0,1.0,1.0,0.11666878312826157,0.12625502049922943,1.0,1.0,0.94782954454422,-0.9757967591285706,0.16464686393737793,0.6411818265914917,0.7673889994621277,0.22155556082725525
mirror_pair01_negative,1,negative,1,12,0.9358224868774414,-0.9727146625518799,0.13679112493991852,-0.2918144166469574,1,0.3462757468223572,0.2710137579738874,-0.1425278402396693,313.0,1.0,1.0,1.0,1.0,1.0,1.0,0.11160705238580704,0.11232513934373856,1.0,1.0,0.9495502710342407,-0.9764379262924194,0.16271457076072693,0.6882279515266418,0.7254945039749146,0.24161110818386078
mirror_pair01_negative,1,negative,1,13,0.9224840998649597,-0.9678722023963928,0.13612420856952667,-0.2903616726398468,1,0.33246752619743347,0.28946275691229484,-0.16318282080911908,310.0,1.0,1.0,1.0,1.0,1.0,1.0,0.110240638256073,0.09893592447042465,0.13110657036304474,1.0,0.9338014721870422,-0.9720255732536316,0.16089768707752228,0.7448940277099609,0.6671827435493469,0.26750001311302185
mirror_pair01_negative,1,negative,1,14,0.9243809580802917,-0.9685016870498657,0.1362190544605255,-0.2905505299568176,1,0.3149558901786804,0.306583638396919,-0.1847824797542569,307.0,1.0,1.0,1.0,1.0,1.0,1.0,0.11522739380598068,0.09499072283506393,0.10766158998012543,1.0,0.9358224868774414,-0.9727146625518799,0.1592319756746292,0.7863962650299072,0.6177223920822144,0.28805556893348694
mirror_pair01_negative,1,negative,1,15,0.9264145493507385,-0.9691808223724365,0.13632073998451233,-0.2907542586326599,1,0.306544691324234,0.3225403447539144,-0.20751323093685511,303.0,1.0,1.0,1.0,1.0,1.0,1.0,0.1259910613298416,0.08998739719390869,0.10044863075017929,1.0,0.9224840998649597,-0.9678722023963928,0.15771819651126862,0.8251134753227234,0.5649669766426086,0.30888888239860535
mirror_pair01_negative,1,negative,1,16,0.9269104599952698,-0.9666622877120972,0.1363455355167389,-0.28999871015548706,1,0.28537991642951965,0.3371836106926968,-0.23121745069684155,300.0,1.0,1.0,1.0,1.0,1.0,1.0,1.0,0.08758419752120972,0.09115812927484512,0.12724998593330383,0.9243809580802917,-0.9685016870498657,0.1563461720943451,0.8694949150085449,0.49394187331199646,0.3355555534362793
mirror_pair01_negative,1,negative,1,17,0.9294728636741638,-0.9675799608230591,0.1364736557006836,-0.2902739942073822,1,0.2727545201778412,0.35038013810942387,-0.2555563062208759,297.0,1.0,1.0,1.0,1.0,1.0,1.0,1.0,0.09113422781229019,0.08153712004423141,0.09806184470653534,0.9264145493507385,-0.9691808223724365,0.15513360500335693,0.9006224274635315,0.43460243940353394,0.35688889026641846
mirror_pair01_negative,1,negative,1,18,0.9317968487739563,-0.9684757590293884,0.13658985495567322,-0.29054275155067444,1,0.2727545201778412,0.3621693409110273,-0.280634426068952,293.0,1.0,1.0,1.0,1.0,1.0,1.0,1.0,0.10109732300043106,0.07792986184358597,0.08983307331800461,0.9269104599952698,-0.9666622877120972,0.15409448742866516,0.9279013276100159,0.37282583117485046,0.3783888816833496
mirror_pair01_negative,1,negative,1,19,0.9347891807556152,-0.9695978760719299,0.04673945903778076,-0.29087936878204346,1,0.2743622362613678,0.3692044661824302,-0.2977676088679421,291.0,1.0,1.0,1.0,1.0,1.0,1.0,1.0,0.10794514417648315,0.0793209820985794,0.07862676680088043,0.9294728636741638,-0.9675799608230591,0.15322908759117126,0.9564067721366882,0.29203787446022034,0.40566667914390564
mirror_pair01_negative,1,negative,1,20,0.9358001947402954,-0.9729514718055725,0.04679001122713089,-0.29188546538352966,1,0.258527010679245,0.37244313209090185,-0.30713607826233774,287.0,1.0,1.0,1.0,1.0,1.0,1.0,1.0,1.0,0.07933714240789413,0.07838921248912811,0.9317968487739563,-0.9684757590293884,0.15275424718856812,0.9687565565109253,0.24801363050937653,0.4202222228050232
mirror_pair01_negative,1,negative,2,1,0.8977676630020142,-0.958473265171051,0.13488838076591492,-0.2875419855117798,1,0.6569989323616028,0.009522986508805292,-0.001920817305257143,348.0,1.0,1.0,1.0,1.0,0.2073078602552414,0.18965210020542145,1.0,1.0,1.0,1.0,0.0,0.0,0.18635930120944977,0.13761742413043976,0.990485429763794,0.04394444450736046
mirror_pair01_negative,1,negative,2,2,0.8984779715538025,-0.9587977528572083,0.13492390513420105,-0.2876393496990204,1,0.6072120666503906,0.034464409956922015,-0.008403687280513057,343.0,1.0,1.0,1.0,1.0,0.210832878947258,0.18771398067474365,1.0,1.0,1.0,1.0,0.0,0.0,0.1854572296142578,0.15557248890399933,0.9878244996070862,0.04972222074866295
mirror_pair01_negative,1,negative,2,3,0.9379369616508484,-0.9735475778579712,0.13689684867858887,-0.29206427931785583,1,0.6065969467163086,0.060308310451137374,-0.017195885334383123,339.0,1.0,1.0,1.0,1.0,0.23227836191654205,0.17348916828632355,1.0,1.0,1.0,1.0,0.8977676630020142,-0.958473265171051,0.18310850858688354,0.2436150163412094,0.969871997833252,0.07833333313465118
mirror_pair01_negative,1,negative,2,4,0.9389708042144775,-0.9751191735267639,0.13694854080677032,-0.2925357520580292,1,0.579596996307373,0.0861443861600741,-0.02773460673183502,336.0,1.0,1.0,1.0,1.0,1.0,0.17331340909004211,0.20329175889492035,1.0,1.0,1.0,0.8984779715538025,-0.9587977528572083,0.18066701292991638,0.3143238425254822,0.9493157863616943,0.10177777707576752
mirror_pair01_negative,1,negative,2,5,0.941161036491394,-0.9759278297424316,0.1370580494403839,-0.2927783727645874,1,0.5311888456344604,0.11141811165060359,-0.039830865400006625,333.0,1.0,1.0,1.0,1.0,1.0,0.16559913754463196,0.17587126791477203,1.0,1.0,1.0,0.9379369616508484,-0.9735475778579712,0.17822211980819702,0.3681245446205139,0.9297764897346497,0.11999999731779099
mirror_pair01_negative,1,negative,2,6,0.9430069923400879,-0.9766225814819336,0.1371503472328186,-0.29298678040504456,1,0.5232490301132202,0.13582171855132963,-0.0532899359728309,329.0,1.0,1.0,1.0,1.0,1.0,0.15725301206111908,0.15176823735237122,1.0,1.0,1.0,0.9389708042144775,-0.9751191735267639,0.17582859098911285,0.4215106964111328,0.906823456287384,0.13850000500679016
mirror_pair01_negative,1,negative,2,7,0.9448872804641724,-0.9773581027984619,0.13724437355995178,-0.29320743680000305,1,0.47069376707077026,0.15925999773371907,-0.06808334114974221,326.0,1.0,1.0,1.0,1.0,1.0,0.16050875186920166,0.14949972927570343,1.0,1.0,1.0,0.941161036491394,-0.9759278297424316,0.1735183596611023,0.4896868169307709,0.8718984127044678,0.16288888454437256
mirror_pair01_negative,1,negative,2,8,0.9480122923851013,-0.9759276509284973,0.13740062713623047,-0.2927783131599426,1,0.44573450088500977,0.18199688368985162,-0.08446395662110494,322.0,1.0,1.0,1.0,1.0,1.0,0.16079212725162506,0.1344839334487915,0.17976881563663483,1.0,1.0,0.9430069923400879,-0.9766225814819336,0.17130327224731445,0.541121244430542,0.8409445881843567,0.18199999630451202
mirror_pair01_negative,1,negative,2,9,0.94971764087677,-0.9765689373016357,0.13748589158058167,-0.2929706871509552,1,0.43579918146133423,0.2036446817368129,-0.10207330660306635,319.0,1.0,1.0,1.0,1.0,1.0,0.17617276310920715,0.12735271453857422,0.1475221961736679,1.0,1.0,0.9448872804641724,-0.9773581027984619,0.16916178166866302,0.60543292760849,0.7958963513374329,0.2070000022649765
mirror_pair01_negative,1,negative,2,10,0.9342935681343079,-0.972239077091217,0.13671468198299408,-0.2916717231273651,1,0.42233067750930786,0.22423857229803992,-0.12088463994443789,316.0,1.0,1.0,1.0,1.0,1.0,1.0,0.12451405078172684,0.1307937651872635,1.0,1.0,0.9480122923851013,-0.9759276509284973,0.16713444888591766,0.6535527110099792,0.7568809986114502,0.22672222554683685
mirror_pair01_negative,1,negative,2,11,0.9362625479698181,-0.9729209542274475,0.13681313395500183,-0.29187628626823425,1,0.3882067799568176,0.24370990370338647,-0.14086232604962487,312.0,1.0,1.0,1.0,1.0,1.0,1.0,0.12391885370016098,0.12066590785980225,1.0,1.0,0.94971764087677,-0.9765689373016357,0.16522188484668732,0.6999126672744751,0.7142283916473389,0.24677777290344238
mirror_pair01_negative,1,negative,2,12,0.9234442710876465,-0.9682815670967102,0.13617222011089325,-0.2904844880104065,1,0.3721323609352112,0.26170697187981223,-0.16172255587373,309.0,1.0,1.0,1.0,1.0,1.0,1.0,0.1230815052986145,0.11091621965169907,0.14847303926944733,1.0,0.9342935681343079,-0.972239077091217,0.16343457996845245,0.7555105686187744,0.6551364660263062,0.2726111114025116
mirror_pair01_negative,1,negative,2,13,0.9251828193664551,-0.968845784664154,0.13625913858413696,-0.2906537353992462,1,0.3487253785133362,0.27855596527475845,-0.18369030907913378,306.0,1.0,1.0,1.0,1.0,1.0,1.0,0.1276370733976364,0.10632353276014328,0.11876083165407181,1.0,0.9362625479698181,-0.9729209542274475,0.1618088036775589,0.7962132692337036,0.6050161123275757,0.2931666672229767
mirror_pair01_negative,1,negative,2,14,0.9269074201583862,-0.969393789768219,0.13634537160396576,-0.29081815481185913,1,0.34676674008369446,0.2941900022022496,-0.2067295308453848,302.0,1.0,1.0,1.0,1.0,1.0,1.0,0.14612556993961334,0.09963582456111908,0.1026744693517685,1.0,0.9234442710876465,-0.9682815670967102,0.1603187620639801,0.8340784311294556,0.5516458749771118,0.3140000104904175
mirror_pair01_negative,1,negative,2,15,0.9277006387710571,-0.9670597910881042,0.13638503849506378,-0.29011794924736023,1,0.3379206359386444,0.30843351733161806,-0.23059846968381456,299.0,1.0,1.0,1.0,1.0,1.0,1.0,1.0,0.09907621145248413,0.10011080652475357,0.13757508993148804,0.9251828193664551,-0.968845784664154,0.15897510945796967,0.8772299885749817,0.48007041215896606,0.3406111001968384
mirror_pair01_negative,1,negative,2,16,0.9303099513053894,-0.9680060148239136,0.13651549816131592,-0.290401816368103,1,0.30205246806144714,0.3212191435606483,-0.25507979775124745,296.0,1.0,1.0,1.0,1.0,1.0,1.0,1.0,0.10290461778640747,0.09654875099658966,0.11286710947751999,0.9269074201583862,-0.969393789768219,0.15779715776443481,0.9074110984802246,0.42024409770965576,0.36194443702697754
mirror_pair01_negative,1,negative,2,17,0.932528555393219,-0.9688354134559631,0.1366264373064041,-0.2906506359577179,1,0.30205246806144714,0.33262029847684726,-0.28044775821752554,292.0,1.0,1.0,1.0,1.0,1.0,1.0,1.0,0.11306508630514145,0.08630070835351944,0.0965290516614914,0.9277006387710571,-0.9670597910881042,0.15679314732551575,0.9336429834365845,0.35820499062538147,0.383388876914978
mirror_pair01_negative,1,negative,2,18,0.935420572757721,-0.9700019359588623,0.046771030873060226,-0.2910006046295166,1,0.3049410283565521,0.3392042739411958,-0.2977021920646428,288.0,1.0,1.0,1.0,1.0,1.0,1.0,1.0,0.13720650970935822,0.08765505999326706,0.09557249397039413,0.9303099513053894,-0.9680060148239136,0.15596166253089905,0.9608275294303894,0.27714696526527405,0.4106111228466034
mirror_pair01_negative,1,negative,2,19,0.9373854398727417,-0.9734846949577332,0.046869274228811264,-0.2920454144477844,1,0.29993098974227905,0.342008165881545,-0.3072087025011856,285.0,1.0,1.0,1.0,1.0,1.0,1.0,1.0,1.0,0.08712600916624069,0.08813244849443436,0.932528555393219,-0.9688354134559631,0.15552639961242676,0.9799942374229431,0.19902586936950684,0.43622222542762756
mirror_pair01_negative,1,negative,2,20,0.9390701055526733,-0.9740000367164612,0.046953506767749786,-0.2922000288963318,1,0.2896084785461426,0.34417870417436,-0.3164272903245272,282.0,1.0,1.0,1.0,1.0,1.0,1.0,1.0,1.0,0.08952944725751877,0.0856945663690567,0.935420572757721,-0.9700019359588623,0.15537028014659882,0.9899003505706787,0.14176513254642487,0.45472222566604614
mirror_pair01_negative,1,negative,3,1,0.8977184295654297,-0.958465039730072,0.13488592207431793,-0.2875395119190216,1,0.6588568091392517,0.007982709951322744,-0.0016239102221994948,347.0,1.0,1.0,1.0,1.0,0.20172187685966492,0.1945624053478241,1.0,1.0,1.0,1.0,0.0,0.0,0.18637584149837494,0.13761742413043976,0.990485429763794,0.04394444450736046
mirror_pair01_negative,1,negative,3,2,0.8992798328399658,-0.9591453075408936,0.1349639892578125,-0.28774359822273254,1,0.6066390872001648,0.030183497966968786,-0.008020803079691653,341.0,1.0,1.0,1.0,1.0,0.20598521828651428,0.1882448047399521,1.0,1.0,1.0,1.0,0.0,0.0,0.18560180068016052,0.17261679470539093,0.9849890470504761,0.055222220718860626
mirror_pair01_negative,1,negative,3,3,0.9377316236495972,-0.9746268391609192,0.1368865817785263,-0.29238805174827576,1,0.5948731899261475,0.05575711233237685,-0.017900383129046363,337.0,1.0,1.0,1.0,1.0,1.0,0.17332544922828674,0.2285342663526535,1.0,1.0,1.0,0.8977184295654297,-0.958465039730072,0.18350808322429657,0.2773146629333496,0.9607791304588318,0.08944444358348846
mirror_pair01_negative,1,negative,3,4,0.9401074647903442,-0.975567102432251,0.13700537383556366,-0.2926701307296753,1,0.5751606822013855,0.08112548244365762,-0.029442882902090014,334.0,1.0,1.0,1.0,1.0,1.0,0.1699637621641159,0.1895720511674881,1.0,1.0,1.0,0.8992798328399658,-0.9591453075408936,0.1810869574546814,0.34775397181510925,0.9375858306884766,0.11305555701255798
mirror_pair01_negative,1,negative,3,5,0.9421440958976746,-0.9763320088386536,0.13710720837116241,-0.29289960861206055,1,0.5528889894485474,0.10591650546486209,-0.04251766222857448,330.0,1.0,1.0,1.0,1.0,1.0,0.17020337283611298,0.16433162987232208,1.0,1.0,1.0,0.9377316236495972,-0.9746268391609192,0.1786821186542511,0.40130841732025146,0.9159429669380188,0.13144443929195404
mirror_pair01_negative,1,negative,3,6,0.9442206025123596,-0.9771209359169006,0.13721103966236115,-0.2931362986564636,1,0.5073840618133545,0.12976636328746843,-0.056938247616601684,327.0,1.0,1.0,1.0,1.0,1.0,0.16410064697265625,0.15796828269958496,1.0,1.0,1.0,0.9401074647903442,-0.975567102432251,0.1763313263654709,0.46977972984313965,0.8827836513519287,0.15566666424274445
mirror_pair01_negative,1,negative,3,7,0.94573575258255,-0.9777035117149353,0.13728679716587067,-0.29331105947494507,1,0.4974760413169861,0.15260944732630344,-0.07272102883420085,324.0,1.0,1.0,1.0,1.0,1.0,0.16842320561408997,0.14496687054634094,1.0,1.0,1.0,0.9421440958976746,-0.9763320088386536,0.17407192289829254,0.521605372428894,0.853186845779419,0.17466667294502258
mirror_pair01_negative,1,negative,3,8,0.9485777616500854,-0.9761666059494019,0.1374288946390152,-0.29284998774528503,1,0.46910005807876587,0.17467184193538846,-0.08997354392925065,320.0,1.0,1.0,1.0,1.0,1.0,0.17998893558979034,0.14213600754737854,0.16427889466285706,1.0,1.0,0.9442206025123596,-0.9771209359169006,0.17191311717033386,0.572288990020752,0.8200520277023315,0.19394443929195404
mirror_pair01_negative,1,negative,3,9,0.9335377812385559,-0.9720195531845093,0.13667689263820648,-0.2916058897972107,1,0.44156232476234436,0.19562905809464826,-0.1084527395888888,317.0,1.0,1.0,1.0,1.0,1.0,1.0,0.1340285837650299,0.1435243785381317,1.0,1.0,0.94573575258255,-0.9777035117149353,0.16983743011951447,0.635269820690155,0.7722902894020081,0.2191111147403717
mirror_pair01_negative,1,negative,3,10,0.9355173707008362,-0.9726831316947937,0.1367758810520172,-0.2918049395084381,1,0.41020938754081726,0.21538363426360335,-0.12798435010745532,314.0,1.0,1.0,1.0,1.0,1.0,1.0,0.12616066634655,0.1272074282169342,1.0,1.0,0.9485777616500854,-0.9761666059494019,0.16787932813167572,0.6822535991668701,0.7311155796051025,0.23899999260902405
mirror_pair01_negative,1,negative,3,11,0.9373465776443481,-0.9733200073242188,0.13686732947826385,-0.2919960021972656,1,0.39670130610466003,0.23392062507154654,-0.14858175243505922,310.0,1.0,1.0,1.0,1.0,1.0,1.0,0.12562301754951477,0.11720268428325653,1.0,1.0,0.9335377812385559,-0.9720195531845093,0.16605183482170105,0.7270541787147522,0.6865801215171814,0.25911110639572144
mirror_pair01_negative,1,negative,3,12,0.9245345592498779,-0.9686676859855652,0.13622672855854034,-0.29060032963752747,1,0.38020509481430054,0.25123207145080756,-0.17034306175244363,307.0,1.0,1.0,1.0,1.0,1.0,1.0,0.13441401720046997,0.11334323137998581,0.13393352925777435,1.0,0.9355173707008362,-0.9726831316947937,0.1643601655960083,0.7806485891342163,0.6249701976776123,0.28511109948158264
mirror_pair01_negative,1,negative,3,13,0.9264752268791199,-0.9692956805229187,0.13632376492023468,-0.2907887101173401,1,0.37144961953163147,0.2671559773206106,-0.19292049296759517,304.0,1.0,1.0,1.0,1.0,1.0,1.0,0.14942994713783264,0.10863002389669418,0.11999987065792084,1.0,0.9373465776443481,-0.9733200073242188,0.1628095656633377,0.8195523023605347,0.573004424571991,0.30577778816223145
mirror_pair01_negative,1,negative,3,14,0.9159355759620667,-0.964426577091217,0.13579678535461426,-0.2893279790878296,1,0.35555291175842285,0.2818102345562824,-0.2164330642078832,300.0,1.0,1.0,1.0,1.0,1.0,1.0,1.0,0.10612846165895462,0.10741788148880005,1.0,0.9245345592498779,-0.9686676859855652,0.16141818463802338,0.855454683303833,0.5178776979446411,0.32672223448753357
mirror_pair01_negative,1,negative,3,15,0.9293236136436462,-0.9677077531814575,0.13646619021892548,-0.29031234979629517,1,0.32562121748924255,0.29515991633890076,-0.2408937471720767,297.0,1.0,1.0,1.0,1.0,1.0,1.0,1.0,0.1069672703742981,0.10158654302358627,0.13238705694675446,0.9264752268791199,-0.9692956805229187,0.16017936170101166,0.8957893252372742,0.444478839635849,0.35338887572288513
mirror_pair01_negative,1,negative,3,16,0.9316532015800476,-0.9685609340667725,0.13658267259597778,-0.2905682921409607,1,0.32562121748924255,0.3069105809563846,-0.26583383309413733,294.0,1.0,1.0,1.0,1.0,1.0,1.0,1.0,0.11590944230556488,0.09303463250398636,0.10537072271108627,0.9159355759620667,-0.964426577091217,0.15910053253173828,0.923612117767334,0.38332831859588623,0.37477776408195496
mirror_pair01_negative,1,negative,3,17,0.9341347813606262,-0.9695090651512146,0.04670673981308937,-0.29085272550582886,1,0.330841600894928,0.31367772357163615,-0.2823727447757513,290.0,1.0,1.0,1.0,1.0,1.0,1.0,1.0,0.1280171424150467,0.09557872265577316,0.0954727753996849,0.9293236136436462,-0.9677077531814575,0.1582091599702835,0.9473780393600464,0.3201169967651367,0.3962777853012085
mirror_pair01_negative,1,negative,3,18,0.9361701011657715,-0.9731391668319702,0.04680850729346275,-0.29194176197052,1,0.33061906695365906,0.31678367009305625,-0.2916929291636743,287.0,1.0,1.0,1.0,1.0,1.0,1.0,1.0,1.0,0.09452617168426514,0.09480650722980499,0.9316532015800476,-0.9685609340667725,0.15773314237594604,0.9699144959449768,0.2434457391500473,0.4217222332954407
mirror_pair01_negative,1,negative,3,19,0.9379079341888428,-0.9736793637275696,0.04689539596438408,-0.2921038269996643,1,0.3052991032600403,0.319358135288183,-0.3012510479512091,283.0,1.0,1.0,1.0,1.0,1.0,1.0,1.0,1.0,0.09720287472009659,0.09446258842945099,0.9341347813606262,-0.9695090651512146,0.15753746032714844,0.9823852181434631,0.18686696887016296,0.4401666522026062
mirror_pair01_negative,1,negative,3,20,0.9401195049285889,-0.9743478298187256,0.04700597748160362,-0.2923043668270111,1,0.3052991032600403,0.32137925409321955,-0.3110182984011392,280.0,1.0,1.0,1.0,1.0,1.0,1.0,1.0,1.0,0.10006356239318848,0.08722831308841705,0.9361701011657715,-0.9731391668319702,0.15739847719669342,0.9936898350715637,0.11216268688440323,0.4642222225666046
mirror_pair02_positive,2,positive,1,1,0.8902461528778076,-0.9545413851737976,0.1345123052597046,-0.2863624393939972,1,0.6192723512649536,0.004760857826874125,0.0005601794997195591,7.0,1.0,1.0,1.0,1.0,0.1883314847946167,0.17693495750427246,1.0,1.0,1.0,1.0,0.0,0.0,0.18617871403694153,-0.07689304649829865,0.9970393180847168,-0.02449999935925007
mirror_pair02_positive,2,positive,1,2,0.890293538570404,-0.9545504450798035,0.1345146894454956,-0.2863651514053345,1,0.5892260670661926,0.019307000483973488,0.0027233982929363715,9.0,1.0,1.0,1.0,1.0,0.18118725717067719,0.1796431839466095,1.0,1.0,1.0,1.0,0.0,0.0,0.18582582473754883,-0.0770670622587204,0.9970259070396423,-0.02455555647611618
mirror_pair02_positive,2,positive,1,3,0.9297967553138733,-0.9694839715957642,0.1364898383617401,-0.29084521532058716,1,0.5642349123954773,0.045617742763146306,0.006632292901541217,7.0,1.0,1.0,1.0,1.0,0.16835030913352966,0.17411211133003235,1.0,1.0,1.0,1.0,0.8902461528778076,-0.9545413851737976,0.18446481227874756,-0.11268296837806702,0.9936310052871704,-0.03594444319605827
mirror_pair02_positive,2,positive,1,4,0.9307656288146973,-0.969916582107544,0.1365382820367813,-0.2909749746322632,1,0.5338835716247559,0.07344258197611406,0.009186115679652522,4.0,1.0,1.0,1.0,1.0,0.1693805754184723,0.16120997071266174,1.0,1.0,1.0,1.0,0.890293538570404,-0.9545504450798035,0.18200334906578064,-0.07932904362678528,0.996848464012146,-0.02527777850627899
mirror_pair02_positive,2,positive,1,5,0.9324016571044922,-0.9706431031227112,0.13662008941173553,-0.2911929488182068,1,0.4911431074142456,0.10107536285486764,0.010127447242267705,0.0,1.0,1.0,1.0,1.0,0.17102324962615967,0.15253816545009613,1.0,1.0,1.0,1.0,0.9297967553138733,-0.9694839715957642,0.1794067621231079,-0.027747172862291336,0.999614953994751,-0.008833332918584347
mirror_pair02_positive,2,positive,1,6,0.9440290927886963,-0.9755042791366577,0.1372014582157135,-0.29265129566192627,1,0.4722873568534851,0.12893002509144863,0.009474617214240635,357.0,1.0,1.0,1.0,1.0,0.16883006691932678,0.1403266042470932,0.18963231146335602,1.0,1.0,1.0,0.9307656288146973,-0.969916582107544,0.176834374666214,0.04222441092133522,0.9991081357002258,0.013444444164633751
mirror_pair02_positive,2,positive,1,7,0.9454054832458496,-0.9761295318603516,0.1372702717781067,-0.2928388714790344,1,0.4428378939628601,0.15685845585416605,0.007162982243150095,354.0,1.0,1.0,1.0,1.0,0.17574672400951385,0.13493923842906952,0.1552067995071411,1.0,1.0,1.0,0.9324016571044922,-0.9706431031227112,0.17424772679805756,0.09549828618764877,0.9954295754432678,0.030444445088505745
mirror_pair02_positive,2,positive,1,8,0.9363747239112854,-0.9736955165863037,0.13681873679161072,-0.2921086549758911,1,0.42041143774986267,0.1844429575978944,0.003246270969486614,350.0,1.0,1.0,1.0,1.0,1.0,0.1265251189470291,0.1353047788143158,1.0,1.0,1.0,0.9440290927886963,-0.9755042791366577,0.17166130244731903,0.14936277270317078,0.9887824654579163,0.0477222204208374
mirror_pair02_positive,2,positive,1,9,0.9384315609931946,-0.9745583534240723,0.13692158460617065,-0.29236751794815063,1,0.381024569272995,0.21177539480684224,-0.0022394256092581237,347.0,1.0,1.0,1.0,1.0,1.0,0.12011755257844925,0.1216835007071495,1.0,1.0,1.0,0.9454054832458496,-0.9761295318603516,0.16911454498767853,0.22069743275642395,0.975342333316803,0.07083333283662796
mirror_pair02_positive,2,positive,1,10,0.9398781061172485,-0.9751740097999573,0.1369939148426056,-0.2925522029399872,1,0.37603887915611267,0.23853637644785425,-0.009313432803090285,343.0,1.0,1.0,1.0,1.0,1.0,0.12028766423463821,0.10886416584253311,1.0,1.0,1.0,0.9363747239112854,-0.9736955165863037,0.16660012304782867,0.27513399720191956,0.961405873298645,0.08872222155332565
mirror_pair02_positive,2,positive,1,11,0.9433115720748901,-0.9734460711479187,0.13716557621955872,-0.2920338213443756,1,0.33044853806495667,0.2650263711454407,-0.018078308047667174,340.0,1.0,1.0,1.0,1.0,1.0,0.1187896877527237,0.10743968188762665,0.12084383517503738,1.0,1.0,0.9384315609931946,-0.9745583534240723,0.16414953768253326,0.3459533154964447,0.9382517337799072,0.1124444454908371
mirror_pair02_positive,2,positive,1,12,0.9448392391204834,-0.9740734100341797,0.13724195957183838,-0.2922220230102539,1,0.2973932921886444,0.2909622284339651,-0.028363505283343388,337.0,1.0,1.0,1.0,1.0,1.0,0.12042196094989777,0.0944138690829277,0.10322996228933334,1.0,1.0,0.9398781061172485,-0.9751740097999573,0.16173772513866425,0.40002912282943726,0.9165024161338806,0.13099999725818634
mirror_pair02_positive,2,positive,1,13,0.9462417364120483,-0.9746887683868408,0.13731208443641663,-0.2924066483974457,1,0.28540611267089844,0.3163890145447252,-0.04019202713408222,333.0,1.0,1.0,1.0,1.0,1.0,0.1251121461391449,0.08496951311826706,0.0963941216468811,1.0,1.0,0.9433115720748901,-0.9734460711479187,0.15939289331436157,0.4535239040851593,0.891244113445282,0.1498333364725113
mirror_pair02_positive,2,positive,1,14,0.9098135828971863,-0.9630671143531799,0.13549068570137024,-0.288920134305954,1,0.266277551651001,0.3407177504653959,-0.0532889427031793,330.0,1.0,1.0,1.0,1.0,1.0,1.0,0.08827657252550125,0.08154460042715073,0.11330413818359375,1.0,0.9448392391204834,-0.9740734100341797,0.1571142077445984,0.5214564800262451,0.853277862071991,0.17461110651493073
mirror_pair02_positive,2,positive,1,15,0.9119617938995361,-0.9638522267341614,0.1355980932712555,-0.2891556918621063,1,0.2637406289577484,0.363994862305489,-0.06769133000042349,327.0,1.0,1.0,1.0,1.0,1.0,1.0,0.08224095404148102,0.07607930153608322,0.08985637873411179,1.0,0.9462417364120483,-0.9746887683868408,0.15495790541172028,0.57286137342453,0.819652259349823,0.1941666603088379
mirror_pair02_positive,2,positive,1,16,0.9141062498092651,-0.9646875858306885,0.13570532202720642,-0.28940629959106445,1,0.22197777032852173,0.386607888014747,-0.08356442039836456,323.0,1.0,1.0,1.0,1.0,1.0,1.0,0.08072144538164139,0.07535446435213089,0.07995649427175522,1.0,0.9098135828971863,-0.9630671143531799,0.15292344987392426,0.6227877736091614,0.782390832901001,0.21400000154972076
mirror_pair02_positive,2,positive,1,17,0.9267876148223877,-0.9674551486968994,0.13633938133716583,-0.29023656249046326,1,0.19040092825889587,0.4084315183162862,-0.10087210086587729,320.0,1.0,1.0,1.0,1.0,1.0,1.0,0.08757488429546356,0.06342221796512604,0.07180933654308319,0.09492660313844681,0.9119617938995361,-0.9638522267341614,0.15098057687282562,0.6839107275009155,0.7295657396316528,0.23972222208976746
mirror_pair02_positive,2,positive,2,1,0.8909117579460144,-0.9548858404159546,0.13454559445381165,-0.28646576404571533,1,0.607079029083252,0.002494650344109672,0.00027631425060167813,7.0,1.0,1.0,1.0,1.0,0.1874340921640396,0.17700599133968353,1.0,1.0,1.0,1.0,0.0,0.0,0.18625333905220032,-0.05948060005903244,0.998229444026947,-0.01894444413483143
mirror_pair02_positive,2,positive,2,2,0.8905234336853027,-0.9546034932136536,0.13452617824077606,-0.2863810658454895,1,0.5745019912719727,0.019690454458261668,0.0020083793861356307,3.0,1.0,1.0,1.0,1.0,0.18144632875919342,0.17345115542411804,1.0,1.0,1.0,1.0,0.0,0.0,0.18603764474391937,-0.0770670622587204,0.9970259070396423,-0.02455555647611618
mirror_pair02_positive,2,positive,2,3,0.9322463274002075,-0.9707430601119995,0.13661232590675354,-0.2912229299545288,1,0.5464775562286377,0.04640718256192717,0.002377037145928089,359.0,1.0,1.0,1.0,1.0,0.18629924952983856,0.1641434282064438,1.0,1.0,1.0,1.0,0.8909117579460144,-0.9548858404159546,0.18443211913108826,-0.007679373025894165,0.9999704957008362,-0.0024444444570690393
mirror_pair02_positive,2,positive,2,4,0.9434182643890381,-0.9754379391670227,0.1371709108352661,-0.2926313877105713,1,0.5105266571044922,0.0741996768925081,0.001092132829762515,356.0,1.0,1.0,1.0,1.0,0.20033760368824005,0.1561364382505417,0.22013823688030243,1.0,1.0,1.0,0.8905234336853027,-0.9546034932136536,0.18194735050201416,0.06244213879108429,0.9980486035346985,0.01988888904452324
mirror_pair02_positive,2,positive,2,5,0.9347521066665649,-0.9731228351593018,0.1367376148700714,-0.29193687438964844,1,0.49404826760292053,0.1019150333918865,-0.0017728595198781224,352.0,1.0,1.0,1.0,1.0,1.0,0.14586475491523743,0.1756119430065155,1.0,1.0,1.0,0.9322463274002075,-0.9707430601119995,0.17936967313289642,0.11580398678779602,0.993272066116333,0.036944445222616196
mirror_pair02_positive,2,positive,2,6,0.9369582533836365,-0.9740463495254517,0.13684791326522827,-0.29221391677856445,1,0.48658186197280884,0.12943070413464358,-0.006229261042643108,349.0,1.0,1.0,1.0,1.0,1.0,0.1411566436290741,0.1551419347524643,1.0,1.0,1.0,0.9434182643890381,-0.9754379391670227,0.17680656909942627,0.18703842163085938,0.982352614402771,0.05988888815045357
mirror_pair02_positive,2,positive,2,7,0.9384728074073792,-0.9746871590614319,0.1369236409664154,-0.2924061715602875,1,0.44656944274902344,0.15645257738872795,-0.012357959624912429,345.0,1.0,1.0,1.0,1.0,1.0,0.1393815129995346,0.13902339339256287,1.0,1.0,1.0,0.9347521066665649,-0.9731228351593018,0.17427043616771698,0.24124443531036377,0.9704644083976746,0.07755555212497711
mirror_pair02_positive,2,positive,2,8,0.9404813051223755,-0.9755130410194397,0.13702407479286194,-0.2926539182662964,1,0.4200853407382965,0.1787758795194382,-0.01871028145949354,343.0,1.0,1.0,1.0,1.0,1.0,0.1374593824148178,0.12759126722812653,1.0,1.0,1.0,0.9369582533836365,-0.9740463495254517,0.17179052531719208,0.3121691048145294,0.9500265717506409,0.1010555550456047
mirror_pair02_positive,2,positive,2,9,0.9428761601448059,-0.9734755754470825,0.1371438205242157,-0.29204267263412476,1,0.38156723976135254,0.20953672707702656,-0.02942957743399762,339.0,1.0,1.0,1.0,1.0,1.0,0.14728771150112152,0.12002438306808472,0.14776423573493958,1.0,1.0,0.9384728074073792,-0.9746871590614319,0.1697511076927185,0.3490627706050873,0.9370993375778198,0.11349999904632568
mirror_pair02_positive,2,positive,2,10,0.9448814392089844,-0.9742840528488159,0.1372440755367279,-0.2922852337360382,1,0.37415316700935364,0.2354090529429546,-0.04033316389538827,335.0,1.0,1.0,1.0,1.0,1.0,0.14810062944889069,0.1090192124247551,0.12364781647920609,1.0,1.0,0.9404813051223755,-0.9755130410194397,0.16695795953273773,0.41992732882499695,0.9075577259063721,0.13794444501399994
mirror_pair02_positive,2,positive,2,11,0.9276065230369568,-0.969569742679596,0.13638032972812653,-0.29087093472480774,1,0.35304415225982666,0.2560376899425171,-0.05035219602369529,333.0,1.0,1.0,1.0,1.0,1.0,1.0,0.1069009080529213,0.10994908958673477,1.0,1.0,0.9428761601448059,-0.9734755754470825,0.1646280735731125,0.4884689450263977,0.8725813031196594,0.16244444251060486
mirror_pair02_positive,2,positive,2,12,0.9109222292900085,-0.9636107683181763,0.13554611802101135,-0.28908324241638184,1,0.32587626576423645,0.2840043925728219,-0.0661043254699903,329.0,1.0,1.0,1.0,1.0,1.0,1.0,0.1041780486702919,0.10086975991725922,0.14978016912937164,1.0,0.9448814392089844,-0.9742840528488159,0.16278640925884247,0.5241345763206482,0.8516354560852051,0.17561110854148865
mirror_pair02_positive,2,positive,2,13,0.9133986830711365,-0.9645236730575562,0.13566994667053223,-0.28935712575912476,1,0.31697922945022583,0.30723571192748006,-0.08120512061634257,325.0,1.0,1.0,1.0,1.0,1.0,1.0,0.1030171662569046,0.09310750663280487,0.1166234016418457,1.0,0.9276065230369568,-0.969569742679596,0.16031940281391144,0.5907465219497681,0.8068572282791138,0.20116665959358215
mirror_pair02_positive,2,positive,2,14,0.9162498712539673,-0.9655763506889343,0.13581249117851257,-0.2896729111671448,1,0.300855427980423,0.3294753763275636,-0.09755433197727736,322.0,1.0,1.0,1.0,1.0,1.0,1.0,0.10645521432161331,0.09056549519300461,0.10331781953573227,1.0,0.9109222292900085,-0.9636107683181763,0.15830251574516296,0.6532884836196899,0.7571091055870056,0.22661110758781433
mirror_pair02_positive,2,positive,2,15,0.9182753562927246,-0.9662872552871704,0.13591377437114716,-0.2898861765861511,1,0.2635800540447235,0.35081355505896095,-0.11517595205112795,319.0,1.0,1.0,1.0,1.0,1.0,1.0,0.12132333219051361,0.08990300446748734,0.08595869690179825,1.0,0.9133986830711365,-0.9645236730575562,0.15640677511692047,0.6999126672744751,0.7142283916473389,0.24677777290344238
mirror_pair02_positive,2,positive,2,16,0.9177966713905334,-0.9629932641983032,0.13588984310626984,-0.2888979911804199,1,0.24343231320381165,0.367685939103055,-0.13074906900987354,316.0,1.0,1.0,1.0,1.0,1.0,1.0,1.0,0.08360376209020615,0.07530858367681503,0.09969938546419144,0.9162498712539673,-0.9655763506889343,0.15462829172611237,0.7444280982017517,0.6677026152610779,0.2672777771949768
mirror_pair02_positive,2,positive,2,17,0.9205827713012695,-0.9640724062919617,0.13602913916110992,-0.28922173380851746,1,0.24343231320381165,0.3899961059270903,-0.1539445721823421,312.0,1.0,1.0,1.0,1.0,1.0,1.0,1.0,0.09004639834165573,0.06955208629369736,0.08107344806194305,0.9182753562927246,-0.9662872552871704,0.15325844287872314,0.7849926948547363,0.6195050477981567,0.28733333945274353
mirror_pair02_positive,2,positive,2,18,0.9241681098937988,-0.9654836654663086,0.1362084150314331,-0.28964510560035706,1,0.25935229659080505,0.40793021366990523,-0.1750543262723669,309.0,1.0,1.0,1.0,1.0,1.0,1.0,1.0,0.09463387727737427,0.07508014142513275,0.0764690563082695,0.9177966713905334,-0.9629932641983032,0.15151050686836243,0.8351359963417053,0.550043523311615,0.3146111071109772
mirror_pair02_positive,2,positive,2,19,0.9269296526908875,-0.966626763343811,0.1363464891910553,-0.28998804092407227,1,0.23757000267505646,0.42471888176912914,-0.19728674088416817,305.0,1.0,1.0,1.0,1.0,1.0,1.0,1.0,0.11334393918514252,0.07757620513439178,0.07410065829753876,0.9205827713012695,-0.9640724062919617,0.15017147362232208,0.8700977563858032,0.4928792119026184,0.33594444394111633
mirror_pair02_positive,2,positive,2,20,0.9298880696296692,-0.971021294593811,0.13649441301822662,-0.29130640625953674,1,0.23757000267505646,0.44009422561463885,-0.22033766306534822,302.0,1.0,1.0,1.0,1.0,1.0,1.0,1.0,1.0,0.07830562442541122,0.0678771436214447,0.9241681098937988,-0.9654836654663086,0.14898860454559326,0.9088724851608276,0.4170740842819214,0.363055557012558
mirror_pair02_positive,2,positive,3,1,0.8909202814102173,-0.9548892378807068,0.13454601168632507,-0.2864667773246765,1,0.6073286533355713,0.009419329594834717,0.0011023706640818024,7.0,1.0,1.0,1.0,1.0,0.18525217473506927,0.17815276980400085,1.0,1.0,1.0,1.0,0.0,0.0,0.18627160787582397,-0.05948060005903244,0.998229444026947,-0.01894444413483143
mirror_pair02_positive,2,positive,3,2,0.8905129432678223,-0.9545925259590149,0.13452565670013428,-0.28637775778770447,1,0.5924069285392761,0.0303180591717705,0.003920018475574778,8.0,1.0,1.0,1.0,1.0,0.1806327998638153,0.1735224723815918,1.0,1.0,1.0,1.0,0.0,0.0,0.18539056181907654,-0.07724107056856155,0.9970124363899231,-0.024611111730337143
mirror_pair02_positive,2,positive,3,3,0.9302151203155518,-0.9696884751319885,0.13651075959205627,-0.29090654850006104,1,0.5422489047050476,0.056883224448675565,0.007009881022513759,5.0,1.0,1.0,1.0,1.0,0.17312633991241455,0.16925911605358124,1.0,1.0,1.0,1.0,0.8909202814102173,-0.9548892378807068,0.18343643844127655,-0.09567201882600784,0.9954128861427307,-0.030500000342726707
mirror_pair02_positive,2,positive,3,4,0.9316679835319519,-0.9703503847122192,0.13658340275287628,-0.29110512137413025,1,0.5262631177902222,0.08468765148364864,0.0086042389978247,2.0,1.0,1.0,1.0,1.0,0.1711103767156601,0.15492825210094452,1.0,1.0,1.0,1.0,0.8905129432678223,-0.9545925259590149,0.18095466494560242,-0.044316843152046204,0.9990175366401672,-0.0141111109405756
mirror_pair02_positive,2,positive,3,5,0.9332900047302246,-0.9710713028907776,0.1366645097732544,-0.29132139682769775,1,0.47049471735954285,0.11242382887464424,0.008567060077078751,358.0,1.0,1.0,1.0,1.0,0.1696634441614151,0.15036089718341827,1.0,1.0,1.0,1.0,0.9302151203155518,-0.9696884751319885,0.17836374044418335,0.007853901013731956,0.9999691843986511,0.0024999999441206455
mirror_pair02_positive,2,positive,3,6,0.9449381232261658,-0.9759213328361511,0.13724690675735474,-0.2927764058113098,1,0.47049471735954285,0.1403074679239664,0.006949403113333774,355.0,1.0,1.0,1.0,1.0,0.17721037566661835,0.1344270557165146,0.16934733092784882,1.0,1.0,1.0,0.9316679835319519,-0.9703503847122192,0.17578570544719696,0.07811110466718674,0.9969446659088135,0.024888888001441956
mirror_pair02_positive,2,positive,3,7,0.9355854988098145,-0.9734082221984863,0.1367792785167694,-0.2920224666595459,1,0.4436369836330414,0.1680878928222089,0.0037245335990124338,352.0,1.0,1.0,1.0,1.0,1.0,0.13571076095104218,0.14390787482261658,1.0,1.0,1.0,0.9332900047302246,-0.9710713028907776,0.1732005476951599,0.1317373663187027,0.9912846684455872,0.04205555468797684
mirror_pair02_positive,2,positive,3,8,0.9373332262039185,-0.9741159677505493,0.13686665892601013,-0.2922348082065582,1,0.41225576400756836,0.19549433866008287,-0.0011301225705967637,348.0,1.0,1.0,1.0,1.0,1.0,0.12675341963768005,0.13176152110099792,1.0,1.0,1.0,0.9449381232261658,-0.9759213328361511,0.17063239216804504,0.18583811819553375,0.9825803637504578,0.05950000137090683
mirror_pair02_positive,2,positive,3,9,0.939363420009613,-0.9749574661254883,0.13696818053722382,-0.2924872636795044,1,0.36802396178245544,0.2225379834226557,-0.007573727053434369,345.0,1.0,1.0,1.0,1.0,1.0,0.11778736114501953,0.1198631003499031,1.0,1.0,1.0,0.9355854988098145,-0.9734082221984863,0.16810765862464905,0.25713279843330383,0.9663760662078857,0.08277777582406998
mirror_pair02_positive,2,positive,3,10,0.942441999912262,-0.973108172416687,0.13712210953235626,-0.29193246364593506,1,0.3480176329612732,0.24932374955123485,-0.015625798350391597,342.0,1.0,1.0,1.0,1.0,1.0,0.11802322417497635,0.10514970123767853,0.13796904683113098,1.0,1.0,0.9373332262039185,-0.9741159677505493,0.16562668979167938,0.3115057945251465,0.9502442479133606,0.10083333402872086
mirror_pair02_positive,2,positive,3,11,0.9439244866371155,-0.9737112522125244,0.13719622790813446,-0.29211339354515076,1,0.32414957880973816,0.27568211813519616,-0.025269161620909208,338.0,1.0,1.0,1.0,1.0,1.0,0.11847472190856934,0.09943360835313797,0.11827632039785385,1.0,1.0,0.939363420009613,-0.9749574661254883,0.16318194568157196,0.3660140037536621,0.9306093454360962,0.11927777528762817
mirror_pair02_positive,2,positive,3,12,0.9456495046615601,-0.9744446873664856,0.13728247582912445,-0.2923334240913391,1,0.2996840178966522,0.30100693071230744,-0.0362560843300826,335.0,1.0,1.0,1.0,1.0,1.0,0.1280628740787506,0.09261416643857956,0.09799225628376007,1.0,1.0,0.942441999912262,-0.973108172416687,0.16079165041446686,0.4358595311641693,0.9000146985054016,0.14355555176734924
mirror_pair02_positive,2,positive,3,13,0.9088667631149292,-0.9627508521080017,0.13544334471225739,-0.28882527351379395,1,0.29056301712989807,0.32562641933737174,-0.04875659330905217,331.0,1.0,1.0,1.0,1.0,1.0,1.0,0.08562400192022324,0.09068629890680313,0.13710252940654755,1.0,0.9439244866371155,-0.9737112522125244,0.15851350128650665,0.48877352476119995,0.8724107146263123,0.16255556046962738
mirror_pair02_positive,2,positive,3,14,0.9113804697990417,-0.9636741876602173,0.1355690360069275,-0.2891022562980652,1,0.28175944089889526,0.3495367742005138,-0.06271772599045644,328.0,1.0,1.0,1.0,1.0,1.0,1.0,0.08390695601701736,0.08301800489425659,0.10185550898313522,1.0,0.9456495046615601,-0.9744446873664856,0.15632134675979614,0.5555702447891235,0.8314695954322815,0.1875
mirror_pair02_positive,2,positive,3,15,0.9132250547409058,-0.9643921256065369,0.1356612592935562,-0.28931763768196106,1,0.2475147247314453,0.37251322511808643,-0.07796770389108419,325.0,1.0,1.0,1.0,1.0,1.0,1.0,0.08468643575906754,0.0805026963353157,0.08272608369588852,1.0,0.9088667631149292,-0.9627508521080017,0.15421901643276215,0.6059883832931519,0.7954734563827515,0.20722222328186035
mirror_pair02_positive,2,positive,3,16,0.9157812595367432,-0.9652753472328186,0.13578906655311584,-0.28958261013031006,1,0.23173405230045319,0.39465161209636135,-0.0945303949165737,322.0,1.0,1.0,1.0,1.0,1.0,1.0,0.08717495948076248,0.07071848958730698,0.0787975937128067,1.0,0.9113804697990417,-0.9636741876602173,0.15222997963428497,0.654872715473175,0.7557392120361328,0.22727777063846588
mirror_pair02_positive,2,positive,3,17,0.9275829792022705,-0.9677598476409912,0.1363791525363922,-0.2903279662132263,1,0.22200743854045868,0.4156989337615213,-0.11236007464464563,318.0,1.0,1.0,1.0,1.0,1.0,1.0,0.09633596986532211,0.06620972603559494,0.06830640137195587,0.09086564928293228,0.9132250547409058,-0.9643921256065369,0.15034984052181244,0.7017801403999329,0.712393581867218,0.24761110544204712
mirror_pair02_positive,2,positive,3,18,0.9184805154800415,-0.9630752801895142,0.13592402637004852,-0.28892260789871216,1,0.22200743854045868,0.4356662210923883,-0.13142530254634957,315.0,1.0,1.0,1.0,1.0,1.0,1.0,1.0,0.06709323823451996,0.06343069672584534,0.07424820959568024,0.9157812595367432,-0.9652753472328186,0.148606076836586,0.7580205202102661,0.6522307395935059,0.27383333444595337
mirror_pair02_positive,2,positive,3,19,0.9214497208595276,-0.964223325252533,0.13607248663902283,-0.28926700353622437,1,0.1975332796573639,0.4545624273298318,-0.151644138772789,311.0,1.0,1.0,1.0,1.0,1.0,1.0,1.0,0.06907596439123154,0.06376735121011734,0.06380702555179596,0.9275829792022705,-0.9677598476409912,0.14700205624103546,0.7993701696395874,0.600838840007782,0.29483333230018616
mirror_pair02_negative,2,negative,1,1,0.8953997492790222,-0.9571671485900879,0.1347699910402298,-0.28715014457702637,1,0.5986357927322388,0.009453027945479173,-0.0011075247016034816,352.0,1.0,1.0,1.0,1.0,0.17757193744182587,0.18546700477600098,1.0,1.0,1.0,1.0,0.0,0.0,0.18628394603729248,0.05948060005903244,0.998229444026947,0.01894444413483143
mirror_pair02_negative,2,negative,1,2,0.8970548510551453,-0.9578881859779358,0.13485275208950043,-0.28736647963523865,1,0.5682759284973145,0.03469115011097665,-0.0054806455835368926,348.0,1.0,1.0,1.0,1.0,0.17103879153728485,0.1815117597579956,1.0,1.0,1.0,1.0,0.0,0.0,0.18538741767406464,0.09462957829236984,0.9955125451087952,0.030166666954755783
mirror_pair02_negative,2,negative,1,3,0.936687707901001,-0.9728269577026367,0.13683438301086426,-0.2918480932712555,1,0.5284877419471741,0.061498982986705475,-0.01200614719073256,345.0,1.0,1.0,1.0,1.0,0.1779933124780655,0.16236455738544464,1.0,1.0,1.0,1.0,0.8953997492790222,-0.9571671485900879,0.1830236315727234,0.16556400060653687,0.9861990213394165,0.05294444411993027
mirror_pair02_negative,2,negative,1,4,0.9382584691047668,-0.9734830260276794,0.13691292703151703,-0.29204490780830383,1,0.5146288871765137,0.08816660604439024,-0.020157260704414835,341.0,1.0,1.0,1.0,1.0,0.17650510370731354,0.15099649131298065,1.0,1.0,1.0,1.0,0.8970548510551453,-0.9578881859779358,0.18050622940063477,0.2195056676864624,0.9756112098693848,0.07044444233179092
mirror_pair02_negative,2,negative,1,5,0.9491534233093262,-0.9779355525970459,0.13745766878128052,-0.2933806777000427,1,0.4797349274158478,0.11451015000535557,-0.02993874836443389,338.0,1.0,1.0,1.0,1.0,0.18533241748809814,0.1470368206501007,0.1776745468378067,1.0,1.0,1.0,0.936687707901001,-0.9728269577026367,0.1779976487159729,0.2907021939754486,0.9568135738372803,0.09388888627290726
mirror_pair02_negative,2,negative,1,6,0.9411312937736511,-0.975807249546051,0.13705657422542572,-0.29274219274520874,1,0.4671967923641205,0.1400422167898639,-0.04114282712662466,335.0,1.0,1.0,1.0,1.0,1.0,0.13706712424755096,0.15766339004039764,1.0,1.0,1.0,0.9382584691047668,-0.9734830260276794,0.17551679909229279,0.3446429371833801,0.9387338757514954,0.1120000034570694
mirror_pair02_negative,2,negative,1,7,0.9428893327713013,-0.9764840602874756,0.13714447617530823,-0.2929452359676361,1,0.4294910132884979,0.16465712567540522,-0.05376407789091278,331.0,1.0,1.0,1.0,1.0,1.0,0.13348479568958282,0.13897670805454254,1.0,1.0,1.0,0.9491534233093262,-0.9779355525970459,0.17311179637908936,0.39842891693115234,0.9171991944313049,0.13044443726539612
mirror_pair02_negative,2,negative,1,8,0.9449267983436584,-0.9772747159004211,0.13724634051322937,-0.2931824326515198,1,0.40011733770370483,0.1887573656633432,-0.06801608039132144,328.0,1.0,1.0,1.0,1.0,1.0,0.1295425295829773,0.12271171808242798,1.0,1.0,1.0,0.9411312937736511,-0.975807249546051,0.17079496383666992,0.4673127233982086,0.8840920925140381,0.15477778017520905
mirror_pair02_negative,2,negative,1,9,0.9481353759765625,-0.9757571220397949,0.13740676641464233,-0.29272714257240295,1,0.3752790093421936,0.21192457866877856,-0.08362595867779883,324.0,1.0,1.0,1.0,1.0,1.0,0.12136872112751007,0.11431924253702164,0.15102733671665192,1.0,1.0,0.9428893327713013,-0.9764840602874756,0.16853152215480804,0.5193699598312378,0.8545494675636292,0.17383334040641785
mirror_pair02_negative,2,negative,1,10,0.9500063061714172,-0.9764841198921204,0.1375003159046173,-0.2929452359676361,1,0.3544621467590332,0.23421910637805668,-0.10057931622645794,321.0,1.0,1.0,1.0,1.0,1.0,0.12497185915708542,0.10722257196903229,0.12767477333545685,1.0,1.0,0.9449267983436584,-0.9772747159004211,0.166364386677742,0.5846745371818542,0.8112679719924927,0.19877777993679047
mirror_pair02_negative,2,negative,1,11,0.9512852430343628,-0.9769898056983948,0.1375642716884613,-0.29309695959091187,1,0.3289327323436737,0.25540615679681283,-0.11873995113638258,318.0,1.0,1.0,1.0,1.0,1.0,0.1357555091381073,0.10127490013837814,0.11114095896482468,1.0,1.0,0.9481353759765625,-0.9757571220397949,0.164291650056839,0.6337859630584717,0.7735084891319275,0.21850000321865082
mirror_pair02_negative,2,negative,1,12,0.9356644153594971,-0.9725902676582336,0.13678322732448578,-0.291777104139328,1,0.30510279536247253,0.2753496101191354,-0.1380860638624144,314.0,1.0,1.0,1.0,1.0,1.0,1.0,0.09398078173398972,0.09653818607330322,1.0,1.0,0.9500063061714172,-0.9764841198921204,0.16233907639980316,0.6811043620109558,0.7321863770484924,0.23849999904632568
mirror_pair02_negative,2,negative,1,13,0.9218781590461731,-0.9675858020782471,0.13609391450881958,-0.2902757525444031,1,0.2787642478942871,0.294073581173015,-0.15846961165427054,311.0,1.0,1.0,1.0,1.0,1.0,1.0,0.09116408973932266,0.08717222511768341,0.10888025909662247,1.0,0.9512852430343628,-0.9769898056983948,0.1605234444141388,0.7382199168205261,0.6745601296424866,0.2643333375453949
mirror_pair02_negative,2,negative,1,14,0.9239615797996521,-0.9682900309562683,0.13619808852672577,-0.29048702120780945,1,0.26071465015411377,0.31167120916310387,-0.17999747802131105,308.0,1.0,1.0,1.0,1.0,1.0,1.0,0.09377701580524445,0.07964693009853363,0.09669101238250732,1.0,0.9356644153594971,-0.9725902676582336,0.15884636342525482,0.7803212404251099,0.6253788471221924,0.28494444489479065
mirror_pair02_negative,2,negative,1,15,0.9258701205253601,-0.9689293503761292,0.13629351556301117,-0.29067882895469666,1,0.2577192783355713,0.3280120703408362,-0.20255720799424104,304.0,1.0,1.0,1.0,1.0,1.0,1.0,0.09386973828077316,0.07448989897966385,0.07782008498907089,1.0,0.9218781590461731,-0.9675858020782471,0.1573038250207901,0.8195523023605347,0.573004424571991,0.30577778816223145
mirror_pair02_negative,2,negative,1,16,0.9369718432426453,-0.9713791012763977,0.1368485987186432,-0.2914137542247772,1,0.22331157326698303,0.3428585228714636,-0.2257756777472221,301.0,1.0,1.0,1.0,1.0,1.0,1.0,0.11010973155498505,0.0736340805888176,0.07427824288606644,0.09228050708770752,0.9239615797996521,-0.9682900309562683,0.15591204166412354,0.8646257519721985,0.5024164319038391,0.3324444591999054
mirror_pair02_negative,2,negative,1,17,0.9288204908370972,-0.9671940207481384,0.13644102215766907,-0.290158212184906,1,0.21830302476882935,0.3564292261828975,-0.25001701369619517,298.0,1.0,1.0,1.0,1.0,1.0,1.0,1.0,0.07202645391225815,0.0638033077120781,0.08149008452892303,0.9258701205253601,-0.9689293503761292,0.15469475090503693,0.896254301071167,0.4435405433177948,0.3537222146987915
mirror_pair02_negative,2,negative,1,18,0.9315237998962402,-0.9681875705718994,0.13657619059085846,-0.29045629501342773,1,0.2170034646987915,0.36860420121736936,-0.2751219589244756,294.0,1.0,1.0,1.0,1.0,1.0,1.0,1.0,0.07438678294420242,0.06795470416545868,0.06237229332327843,0.9369718432426453,-0.9713791012763977,0.15363796055316925,0.9242131114006042,0.38187703490257263,0.3752777874469757
mirror_pair02_negative,2,negative,1,19,0.9341719150543213,-0.9692145586013794,0.046708595007658005,-0.29076439142227173,1,0.19644388556480408,0.3770271245236907,-0.29629820131841217,287.0,1.0,1.0,1.0,1.0,1.0,1.0,1.0,0.08117629587650299,0.06200098991394043,0.06578918546438217,0.9288204908370972,-0.9671940207481384,0.15275569260120392,0.9535067677497864,0.3013715445995331,0.40255555510520935
mirror_pair02_negative,2,negative,2,1,0.8961507081985474,-0.9575121998786926,0.1348075419664383,-0.2872536778450012,1,0.6222661733627319,0.006274654677635302,-0.0006854682076786934,354.0,1.0,1.0,1.0,1.0,0.1777903288602829,0.18357540667057037,1.0,1.0,1.0,1.0,0.0,0.0,0.18618956208229065,0.07689304649829865,0.9970393180847168,0.02449999935925007
mirror_pair02_negative,2,negative,2,2,0.8954110145568848,-0.9571651816368103,0.13477055728435516,-0.287149578332901,1,0.5793426632881165,0.02699036678900541,-0.0033778451752489135,350.0,1.0,1.0,1.0,1.0,0.1780046671628952,0.1845790296792984,1.0,1.0,1.0,1.0,0.0,0.0,0.18568459153175354,0.05965482071042061,0.9982190728187561,0.01899999938905239
mirror_pair02_negative,2,negative,2,3,0.9358227849006653,-0.9724259972572327,0.1367911398410797,-0.29172781109809875,1,0.5412477850914001,0.053723133836222826,-0.008996769017468086,346.0,1.0,1.0,1.0,1.0,0.17167484760284424,0.16552647948265076,1.0,1.0,1.0,1.0,0.8961507081985474,-0.9575121998786926,0.18374796211719513,0.1300070583820343,0.9915130734443665,0.04149999842047691
mirror_pair02_negative,2,negative,2,4,0.9377353191375732,-0.9732627868652344,0.13688677549362183,-0.2919788360595703,1,0.5069133639335632,0.08056558503671893,-0.016326415764492282,343.0,1.0,1.0,1.0,1.0,0.17532595992088318,0.1546422243118286,1.0,1.0,1.0,1.0,0.8954110145568848,-0.9571651816368103,0.18124058842658997,0.2012488842010498,0.9795401692390442,0.06449999660253525
mirror_pair02_negative,2,negative,2,5,0.9483031034469604,-0.9775516390800476,0.13741515576839447,-0.2932654917240143,1,0.4977017641067505,0.10708067284442174,-0.025240877080287577,340.0,1.0,1.0,1.0,1.0,0.1765691339969635,0.14483238756656647,0.20125842094421387,1.0,1.0,1.0,0.9358227849006653,-0.9724259972572327,0.17871777713298798,0.25527700781822205,0.966867983341217,0.08216666430234909
mirror_pair02_negative,2,negative,2,6,0.9496803283691406,-0.9781498312950134,0.13748401403427124,-0.293444961309433,1,0.4497824013233185,0.13314758942815658,-0.03573242038796734,336.0,1.0,1.0,1.0,1.0,0.19207902252674103,0.1422004997730255,0.1616218239068985,1.0,1.0,1.0,0.9377353191375732,-0.9732627868652344,0.17622219026088715,0.3095149099826813,0.9508945941925049,0.10016666352748871
mirror_pair02_negative,2,negative,2,7,0.9424712657928467,-0.9763022065162659,0.13712356984615326,-0.29289066791534424,1,0.4497824013233185,0.1581389526414668,-0.047604910213306637,333.0,1.0,1.0,1.0,1.0,1.0,0.1285092532634735,0.13795366883277893,1.0,1.0,1.0,0.9483031034469604,-0.9775516390800476,0.1737670600414276,0.3797791004180908,0.9250771999359131,0.12399999797344208
mirror_pair02_negative,2,negative,2,8,0.9439210891723633,-0.9768825769424438,0.13719606399536133,-0.29306477308273315,1,0.40999698638916016,0.1825571593679596,-0.061027927950033235,329.0,1.0,1.0,1.0,1.0,1.0,0.1315421462059021,0.13195165991783142,1.0,1.0,1.0,0.9496803283691406,-0.9781498312950134,0.17141364514827728,0.43318721652030945,0.9013039469718933,0.14261111617088318
mirror_pair02_negative,2,negative,2,9,0.9459014534950256,-0.9776477217674255,0.13729508221149445,-0.29329434037208557,1,0.3846590518951416,0.2062791030162664,-0.07594323038620758,326.0,1.0,1.0,1.0,1.0,1.0,0.1300523281097412,0.11714199930429459,1.0,1.0,1.0,0.9424712657928467,-0.9763022065162659,0.16911761462688446,0.5010576844215393,0.8654139041900635,0.16705556213855743
mirror_pair02_negative,2,negative,2,10,0.9491132497787476,-0.976121723651886,0.13745567202568054,-0.2928365170955658,1,0.3553991913795471,0.2291090131475718,-0.09224683315378827,323.0,1.0,1.0,1.0,1.0,1.0,0.12089812010526657,0.10990258306264877,0.13629578053951263,1.0,1.0,0.9439210891723633,-0.9768825769424438,0.166893869638443,0.5525190234184265,0.8335002660751343,0.1863333284854889
mirror_pair02_negative,2,negative,2,11,0.9505344033241272,-0.9766620397567749,0.1375267207622528,-0.29299861192703247,1,0.32913321256637573,0.25075805002602103,-0.10966348282422125,319.0,1.0,1.0,1.0,1.0,1.0,0.12674902379512787,0.101542629301548,0.11446071416139603,1.0,1.0,0.9459014534950256,-0.9776477217674255,0.1647644340991974,0.6026510000228882,0.7980048656463623,0.20588888227939606
mirror_pair02_negative,2,negative,2,12,0.9522567391395569,-0.9773481488227844,0.13761284947395325,-0.2932044565677643,1,0.31919151544570923,0.2714404407202277,-0.1284885125493135,316.0,1.0,1.0,1.0,1.0,1.0,0.13532383739948273,0.09403806179761887,0.0981677994132042,1.0,1.0,0.9491132497787476,-0.976121723651886,0.16275998950004578,0.6643176674842834,0.7474503517150879,0.23127777874469757
mirror_pair02_negative,2,negative,2,13,0.9206511974334717,-0.9671708941459656,0.1360325664281845,-0.2901512682437897,1,0.2743712067604065,0.29086848422841577,-0.14840563656742686,313.0,1.0,1.0,1.0,1.0,1.0,1.0,0.09170901030302048,0.09119757264852524,0.1257333755493164,1.0,0.9505344033241272,-0.9766620397567749,0.16086487472057343,0.7103082537651062,0.7038907408714294,0.2514444589614868
mirror_pair02_negative,2,negative,2,14,0.9225045442581177,-0.967755138874054,0.13612523674964905,-0.2903265655040741,1,0.26264265179634094,0.30899164316846656,-0.1692483878520548,309.0,1.0,1.0,1.0,1.0,1.0,1.0,0.09067956358194351,0.07839177548885345,0.09713590890169144,1.0,0.9522567391395569,-0.9773481488227844,0.15910981595516205,0.7540221214294434,0.6568490266799927,0.2718888819217682
mirror_pair02_negative,2,negative,2,15,0.9251813888549805,-0.9687004685401917,0.1362590789794922,-0.2906101644039154,1,0.2567625939846039,0.326004842221775,-0.19122008177993421,306.0,1.0,1.0,1.0,1.0,1.0,1.0,0.0900992676615715,0.07504075765609741,0.08559300005435944,1.0,0.9206511974334717,-0.9671708941459656,0.15750302374362946,0.805618166923523,0.5924350619316101,0.2981666624546051
mirror_pair02_negative,2,negative,2,16,0.9357243180274963,-0.9709742665290833,0.13678622245788574,-0.291292279958725,1,0.23622508347034454,0.3416571404929932,-0.2141315837912189,303.0,1.0,1.0,1.0,1.0,1.0,1.0,0.09252973645925522,0.07336074113845825,0.07926657050848007,0.11457093805074692,0.9225045442581177,-0.967755138874054,0.15603139996528625,0.8429222702980042,0.5380353927612305,0.3191666603088379
mirror_pair02_negative,2,negative,2,17,0.927323579788208,-0.9666135907173157,0.13636618852615356,-0.2899840772151947,1,0.2229408323764801,0.3558685668190695,-0.2378433348529262,299.0,1.0,1.0,1.0,1.0,1.0,1.0,1.0,0.06749287992715836,0.07012694329023361,0.0862361416220665,0.9251813888549805,-0.9687004685401917,0.15472176671028137,0.8768945932388306,0.48068270087242126,0.3403888940811157
mirror_pair02_negative,2,negative,2,18,0.9305023550987244,-0.9677806496620178,0.13652512431144714,-0.29033419489860535,1,0.2229408323764801,0.36876291026943836,-0.2624505051872576,296.0,1.0,1.0,1.0,1.0,1.0,1.0,1.0,0.0689927488565445,0.06369738280773163,0.06666586548089981,0.9357243180274963,-0.9709742665290833,0.1535845696926117,0.9143953323364258,0.404822438955307,0.367333322763443
mirror_pair02_negative,2,negative,2,19,0.9327815771102905,-0.9686497449874878,0.046639081090688705,-0.2905949354171753,1,0.22654253244400024,0.3761516036581017,-0.278429961040237,293.0,1.0,1.0,1.0,1.0,1.0,1.0,1.0,0.07101871073246002,0.06472643464803696,0.06485535204410553,0.927323579788208,-0.9666135907173157,0.1526128500699997,0.9398119449615479,0.34169211983680725,0.3889999985694885
mirror_pair02_negative,2,negative,2,20,0.9348784685134888,-0.9694835543632507,0.04674392566084862,-0.2908450663089752,1,0.18620549142360687,0.3797820158159169,-0.2877401086659854,290.0,1.0,1.0,1.0,1.0,1.0,1.0,1.0,0.08272208273410797,0.06481759995222092,0.06564120948314667,0.9305023550987244,-0.9677806496620178,0.1520930677652359,0.9593632221221924,0.2821740210056305,0.4089444577693939
mirror_pair02_negative,2,negative,3,1,0.8953670263290405,-0.9571605920791626,0.13476835191249847,-0.2871481776237488,1,0.6031316518783569,0.0035888550105810427,-0.0003308378067717399,355.0,1.0,1.0,1.0,1.0,0.17787572741508484,0.1862674504518509,1.0,1.0,1.0,1.0,0.0,0.0,0.1863623559474945,0.05948060005903244,0.998229444026947,0.01894444413483143
mirror_pair02_negative,2,negative,3,2,0.8946683406829834,-0.956824004650116,0.1347334235906601,-0.28704720735549927,1,0.576910674571991,0.01989885153979011,-0.0015366984626905863,354.0,1.0,1.0,1.0,1.0,0.1723233312368393,0.18985943496227264,1.0,1.0,1.0,1.0,0.0,0.0,0.18593572080135345,0.04222441092133522,0.9991081357002258,0.013444444164633751
mirror_pair02_negative,2,negative,3,3,0.9334482550621033,-0.9713535904884338,0.13667242228984833,-0.2914060950279236,1,0.576910674571991,0.042165128432858634,-0.004355736671108034,351.0,1.0,1.0,1.0,1.0,0.16483162343502045,0.18114593625068665,1.0,1.0,1.0,1.0,0.8953670263290405,-0.9571605920791626,0.1847497522830963,0.042398788034915924,0.9991007447242737,0.013500000350177288
mirror_pair02_negative,2,negative,3,4,0.9352915287017822,-0.9721925854682922,0.13676458597183228,-0.29165777564048767,1,0.530092716217041,0.06963853878786794,-0.00937015513955411,348.0,1.0,1.0,1.0,1.0,0.16500036418437958,0.17300264537334442,1.0,1.0,1.0,1.0,0.8946683406829834,-0.956824004650116,0.18233345448970795,0.11285638809204102,0.9936113357543945,0.035999998450279236
mirror_pair02_negative,2,negative,3,5,0.9373316168785095,-0.9729841351509094,0.13686658442020416,-0.2918952405452728,1,0.49662619829177856,0.09668772471195132,-0.01594772144927363,345.0,1.0,1.0,1.0,1.0,0.16048015654087067,0.15145505964756012,1.0,1.0,1.0,1.0,0.9334482550621033,-0.9713535904884338,0.1797596514225006,0.16676874458789825,0.9859960079193115,0.0533333346247673
mirror_pair02_negative,2,negative,3,6,0.9387796521186829,-0.9736100435256958,0.13693898916244507,-0.2920830249786377,1,0.4775482416152954,0.12336667116750455,-0.0240747756600942,341.0,1.0,1.0,1.0,1.0,0.16641786694526672,0.1418931931257248,1.0,1.0,1.0,1.0,0.9352915287017822,-0.9721925854682922,0.17722027003765106,0.22086766362190247,0.9753037691116333,0.07088889181613922
mirror_pair02_negative,2,negative,3,7,0.9495619535446167,-0.9780390858650208,0.13747809827327728,-0.2934117317199707,1,0.44931110739707947,0.15379316277043523,-0.03563121035079005,337.0,1.0,1.0,1.0,1.0,0.16939695179462433,0.13644234836101532,0.15936732292175293,1.0,1.0,1.0,0.9373316168785095,-0.9729841351509094,0.17471162974834442,0.29203787446022034,0.9564067721366882,0.09433333575725555
mirror_pair02_negative,2,negative,3,8,0.9414069056510925,-0.975875198841095,0.13707035779953003,-0.2927625775337219,1,0.41954806447029114,0.1748638035235986,-0.045106797228566434,334.0,1.0,1.0,1.0,1.0,1.0,0.1283746063709259,0.1429743617773056,1.0,1.0,1.0,0.9387796521186829,-0.9736100435256958,0.17226143181324005,0.3461170494556427,0.9381913542747498,0.11249999701976776
mirror_pair02_negative,2,negative,3,9,0.9436732530593872,-0.9767425656318665,0.13718366622924805,-0.2930227816104889,1,0.39824703335762024,0.19969246325656562,-0.057895215266668396,331.0,1.0,1.0,1.0,1.0,1.0,0.1198708787560463,0.12439566105604172,1.0,1.0,1.0,0.9495619535446167,-0.9780390858650208,0.16986359655857086,0.41596338152885437,0.9093813896179199,0.13655555248260498
mirror_pair02_negative,2,negative,3,10,0.9451903700828552,-0.9773328304290771,0.13725952804088593,-0.2931998670101166,1,0.36581674218177795,0.22385592110073688,-0.0721853798946049,328.0,1.0,1.0,1.0,1.0,1.0,0.11760231107473373,0.11378486454486847,1.0,1.0,1.0,0.9414069056510925,-0.975875198841095,0.16752855479717255,0.4690091907978058,0.88319331407547,0.15538889169692993
mirror_pair02_negative,2,negative,3,11,0.948387086391449,-0.9757498502731323,0.13741935789585114,-0.29272496700286865,1,0.35496634244918823,0.24689060840866106,-0.08770944791324098,324.0,1.0,1.0,1.0,1.0,1.0,0.11084043234586716,0.1045190691947937,0.1303240954875946,1.0,1.0,0.9436732530593872,-0.9767425656318665,0.16526177525520325,0.5211585760116577,0.8534598350524902,0.1745000034570694
mirror_pair02_negative,2,negative,3,12,0.9502999782562256,-0.976506769657135,0.13751500844955444,-0.2929520308971405,1,0.3057907521724701,0.26905190182495414,-0.1046745340731232,321.0,1.0,1.0,1.0,1.0,1.0,0.10914792865514755,0.10141895711421967,0.11273832619190216,1.0,1.0,0.9451903700828552,-0.9773328304290771,0.1631101369857788,0.5865136981010437,0.8099392652511597,0.19949999451637268
mirror_pair02_negative,2,negative,3,13,0.9516816735267639,-0.977037787437439,0.13758409023284912,-0.2931113541126251,1,0.2892466187477112,0.290292815902744,-0.12301437901999349,317.0,1.0,1.0,1.0,1.0,1.0,0.11657018214464188,0.08736878633499146,0.09269700944423676,1.0,1.0,0.948387086391449,-0.9757498502731323,0.16105352342128754,0.6356741189956665,0.771957516670227,0.2192777842283249
mirror_pair02_negative,2,negative,3,14,0.9411436319351196,-0.9727516174316406,0.13705718517303467,-0.2918255031108856,1,0.26426851749420166,0.3103444418263736,-0.14249972948658168,314.0,1.0,1.0,1.0,1.0,1.0,0.1374901384115219,0.08587335795164108,0.08264189213514328,0.12037758529186249,1.0,0.9502999782562256,-0.976506769657135,0.159100741147995,0.6957874298095703,0.7182477712631226,0.24494443833827972
mirror_pair02_negative,2,negative,3,15,0.9217634201049805,-0.9674738645553589,0.13608817756175995,-0.29024216532707214,1,0.23633573949337006,0.32909069258301865,-0.162902235900017,311.0,1.0,1.0,1.0,1.0,1.0,1.0,0.07859393209218979,0.07550529390573502,0.09604460746049881,1.0,0.9516816735267639,-0.977037787437439,0.15728090703487396,0.740452766418457,0.6721083521842957,0.2653888761997223
mirror_pair02_negative,2,negative,3,16,0.9236950278282166,-0.9681166410446167,0.13618475198745728,-0.2904350161552429,1,0.22067338228225708,0.34651358418398287,-0.18427704872022868,307.0,1.0,1.0,1.0,1.0,1.0,1.0,0.07971806824207306,0.0675245001912117,0.07716711610555649,1.0,0.9411436319351196,-0.9727516174316406,0.15560834109783173,0.782390832901001,0.6227877736091614,0.28600001335144043
mirror_pair02_negative,2,negative,3,17,0.934794008731842,-0.9705689549446106,0.13673970103263855,-0.2911706864833832,1,0.21308600902557373,0.36541002963833125,-0.21079897349920632,303.0,1.0,1.0,1.0,1.0,1.0,1.0,0.0872398093342781,0.06304953992366791,0.06589061766862869,0.11187724024057388,0.9217634201049805,-0.9674738645553589,0.1540887951850891,0.8314695954322815,0.5555702447891235,0.3125
mirror_pair02_negative,2,negative,3,18,0.9376977682113647,-0.9715807437896729,0.1368848979473114,-0.29147422313690186,1,0.20306181907653809,0.37768099154865553,-0.23030109784417882,301.0,1.0,1.0,1.0,1.0,1.0,1.0,0.08988721668720245,0.06703398376703262,0.06088171526789665,0.07503779232501984,0.9236950278282166,-0.9681166410446167,0.15249492228031158,0.8763907551765442,0.48160073161125183,0.34005555510520935
mirror_pair02_negative,2,negative,3,19,0.9289142489433289,-0.9671147465705872,0.13644571602344513,-0.2901344299316406,1,0.178232342004776,0.3912637996450304,-0.25461935192549917,298.0,1.0,1.0,1.0,1.0,1.0,1.0,1.0,0.05869683250784874,0.05801766365766525,0.0683005303144455,0.934794008731842,-0.9705689549446106,0.15150144696235657,0.8982577919960022,0.4394688904285431,0.3551666736602783
mirror_pair03_positive,3,positive,1,1,0.8905870318412781,-0.954810619354248,0.13452935218811035,-0.28644320368766785,1,0.6279789805412292,0.003021006819650395,0.00016545995532992198,3.0,1.0,1.0,1.0,1.0,0.1896243542432785,0.18421845138072968,1.0,1.0,1.0,1.0,0.0,0.0,0.18642763793468475,-0.05982904136180878,0.9982086420059204,-0.019055554643273354
mirror_pair03_positive,3,positive,1,2,0.8926284313201904,-0.9558314085006714,0.1346314251422882,-0.2867494225502014,1,0.5964301824569702,0.016949107732327752,0.0001966845034462165,359.0,1.0,1.0,1.0,1.0,0.19406963884830475,0.17942257225513458,1.0,1.0,1.0,1.0,0.0,0.0,0.18598654866218567,-0.007504845503717661,0.999971866607666,-0.002388888970017433
mirror_pair03_positive,3,positive,1,3,0.933489978313446,-0.9714656472206116,0.13667450845241547,-0.2914397120475769,1,0.5739716291427612,0.04315335339219585,-0.0007099640072879788,357.0,1.0,1.0,1.0,1.0,0.21561704576015472,0.17040862143039703,1.0,1.0,1.0,1.0,0.8905870318412781,-0.954810619354248,0.1846918761730194,0.06261633336544037,0.9980376958847046,0.0199444442987442
mirror_pair03_positive,3,positive,1,4,0.9331420660018921,-0.972584068775177,0.13665710389614105,-0.2917752265930176,1,0.5428450107574463,0.07098143783045237,-0.0032074755232842315,353.0,1.0,1.0,1.0,1.0,1.0,0.16399189829826355,0.21931476891040802,1.0,1.0,1.0,0.8926284313201904,-0.9558314085006714,0.182260200381279,0.09845136106014252,0.995141863822937,0.031388889998197556
mirror_pair03_positive,3,positive,1,5,0.9359067678451538,-0.9736851453781128,0.13679534196853638,-0.2921055555343628,1,0.5288220047950745,0.09858099979179724,-0.007319634729605635,350.0,1.0,1.0,1.0,1.0,1.0,0.1550985723733902,0.18323980271816254,1.0,1.0,1.0,0.933489978313446,-0.9714656472206116,0.17968490719795227,0.1695215106010437,0.9855265021324158,0.054222222417593
mirror_pair03_positive,3,positive,1,6,0.9376633167266846,-0.9744052886962891,0.13688316941261292,-0.2923215925693512,1,0.5135899782180786,0.12555291734521346,-0.012990842827195344,346.0,1.0,1.0,1.0,1.0,1.0,0.15109200775623322,0.1559731811285019,1.0,1.0,1.0,0.9331420660018921,-0.972584068775177,0.17713916301727295,0.22359035909175873,0.9746832251548767,0.07177777588367462
mirror_pair03_positive,3,positive,1,7,0.939540684223175,-0.9752059578895569,0.13697704672813416,-0.292561799287796,1,0.45841866731643677,0.15246905453020643,-0.020383372617820843,343.0,1.0,1.0,1.0,1.0,1.0,0.15629062056541443,0.14673998951911926,1.0,1.0,1.0,0.9359067678451538,-0.9736851453781128,0.1746610701084137,0.2947075366973877,0.9555875062942505,0.09522221982479095
mirror_pair03_positive,3,positive,1,8,0.9412308931350708,-0.9758679866790771,0.13706155121326447,-0.2927604019641876,1,0.4541338086128235,0.1789348075057482,-0.02936941145316007,340.0,1.0,1.0,1.0,1.0,1.0,0.1503942757844925,0.13097676634788513,1.0,1.0,1.0,0.9376633167266846,-0.9744052886962891,0.17220015823841095,0.34873563051223755,0.937221109867096,0.11338888853788376
mirror_pair03_positive,3,positive,1,9,0.9440820813179016,-0.974101185798645,0.137204110622406,-0.29223036766052246,1,0.42092084884643555,0.20480086698848313,-0.03985014640989635,336.0,1.0,1.0,1.0,1.0,1.0,0.1584443598985672,0.129752516746521,0.1563737839460373,1.0,1.0,0.939540684223175,-0.9752059578895569,0.1697947233915329,0.4025869369506836,0.9153817296028137,0.13188889622688293
mirror_pair03_positive,3,positive,1,10,0.9269405007362366,-0.9693941473960876,0.13634702563285828,-0.2908182442188263,1,0.41260117292404175,0.22987667721308186,-0.05172732435743056,333.0,1.0,1.0,1.0,1.0,1.0,1.0,0.12026309967041016,0.12634876370429993,1.0,1.0,0.9412308931350708,-0.9758679866790771,0.16746073961257935,0.47147369384765625,0.8818801045417786,0.15627777576446533
mirror_pair03_positive,3,positive,1,11,0.9289155602455139,-0.9701327085494995,0.1364457905292511,-0.2910398244857788,1,0.36525246500968933,0.2541081269596705,-0.0651068592976499,329.0,1.0,1.0,1.0,1.0,1.0,1.0,0.11788605153560638,0.12006181478500366,1.0,1.0,0.9440820813179016,-0.974101185798645,0.16521820425987244,0.5235399007797241,0.8520011901855469,0.1753888875246048
mirror_pair03_positive,3,positive,1,12,0.9140505790710449,-0.9648298025131226,0.13570253551006317,-0.28944894671440125,1,0.35677477717399597,0.27740264352771166,-0.07980376619037052,326.0,1.0,1.0,1.0,1.0,1.0,1.0,0.12199432402849197,0.10435784608125687,0.1527508795261383,1.0,0.9269405007362366,-0.9693941473960876,0.1630762219429016,0.5887731909751892,0.8082982897758484,0.20038889348506927
mirror_pair03_positive,3,positive,1,13,0.9160544872283936,-0.9655570983886719,0.1358027309179306,-0.28966712951660156,1,0.3525296449661255,0.2999303426549958,-0.09588984756085206,323.0,1.0,1.0,1.0,1.0,1.0,1.0,0.1096513643860817,0.10193564742803574,0.12075913697481155,1.0,0.9289155602455139,-0.9701327085494995,0.16104568541049957,0.637692928314209,0.7702906727790833,0.22011111676692963
mirror_pair03_positive,3,positive,1,14,0.9177951812744141,-0.9661783576011658,0.13588976860046387,-0.2898535132408142,1,0.3169372081756592,0.3215828511404823,-0.1133324115029583,319.0,1.0,1.0,1.0,1.0,1.0,1.0,0.13273099064826965,0.10072275251150131,0.10404400527477264,1.0,0.9140505790710449,-0.9648298025131226,0.15911541879177094,0.6849287152290344,0.728610098361969,0.24016666412353516
mirror_pair03_positive,3,positive,1,15,0.9061683416366577,-0.9607739448547363,0.1353084146976471,-0.2882322072982788,1,0.30872249603271484,0.34184074585750646,-0.13169996121296415,316.0,1.0,1.0,1.0,1.0,1.0,1.0,1.0,0.09204263240098953,0.09055348485708237,1.0,0.9160544872283936,-0.9655570983886719,0.15729960799217224,0.7419758439064026,0.670426607131958,0.2661111056804657
mirror_pair03_positive,3,positive,1,16,0.9207103252410889,-0.9642441272735596,0.1360355168581009,-0.2892732620239258,1,0.2893621027469635,0.3611741565078029,-0.15141681249986805,313.0,1.0,1.0,1.0,1.0,1.0,1.0,1.0,0.09444236010313034,0.08820642530918121,0.11105401813983917,0.9177951812744141,-0.9661783576011658,0.15564562380313873,0.7838018536567688,0.6210110187530518,0.28672221302986145
mirror_pair03_positive,3,positive,1,17,0.9232725501060486,-0.9652210474014282,0.1361636370420456,-0.2895663380622864,1,0.2893621027469635,0.37944517568904074,-0.17236626351269202,309.0,1.0,1.0,1.0,1.0,1.0,1.0,1.0,0.09696781635284424,0.08267488330602646,0.09675034135580063,0.9061683416366577,-0.9607739448547363,0.15411925315856934,0.8228389620780945,0.5682746767997742,0.3076111078262329
mirror_pair03_positive,3,positive,1,18,0.9268974661827087,-0.9666210412979126,0.13634487986564636,-0.2899863123893738,1,0.26821908354759216,0.39642885623643603,-0.19427936044117936,306.0,1.0,1.0,1.0,1.0,1.0,1.0,1.0,0.10577227175235748,0.08687795698642731,0.0833614394068718,0.9207103252410889,-0.9642441272735596,0.15273669362068176,0.867678701877594,0.49712541699409485,0.3343888819217682
mirror_pair03_positive,3,positive,1,19,0.9291884899139404,-0.9708309769630432,0.13645942509174347,-0.2912493050098419,1,0.26821908354759216,0.4121770695229553,-0.21714322525882881,303.0,1.0,1.0,1.0,1.0,1.0,1.0,1.0,1.0,0.08547281473875046,0.07663402706384659,0.9232725501060486,-0.9652210474014282,0.1515192836523056,0.8990998864173889,0.43774357438087463,0.355777770280838
mirror_pair03_positive,3,positive,1,20,0.9315452575683594,-0.9715933799743652,0.13657726347446442,-0.2914780378341675,1,0.27215343713760376,0.4265071217199035,-0.24086618203048296,299.0,1.0,1.0,1.0,1.0,1.0,1.0,1.0,1.0,0.08476144075393677,0.07775812596082687,0.9268974661827087,-0.9666210412979126,0.15046590566635132,0.9267910718917847,0.37557733058929443,0.37744444608688354
mirror_pair03_positive,3,positive,2,1,0.8899586200714111,-0.9544747471809387,0.13449794054031372,-0.28634244203567505,1,0.6402932405471802,0.0034704947512706357,0.00033989254916728137,6.0,1.0,1.0,1.0,1.0,0.18975183367729187,0.18357957899570465,1.0,1.0,1.0,1.0,0.0,0.0,0.18634971976280212,-0.07724107056856155,0.9970124363899231,-0.024611111730337143
mirror_pair03_positive,3,positive,2,2,0.8906992077827454,-0.954830527305603,0.13453496992588043,-0.2864491641521454,1,0.6397525668144226,0.014302238541977624,0.0014909366320437433,6.0,1.0,1.0,1.0,1.0,0.1858820617198944,0.18294093012809753,1.0,1.0,1.0,1.0,0.0,0.0,0.18594405055046082,-0.060003262013196945,0.9981981515884399,-0.019111111760139465
mirror_pair03_positive,3,positive,2,3,0.9305945634841919,-0.9700186848640442,0.13652972877025604,-0.29100561141967773,1,0.5942410826683044,0.03985369267633072,0.0038482870707197436,4.0,1.0,1.0,1.0,1.0,0.1888417899608612,0.18278644979000092,1.0,1.0,1.0,1.0,0.8899586200714111,-0.9544747471809387,0.18493250012397766,-0.060177478939294815,0.9981877207756042,-0.019166667014360428
mirror_pair03_positive,3,positive,2,4,0.9316974878311157,-0.9704852104187012,0.13658487796783447,-0.29114556312561035,1,0.5632921457290649,0.06775407482552225,0.004894444582822318,0.0,1.0,1.0,1.0,1.0,0.18335215747356415,0.16978316009044647,1.0,1.0,1.0,1.0,0.8906992077827454,-0.954830527305603,0.18254782259464264,-0.02600247412919998,0.9996618628501892,-0.008277777582406998
mirror_pair03_positive,3,positive,2,5,0.9338783025741577,-0.9714427590370178,0.13669392466545105,-0.29143282771110535,1,0.521128237247467,0.0954853176813337,0.004347304644866414,357.0,1.0,1.0,1.0,1.0,0.17952635884284973,0.16094061732292175,1.0,1.0,1.0,1.0,0.9305945634841919,-0.9700186848640442,0.17995017766952515,0.043793752789497375,0.9990406036376953,0.013944444246590137
mirror_pair03_positive,3,positive,2,6,0.9447498917579651,-0.9759520888328552,0.13723750412464142,-0.29278564453125,1,0.5184184908866882,0.12331514867238186,0.002222435341486838,354.0,1.0,1.0,1.0,1.0,0.193905308842659,0.1488937884569168,0.19544140994548798,1.0,1.0,1.0,0.9316974878311157,-0.9704852104187012,0.17737483978271484,0.09706178307533264,0.9952783584594727,0.030944444239139557
mirror_pair03_positive,3,positive,2,7,0.9356896281242371,-0.9735282063484192,0.13678449392318726,-0.29205846786499023,1,0.4996578097343445,0.1509730006824523,-0.00154490537104877,350.0,1.0,1.0,1.0,1.0,1.0,0.14811956882476807,0.1619013547897339,1.0,1.0,1.0,0.9338783025741577,-0.9714427590370178,0.17479729652404785,0.15074323117733002,0.9885729551315308,0.0481666661798954
mirror_pair03_positive,3,positive,2,8,0.9378522038459778,-0.9744234681129456,0.13689261674880981,-0.29232704639434814,1,0.46973758935928345,0.17830210590934428,-0.00693109970115499,347.0,1.0,1.0,1.0,1.0,1.0,0.14275936782360077,0.14793583750724792,1.0,1.0,1.0,0.9447498917579651,-0.9759520888328552,0.17224375903606415,0.22205905616283417,0.9750332236289978,0.07127777487039566
mirror_pair03_positive,3,positive,2,9,0.9394713640213013,-0.9750773310661316,0.136973574757576,-0.29252320528030396,1,0.42754536867141724,0.20530922576596553,-0.013892319700138035,344.0,1.0,1.0,1.0,1.0,1.0,0.1342107355594635,0.13462546467781067,1.0,1.0,1.0,0.9356896281242371,-0.9735282063484192,0.1697300225496292,0.2763083875179291,0.9610690474510193,0.08911111205816269
mirror_pair03_positive,3,positive,2,10,0.9411991238594055,-0.9757485389709473,0.13705995678901672,-0.2927245795726776,1,0.39153993129730225,0.23197198848284328,-0.02244088507231241,340.0,1.0,1.0,1.0,1.0,1.0,0.12383823841810226,0.1221558228135109,1.0,1.0,1.0,0.9378522038459778,-0.9744234681129456,0.1672569364309311,0.33067911863327026,0.9437432289123535,0.1072777807712555
mirror_pair03_positive,3,positive,2,11,0.9446334838867188,-0.9741498231887817,0.13723167777061462,-0.29224497079849243,1,0.36001789569854736,0.25775691908017945,-0.03248625669138094,337.0,1.0,1.0,1.0,1.0,1.0,0.12821203470230103,0.11186855286359787,0.13600526750087738,1.0,1.0,0.9394713640213013,-0.9750773310661316,0.16482889652252197,0.4008287787437439,0.9161529541015625,0.13127778470516205
mirror_pair03_positive,3,positive,2,12,0.9459336996078491,-0.9746821522712708,0.13729669153690338,-0.2924046516418457,1,0.3543895483016968,0.2830856091413154,-0.04412729895528358,334.0,1.0,1.0,1.0,1.0,1.0,0.14190156757831573,0.10286225378513336,0.1134800910949707,1.0,1.0,0.9411991238594055,-0.9757485389709473,0.16249747574329376,0.45414599776268005,0.890927255153656,0.15005555748939514
mirror_pair03_positive,3,positive,2,13,0.9283266663551331,-0.9698030352592468,0.13641634583473206,-0.29094091057777405,1,0.31190556287765503,0.3076826563021222,-0.0572166432371422,330.0,1.0,1.0,1.0,1.0,1.0,1.0,0.10125415772199631,0.10361260920763016,1.0,1.0,0.9446334838867188,-0.9741498231887817,0.16022732853889465,0.5069367289543152,0.8619832992553711,0.16922222077846527
mirror_pair03_positive,3,positive,2,14,0.9127654433250427,-0.9642294645309448,0.1356382817029953,-0.2892688512802124,1,0.3015928268432617,0.3313930499155187,-0.07166919804334422,327.0,1.0,1.0,1.0,1.0,1.0,1.0,0.10092032700777054,0.08911587297916412,0.12548576295375824,1.0,0.9459336996078491,-0.9746821522712708,0.15804652869701385,0.573004424571991,0.8195523023605347,0.19422222673892975
mirror_pair03_positive,3,positive,2,15,0.9145918488502502,-0.9649096727371216,0.1357295960187912,-0.28947290778160095,1,0.2866593301296234,0.3539279106964396,-0.0872293836252899,324.0,1.0,1.0,1.0,1.0,1.0,1.0,0.10157763957977295,0.08616937696933746,0.09833754599094391,1.0,0.9283266663551331,-0.9698030352592468,0.1559726446866989,0.6229243278503418,0.7822821140289307,0.21405555307865143
mirror_pair03_positive,3,positive,2,16,0.9167916774749756,-0.9657053351402283,0.135839581489563,-0.2897116243839264,1,0.2633971869945526,0.3756327248989902,-0.10423529096480745,320.0,1.0,1.0,1.0,1.0,1.0,1.0,0.10247993469238281,0.08190266788005829,0.08704095333814621,1.0,0.9127654433250427,-0.9642294645309448,0.15403391420841217,0.6709444522857666,0.7415075898170471,0.23411111533641815
mirror_pair03_positive,3,positive,2,17,0.9290120601654053,-0.9684135317802429,0.1364506036043167,-0.29052406549453735,1,0.25108084082603455,0.39649504892126525,-0.12266684947641339,317.0,1.0,1.0,1.0,1.0,1.0,1.0,0.10598696768283844,0.0752563402056694,0.07789503782987595,0.11477681249380112,0.9145918488502502,-0.9649096727371216,0.1522057056427002,0.7290880680084229,0.6844198703765869,0.2600555419921875
mirror_pair03_positive,3,positive,2,18,0.9195858240127563,-0.9636346101760864,0.1359792947769165,-0.2890903949737549,1,0.23621368408203125,0.4161237107049053,-0.14213135096265375,314.0,1.0,1.0,1.0,1.0,1.0,1.0,1.0,0.08019691705703735,0.0717373862862587,0.08871134370565414,0.9167916774749756,-0.9657053351402283,0.15049415826797485,0.772179365158081,0.6354045867919922,0.28083333373069763
mirror_pair03_positive,3,positive,2,19,0.9224569797515869,-0.9647018909454346,0.13612285256385803,-0.2894105911254883,1,0.23621368408203125,0.4346871167430562,-0.1627469930388444,310.0,1.0,1.0,1.0,1.0,1.0,1.0,1.0,0.078636035323143,0.0674896240234375,0.07259318977594376,0.9290120601654053,-0.9684135317802429,0.1489354521036148,0.8123889565467834,0.5831159353256226,0.3018333315849304
mirror_pair03_positive,3,positive,2,20,0.9257502555847168,-0.9660198092460632,0.13628751039505005,-0.28980594873428345,1,0.2187291979789734,0.45194459297236067,-0.18434882010492845,307.0,1.0,1.0,1.0,1.0,1.0,1.0,1.0,0.08557724207639694,0.06910949945449829,0.0723305270075798,0.9195858240127563,-0.9636346101760864,0.1475200206041336,0.8586022257804871,0.5126423835754395,0.32866665720939636
mirror_pair03_positive,3,positive,3,1,0.8898602724075317,-0.9544536471366882,0.13449302315711975,-0.28633609414100647,1,0.6387032270431519,0.0027173388836782475,0.0004068208774012845,9.0,1.0,1.0,1.0,1.0,0.1873624324798584,0.18764743208885193,1.0,1.0,1.0,1.0,0.0,0.0,0.1862773597240448,-0.07724107056856155,0.9970124363899231,-0.024611111730337143
mirror_pair03_positive,3,positive,3,2,0.8885666728019714,-0.9537683129310608,0.13442833721637726,-0.28613051772117615,1,0.6171899437904358,0.01862582154561981,0.0038221282652929484,13.0,1.0,1.0,1.0,1.0,0.1824866384267807,0.19086477160453796,1.0,1.0,1.0,1.0,0.0,0.0,0.18601377308368683,-0.11216268688440323,0.9936898350715637,-0.035777777433395386
mirror_pair03_positive,3,positive,3,3,0.927600085735321,-0.9684799313545227,0.13638001680374146,-0.2905440032482147,1,0.5830082297325134,0.04524947913108712,0.009043234977355118,9.0,1.0,1.0,1.0,1.0,0.1763399839401245,0.198744535446167,1.0,1.0,1.0,1.0,0.8898602724075317,-0.9544536471366882,0.18452109396457672,-0.18257874250411987,0.9831912517547607,-0.058444444090127945
mirror_pair03_positive,3,positive,3,4,0.9297203421592712,-0.9694267511367798,0.1364860236644745,-0.29082804918289185,1,0.5647631287574768,0.07278312918847564,0.012747932245919491,6.0,1.0,1.0,1.0,1.0,0.16657377779483795,0.17240570485591888,1.0,1.0,1.0,1.0,0.8885666728019714,-0.9537683129310608,0.1820257008075714,-0.1156306266784668,0.9932922720909119,-0.03688888996839523
mirror_pair03_positive,3,positive,3,5,0.9313735961914062,-0.9701613187789917,0.13656868040561676,-0.29104840755462646,1,0.5324358344078064,0.10512272635953361,0.015076550349699527,2.0,1.0,1.0,1.0,1.0,0.1684526950120926,0.16136088967323303,1.0,1.0,1.0,1.0,0.927600085735321,-0.9684799313545227,0.1794520765542984,-0.0647064745426178,0.997904360294342,-0.02061111107468605
mirror_pair03_positive,3,positive,3,6,0.9332045912742615,-0.9710183143615723,0.13666023313999176,-0.2913055121898651,1,0.4871214032173157,0.12828828495552902,0.015415777758972253,359.0,1.0,1.0,1.0,1.0,0.1638624519109726,0.1521245241165161,1.0,1.0,1.0,1.0,0.9297203421592712,-0.9694267511367798,0.17643696069717407,0.004537840373814106,0.9999896883964539,0.001444444409571588
mirror_pair03_positive,3,positive,3,7,0.9347421526908875,-0.971691370010376,0.13673710823059082,-0.29150742292404175,1,0.473667174577713,0.15619278353889032,0.014330300822234134,356.0,1.0,1.0,1.0,1.0,0.1589137464761734,0.13917754590511322,1.0,1.0,1.0,1.0,0.9313735961914062,-0.9701613187789917,0.17428205907344818,0.057041287422180176,0.9983718395233154,0.018166666850447655
mirror_pair03_positive,3,positive,3,8,0.9457884430885315,-0.9762853980064392,0.13728943467140198,-0.2928856313228607,1,0.43832463026046753,0.18377635029829031,0.011655466012719613,353.0,1.0,1.0,1.0,1.0,0.16548438370227814,0.13533347845077515,0.15291842818260193,1.0,1.0,1.0,0.9332045912742615,-0.9710183143615723,0.17169198393821716,0.11042819917201996,0.9938840866088867,0.03522222116589546
mirror_pair03_positive,3,positive,3,9,0.9366081953048706,-0.97380530834198,0.1368304193019867,-0.2921416163444519,1,0.41319525241851807,0.21131864660771962,0.007365043485359758,349.0,1.0,1.0,1.0,1.0,1.0,0.12523560225963593,0.13936522603034973,1.0,1.0,1.0,0.9347421526908875,-0.971691370010376,0.16913828253746033,0.16435900330543518,0.9864006042480469,0.05255555734038353
mirror_pair03_positive,3,positive,3,10,0.9387636780738831,-0.9747053980827332,0.1369381844997406,-0.2924116253852844,1,0.38491904735565186,0.24330561579119847,0.0002654557068738569,345.0,1.0,1.0,1.0,1.0,1.0,0.12344323098659515,0.1180557832121849,1.0,1.0,1.0,0.9457884430885315,-0.9762853980064392,0.16659604012966156,0.23582060635089874,0.9717966318130493,0.07577777653932571
mirror_pair03_positive,3,positive,3,11,0.940811038017273,-0.9755344390869141,0.13704055547714233,-0.29266035556793213,1,0.35534703731536865,0.26555046047130465,-0.006042352797510277,343.0,1.0,1.0,1.0,1.0,1.0,0.11296311765909195,0.1099768728017807,1.0,1.0,1.0,0.9366081953048706,-0.97380530834198,0.16365545988082886,0.30768877267837524,0.9514870643615723,0.09955555200576782
mirror_pair03_positive,3,positive,3,12,0.9434618949890137,-0.9735054969787598,0.1371731013059616,-0.29205167293548584,1,0.31633517146110535,0.29168575977182165,-0.015026865168987442,339.0,1.0,1.0,1.0,1.0,1.0,0.10939668864011765,0.10152772814035416,0.12956644594669342,1.0,1.0,0.9387636780738831,-0.9747053980827332,0.16161979734897614,0.3446429371833801,0.9387338757514954,0.1120000034570694
mirror_pair03_positive,3,positive,3,13,0.9454926252365112,-0.9743323922157288,0.1372746378183365,-0.29229971766471863,1,0.3060306906700134,0.31755531095071915,-0.02571215681587389,336.0,1.0,1.0,1.0,1.0,1.0,0.10623252391815186,0.09038148075342178,0.1075838953256607,1.0,1.0,0.940811038017273,-0.9755344390869141,0.15924090147018433,0.4148520529270172,0.9098888635635376,0.13616666197776794
mirror_pair03_positive,3,positive,3,14,0.9467914700508118,-0.9748915433883667,0.13733957707881927,-0.29246747493743896,1,0.27934086322784424,0.3427111562096268,-0.0378850622342697,332.0,1.0,1.0,1.0,1.0,1.0,0.11365975439548492,0.08743733912706375,0.09564325958490372,1.0,1.0,0.9434618949890137,-0.9735054969787598,0.15690352022647858,0.4683924913406372,0.8835204839706421,0.15516667068004608
mirror_pair03_positive,3,positive,3,15,0.9347550868988037,-0.9700707197189331,0.13673776388168335,-0.2910212278366089,1,0.2510802745819092,0.3670629478131851,-0.05143799498049619,329.0,1.0,1.0,1.0,1.0,1.0,0.13634826242923737,0.07981167733669281,0.08524712175130844,0.11614113301038742,1.0,0.9454926252365112,-0.9743323922157288,0.1546514332294464,0.5358268022537231,0.8443279266357422,0.18000000715255737
mirror_pair03_positive,3,positive,3,16,0.9126877188682556,-0.9640892744064331,0.1356343924999237,-0.28922680020332336,1,0.2454240769147873,0.3903562031448499,-0.06621765802105475,326.0,1.0,1.0,1.0,1.0,1.0,1.0,0.08104526251554489,0.07173722237348557,0.0902843102812767,1.0,0.9467914700508118,-0.9748915433883667,0.15249598026275635,0.5869377255439758,0.8096320629119873,0.19966666400432587
mirror_pair03_positive,3,positive,3,17,0.9148110747337341,-0.964879035949707,0.13574056327342987,-0.28946372866630554,1,0.22490468621253967,0.41632744527936155,-0.08523202310076257,322.0,1.0,1.0,1.0,1.0,1.0,1.0,0.08445297926664352,0.0701211616396904,0.07586822658777237,1.0,0.9347550868988037,-0.9700707197189331,0.15046334266662598,0.6364821791648865,0.7712914347648621,0.21961110830307007
mirror_pair03_positive,3,positive,3,18,0.9274657368659973,-0.9677271246910095,0.13637329638004303,-0.29031816124916077,1,0.19853676855564117,0.43405491272323676,-0.09984740009376161,319.0,1.0,1.0,1.0,1.0,1.0,1.0,0.07842696458101273,0.06425847858190536,0.06725236028432846,0.09954527765512466,0.9126877188682556,-0.9640892744064331,0.1482422798871994,0.698540210723877,0.7155708074569702,0.2461666613817215
mirror_pair03_negative,3,negative,1,1,0.8958859443664551,-0.957455039024353,0.13479429483413696,-0.2872365117073059,1,0.6344067454338074,0.010504761083406667,-0.001325330736052596,352.0,1.0,1.0,1.0,1.0,0.1849668323993683,0.18710902333259583,1.0,1.0,1.0,1.0,0.0,0.0,0.18627013266086578,0.07724107056856155,0.9970124363899231,0.024611111730337143
mirror_pair03_negative,3,negative,1,2,0.8967958092689514,-0.9578282237052917,0.13483980298042297,-0.2873484790325165,1,0.5972003936767578,0.03762260003749878,-0.005904864971397643,349.0,1.0,1.0,1.0,1.0,0.18397872149944305,0.18125906586647034,1.0,1.0,1.0,1.0,0.0,0.0,0.18528614938259125,0.09497706592082977,0.9954794645309448,0.030277777463197708
mirror_pair03_negative,3,negative,1,3,0.9360262155532837,-0.9725728631019592,0.1368013173341751,-0.29177185893058777,1,0.5514441132545471,0.06429711357732032,-0.012010920929256671,345.0,1.0,1.0,1.0,1.0,0.18553099036216736,0.17062868177890778,1.0,1.0,1.0,1.0,0.8958859443664551,-0.957455039024353,0.18274693191051483,0.1486724317073822,0.9888864755630493,0.04749999940395355
mirror_pair03_negative,3,negative,1,4,0.9379836916923523,-0.9734166264533997,0.1368991881608963,-0.29202499985694885,1,0.5286633372306824,0.09098228793425898,-0.019890634235738364,342.0,1.0,1.0,1.0,1.0,0.19165077805519104,0.1575554609298706,1.0,1.0,1.0,1.0,0.8967958092689514,-0.9578282237052917,0.18024373054504395,0.2198462039232254,0.9755345582962036,0.07055555284023285
mirror_pair03_negative,3,negative,1,5,0.9387452006340027,-0.9748852849006653,0.13693726062774658,-0.29246559739112854,1,0.4892684817314148,0.11729475701937896,-0.029378215043239727,338.0,1.0,1.0,1.0,1.0,1.0,0.15104666352272034,0.18315425515174866,1.0,1.0,1.0,0.9360262155532837,-0.9725728631019592,0.1777346283197403,0.273959219455719,0.9617413282394409,0.08833333104848862
mirror_pair03_negative,3,negative,1,6,0.941113293170929,-0.9758065342903137,0.1370556652545929,-0.292741984128952,1,0.4853750765323639,0.1429548745775839,-0.04036629208041761,335.0,1.0,1.0,1.0,1.0,1.0,0.13979099690914154,0.15399740636348724,1.0,1.0,1.0,0.9379836916923523,-0.9734166264533997,0.17525765299797058,0.3446429371833801,0.9387338757514954,0.1120000034570694
mirror_pair03_negative,3,negative,1,7,0.9426886439323425,-0.9764360785484314,0.13713443279266357,-0.29293084144592285,1,0.45090603828430176,0.16786977289895033,-0.052761265265620465,332.0,1.0,1.0,1.0,1.0,1.0,0.1417749971151352,0.13867859542369843,1.0,1.0,1.0,0.9387452006340027,-0.9748852849006653,0.17284126579761505,0.39842891693115234,0.9171991944313049,0.13044443726539612
mirror_pair03_negative,3,negative,1,8,0.9442563652992249,-0.9770427942276001,0.1372128278017044,-0.2931128442287445,1,0.4304673671722412,0.19195442490748363,-0.06666222791754763,328.0,1.0,1.0,1.0,1.0,1.0,0.14040744304656982,0.12883029878139496,1.0,1.0,1.0,0.941113293170929,-0.9758065342903137,0.17049682140350342,0.4515005648136139,0.8922708034515381,0.14911110699176788
mirror_pair03_negative,3,negative,1,9,0.9478384256362915,-0.9756866097450256,0.13739192485809326,-0.2927059829235077,1,0.3964259624481201,0.21527786940939636,-0.08205210513386196,325.0,1.0,1.0,1.0,1.0,1.0,0.1347297877073288,0.1229906752705574,0.15671861171722412,1.0,1.0,0.9426886439323425,-0.9764360785484314,0.1682349592447281,0.519071638584137,0.8547307252883911,0.17372222244739532
mirror_pair03_negative,3,negative,1,10,0.9492395520210266,-0.9761923551559448,0.13746199011802673,-0.29285770654678345,1,0.3809482753276825,0.23768644886129847,-0.09876957488852474,322.0,1.0,1.0,1.0,1.0,1.0,0.14300747215747833,0.11326456069946289,0.12522245943546295,1.0,1.0,0.9442563652992249,-0.9770427942276001,0.16605274379253387,0.5699967741966248,0.8216469287872314,0.19305555522441864
mirror_pair03_negative,3,negative,1,11,0.9329445958137512,-0.9716415405273438,0.13664723932743073,-0.2914924621582031,1,0.35152924060821533,0.2590798113095537,-0.11674047679476539,318.0,1.0,1.0,1.0,1.0,1.0,1.0,0.10884236544370651,0.11272650957107544,1.0,1.0,0.9478384256362915,-0.9756866097450256,0.16396844387054443,0.6196420788764954,0.784884512424469,0.21272222697734833
mirror_pair03_negative,3,negative,1,12,0.9355467557907104,-0.9725608825683594,0.1367773413658142,-0.29176828265190125,1,0.32610994577407837,0.2792163512524845,-0.13580807648926202,315.0,1.0,1.0,1.0,1.0,1.0,1.0,0.10254832357168198,0.10043692588806152,1.0,1.0,0.9492395520210266,-0.9761923551559448,0.1619953066110611,0.6805930137634277,0.7326617240905762,0.23827777802944183
mirror_pair03_negative,3,negative,1,13,0.9210816621780396,-0.9673392176628113,0.13605408370494843,-0.2902017831802368,1,0.31096306443214417,0.2980747144742247,-0.15591948398644018,311.0,1.0,1.0,1.0,1.0,1.0,1.0,0.1029059886932373,0.0931742712855339,0.11737247556447983,1.0,0.9329445958137512,-0.9716415405273438,0.1601596623659134,0.7257347106933594,0.6879746913909912,0.25850000977516174
mirror_pair03_negative,3,negative,1,14,0.9237682223320007,-0.968252956867218,0.13618841767311096,-0.29047590494155884,1,0.28388547897338867,0.3158505500311043,-0.1772161459488732,308.0,1.0,1.0,1.0,1.0,1.0,1.0,0.10744842141866684,0.0888465866446495,0.09660142660140991,1.0,0.9355467557907104,-0.9725608825683594,0.1584673523902893,0.7796659469604492,0.6261956691741943,0.2846111059188843
mirror_pair03_negative,3,negative,1,15,0.9257228970527649,-0.9688963890075684,0.1362861543893814,-0.29066893458366394,1,0.276718407869339,0.3324332493568072,-0.19962441231878505,305.0,1.0,1.0,1.0,1.0,1.0,1.0,0.11075859516859055,0.08111013472080231,0.08205904811620712,1.0,0.9210816621780396,-0.9673392176628113,0.15690501034259796,0.8188515901565552,0.5740052461624146,0.3053888976573944
mirror_pair03_negative,3,negative,1,16,0.9257017970085144,-0.9661024808883667,0.13628509640693665,-0.28983074426651,1,0.2758578658103943,0.34758897721279425,-0.22274817674645037,302.0,1.0,1.0,1.0,1.0,1.0,1.0,1.0,0.08096440136432648,0.07906240224838257,0.10474925488233566,0.9237682223320007,-0.968252956867218,0.15548737347126007,0.8550928831100464,0.518474817276001,0.3264999985694885
mirror_pair03_negative,3,negative,1,17,0.9284267425537109,-0.9670939445495605,0.136421337723732,-0.2901282012462616,1,0.26175248622894287,0.36135465347964363,-0.2466940022794731,298.0,1.0,1.0,1.0,1.0,1.0,1.0,1.0,0.08008970320224762,0.07881653308868408,0.08389874547719955,0.9257228970527649,-0.9688963890075684,0.1542380154132843,0.8878153562545776,0.460199773311615,0.347777783870697
mirror_pair03_negative,3,negative,1,18,0.9313942193984985,-0.9682567715644836,0.13656970858573914,-0.29047703742980957,1,0.2445305436849594,0.37379126512640515,-0.27162564543751777,295.0,1.0,1.0,1.0,1.0,1.0,1.0,1.0,0.09286759793758392,0.07478642463684082,0.07757331430912018,0.9257017970085144,-0.9661024808883667,0.15315775573253632,0.9236790537834167,0.3831671178340912,0.374833345413208
mirror_pair03_negative,3,negative,1,19,0.933679461479187,-0.969152569770813,0.04668397456407547,-0.2907457947731018,1,0.22709672152996063,0.3821169433555634,-0.29181258080993044,288.0,1.0,1.0,1.0,1.0,1.0,1.0,1.0,0.10568533092737198,0.0698658674955368,0.07404762506484985,0.9284267425537109,-0.9670939445495605,0.15224628150463104,0.9476569890975952,0.3192901313304901,0.3965555429458618
mirror_pair03_negative,3,negative,1,20,0.9375560283660889,-0.9734638929367065,0.04687780141830444,-0.2920391857624054,1,0.22709672152996063,0.3857852981600543,-0.30558166074806575,282.0,1.0,1.0,1.0,1.0,1.0,1.0,1.0,1.0,0.07477187365293503,0.06488477438688278,0.9313942193984985,-0.9682567715644836,0.1516977697610855,0.9820246696472168,0.1887526661157608,0.4395555555820465
mirror_pair03_negative,3,negative,2,1,0.895965039730072,-0.9574718475341797,0.13479825854301453,-0.2872415781021118,1,0.6266329288482666,0.008123215786725589,-0.0009738604713269039,353.0,1.0,1.0,1.0,1.0,0.18569505214691162,0.184391051530838,1.0,1.0,1.0,1.0,0.0,0.0,0.18624186515808105,0.07724107056856155,0.9970124363899231,0.024611111730337143
mirror_pair03_negative,3,negative,2,2,0.8961785435676575,-0.9575181007385254,0.13480892777442932,-0.2872554361820221,1,0.6266329288482666,0.030212900253763404,-0.0037699942349551365,352.0,1.0,1.0,1.0,1.0,0.17903797328472137,0.18223784863948822,1.0,1.0,1.0,1.0,0.0,0.0,0.18550896644592285,0.07758909463882446,0.9969854354858398,0.024722222238779068
mirror_pair03_negative,3,negative,2,3,0.9345453977584839,-0.9719220995903015,0.13672727346420288,-0.29157665371894836,1,0.5615893006324768,0.057452779108899406,-0.008079825477999172,349.0,1.0,1.0,1.0,1.0,0.18168099224567413,0.1817428171634674,1.0,1.0,1.0,1.0,0.895965039730072,-0.9574718475341797,0.18344427645206451,0.09584575146436691,0.9953961968421936,0.03055555559694767
mirror_pair03_negative,3,negative,2,4,0.9362595081329346,-0.9726201295852661,0.1368129849433899,-0.2917860448360443,1,0.5219820141792297,0.08474226432819508,-0.014022229721700735,346.0,1.0,1.0,1.0,1.0,0.1801241934299469,0.16045407950878143,1.0,1.0,1.0,1.0,0.8961785435676575,-0.9575181007385254,0.18089500069618225,0.14936277270317078,0.9887824654579163,0.0477222204208374
mirror_pair03_negative,3,negative,2,5,0.9381043910980225,-0.9733607769012451,0.1369052231311798,-0.29200825095176697,1,0.5040097832679749,0.11130557815630404,-0.021554008981435113,342.0,1.0,1.0,1.0,1.0,0.17775797843933105,0.1491377204656601,1.0,1.0,1.0,1.0,0.9345453977584839,-0.9719220995903015,0.1783355474472046,0.2034708708524704,0.9790809750556946,0.06522221863269806
mirror_pair03_negative,3,negative,2,6,0.9487801790237427,-0.977763831615448,0.13743901252746582,-0.2933291494846344,1,0.49283164739608765,0.13765584716503812,-0.030733088026294198,339.0,1.0,1.0,1.0,1.0,0.1901009976863861,0.1440027952194214,0.17654992640018463,1.0,1.0,1.0,0.9362595081329346,-0.9726201295852661,0.175839364528656,0.2744627594947815,0.961597740650177,0.0885000005364418
mirror_pair03_negative,3,negative,2,7,0.9406294822692871,-0.975605309009552,0.13703148066997528,-0.29268160462379456,1,0.47173336148262024,0.16350180440476103,-0.041470398177067706,336.0,1.0,1.0,1.0,1.0,1.0,0.1408090442419052,0.15386031568050385,1.0,1.0,1.0,0.9381043910980225,-0.9733607769012451,0.1733601987361908,0.3285369873046875,0.9444910883903503,0.10655555874109268
mirror_pair03_negative,3,negative,2,8,0.9423989653587341,-0.9762889742851257,0.13711994886398315,-0.2928867042064667,1,0.4461081326007843,0.188699943082288,-0.05372182641911178,332.0,1.0,1.0,1.0,1.0,1.0,0.13685031235218048,0.13478095829486847,1.0,1.0,1.0,0.9487801790237427,-0.977763831615448,0.1709275245666504,0.3825221657752991,0.9239463210105896,0.12494444102048874
mirror_pair03_negative,3,negative,2,9,0.9444382190704346,-0.9770747423171997,0.13722191751003265,-0.29312244057655334,1,0.3984033167362213,0.21281586912873515,-0.06722890141423929,329.0,1.0,1.0,1.0,1.0,1.0,0.12829408049583435,0.12745946645736694,1.0,1.0,1.0,0.9406294822692871,-0.975605309009552,0.16855737566947937,0.4518119990825653,0.8921131491661072,0.1492222249507904
mirror_pair03_negative,3,negative,2,10,0.9474828839302063,-0.9754927158355713,0.137374147772789,-0.2926478385925293,1,0.3628247082233429,0.23631492167561904,-0.08234478417138381,326.0,1.0,1.0,1.0,1.0,1.0,0.13313105702400208,0.11382951587438583,0.14972977340221405,1.0,1.0,0.9423989653587341,-0.9762889742851257,0.16629347205162048,0.5042262077331543,0.8635715842247009,0.16822221875190735
mirror_pair03_negative,3,negative,2,11,0.9491133689880371,-0.9760898947715759,0.13745567202568054,-0.29282698035240173,1,0.3447047472000122,0.2589726825104146,-0.09890403201650429,322.0,1.0,1.0,1.0,1.0,1.0,0.12757186591625214,0.10366420447826385,0.1254514455795288,1.0,1.0,0.9444382190704346,-0.9770747423171997,0.16409535706043243,0.5557153224945068,0.8313726186752319,0.18755555152893066
mirror_pair03_negative,3,negative,2,12,0.950839638710022,-0.9767822027206421,0.1375419795513153,-0.2930346727371216,1,0.3376878798007965,0.2805327151405024,-0.11666012257899414,319.0,1.0,1.0,1.0,1.0,1.0,0.13638348877429962,0.09848707169294357,0.10751672089099884,1.0,1.0,0.9474828839302063,-0.9754927158355713,0.1619880646467209,0.6197790503501892,0.7847763895988464,0.212777778506279
mirror_pair03_negative,3,negative,2,13,0.9350273609161377,-0.9723584055900574,0.13675136864185333,-0.2917075455188751,1,0.3090831935405731,0.3010256831926284,-0.1356033627192544,316.0,1.0,1.0,1.0,1.0,1.0,1.0,0.09648225456476212,0.10039724409580231,1.0,1.0,0.9491133689880371,-0.9760898947715759,0.15999944508075714,0.6678325533866882,0.7443115711212158,0.23277777433395386
mirror_pair03_negative,3,negative,2,14,0.9203115701675415,-0.9670118689537048,0.13601557910442352,-0.29010358452796936,1,0.2888409197330475,0.3201467295436182,-0.1555439027545919,312.0,1.0,1.0,1.0,1.0,1.0,1.0,0.09466905146837234,0.08830948173999786,0.10731764882802963,1.0,0.950839638710022,-0.9767822027206421,0.1581307351589203,0.7138618230819702,0.7002865672111511,0.25305554270744324
mirror_pair03_negative,3,negative,2,15,0.923178493976593,-0.9680126905441284,0.13615892827510834,-0.290403813123703,1,0.26566189527511597,0.3380323359366366,-0.17654411496629369,309.0,1.0,1.0,1.0,1.0,1.0,1.0,0.0939202755689621,0.08252597600221634,0.09586185961961746,1.0,0.9350273609161377,-0.9723584055900574,0.1564139574766159,0.7687302231788635,0.6395731568336487,0.2791111171245575
mirror_pair03_negative,3,negative,2,16,0.9251591563224792,-0.9686734676361084,0.13625796139240265,-0.29060205817222595,1,0.24295000731945038,0.3547779539351427,-0.19865091231373305,305.0,1.0,1.0,1.0,1.0,1.0,1.0,0.09976111352443695,0.07590340077877045,0.08279699832201004,1.0,0.9203115701675415,-0.9670118689537048,0.15484073758125305,0.8089144229888916,0.58792644739151,0.2999444305896759
mirror_pair03_negative,3,negative,2,17,0.936134397983551,-0.9710883498191833,0.13680672645568848,-0.29132652282714844,1,0.24126079678535461,0.3703411212140979,-0.22188171633916143,302.0,1.0,1.0,1.0,1.0,1.0,1.0,0.11495877802371979,0.07726645469665527,0.06941428780555725,0.10424571484327316,0.923178493976593,-0.9680126905441284,0.15340696275234222,0.8552738428115845,0.5181763172149658,0.32661110162734985
mirror_pair03_negative,3,negative,2,18,0.9281653761863708,-0.9669464230537415,0.136408269405365,-0.29008394479751587,1,0.21045827865600586,0.3843705720442433,-0.24571683302261163,299.0,1.0,1.0,1.0,1.0,1.0,1.0,1.0,0.07257210463285446,0.06893165409564972,0.0863414779305458,0.9251591563224792,-0.9686734676361084,0.15212154388427734,0.8881364464759827,0.45957985520362854,0.3479999899864197
mirror_pair03_negative,3,negative,2,19,0.9306199550628662,-0.9678775072097778,0.13653099536895752,-0.29036325216293335,1,0.21045827865600586,0.3970139448825302,-0.2703645751103356,295.0,1.0,1.0,1.0,1.0,1.0,1.0,1.0,0.08233465254306793,0.06013093516230583,0.0716857761144638,0.936134397983551,-0.9710883498191833,0.1510174721479416,0.917129635810852,0.39858901500701904,0.3695000112056732
mirror_pair03_negative,3,negative,2,20,0.9335086941719055,-0.9689503312110901,0.046675436198711395,-0.29068511724472046,1,0.20267286896705627,0.4040158222377862,-0.2858812980264408,292.0,1.0,1.0,1.0,1.0,1.0,1.0,1.0,0.08151229470968246,0.06041017547249794,0.06477728486061096,0.9281653761863708,-0.9669464230537415,0.15008603036403656,0.9479352831840515,0.3184630274772644,0.3968333303928375
mirror_pair03_negative,3,negative,3,1,0.8956755995750427,-0.9574065804481506,0.1347837895154953,-0.2872219979763031,1,0.6274179220199585,0.007997587960624844,-0.0005637556716008656,358.0,1.0,1.0,1.0,1.0,0.18923164904117584,0.19040285050868988,1.0,1.0,1.0,1.0,0.0,0.0,0.1862565279006958,0.07724107056856155,0.9970124363899231,0.024611111730337143
mirror_pair03_negative,3,negative,3,2,0.8920971155166626,-0.9556924104690552,0.13460485637187958,-0.28670772910118103,1,0.6139411926269531,0.03125946096262414,-0.0012560573224044429,357.0,1.0,1.0,1.0,1.0,0.17926226556301117,0.2004115730524063,1.0,1.0,1.0,1.0,0.0,0.0,0.18552233278751373,-0.00977368839085102,0.9999522566795349,-0.0031111110001802444
mirror_pair03_negative,3,negative,3,3,0.9323944449424744,-0.9708777070045471,0.13661973178386688,-0.29126331210136414,1,0.57700514793396,0.05422832042778246,-0.0029143316740930176,354.0,1.0,1.0,1.0,1.0,0.17541177570819855,0.18421337008476257,1.0,1.0,1.0,1.0,0.8956755995750427,-0.9574065804481506,0.1833573430776596,0.007504845503717661,0.999971866607666,0.002388888970017433
mirror_pair03_negative,3,negative,3,4,0.9340717792510986,-0.9715792536735535,0.13670359551906586,-0.29147377610206604,1,0.553971529006958,0.08641287200591673,-0.007159718146462915,351.0,1.0,1.0,1.0,1.0,0.1665830761194229,0.1648586094379425,1.0,1.0,1.0,1.0,0.8920971155166626,-0.9556924104690552,0.1812155395746231,0.060003262013196945,0.9981981515884399,0.019111111760139465
mirror_pair03_negative,3,negative,3,5,0.9358112215995789,-0.9723102450370789,0.13679057359695435,-0.2916930913925171,1,0.5065024495124817,0.11372695579730657,-0.012516497486461067,347.0,1.0,1.0,1.0,1.0,0.1639474332332611,0.15827758610248566,1.0,1.0,1.0,1.0,0.9323944449424744,-0.9708777070045471,0.1782066375017166,0.11372343450784683,0.9935124516487122,0.03627777844667435
mirror_pair03_negative,3,negative,3,6,0.9378067851066589,-0.9731718301773071,0.13689035177230835,-0.29195156693458557,1,0.466724157333374,0.14083199462874707,-0.01949098603939873,344.0,1.0,1.0,1.0,1.0,0.16401728987693787,0.14471498131752014,1.0,1.0,1.0,1.0,0.9340717792510986,-0.9715792536735535,0.1756466180086136,0.184980571269989,0.982742190361023,0.05922222137451172
mirror_pair03_negative,3,negative,3,7,0.9483713507652283,-0.9774920344352722,0.13741856813430786,-0.29324761033058167,1,0.4614623486995697,0.16739057106691316,-0.027984302989403416,340.0,1.0,1.0,1.0,1.0,0.162349134683609,0.13334976136684418,0.1758127510547638,1.0,1.0,1.0,0.9358112215995789,-0.9723102450370789,0.17310118675231934,0.23921138048171997,0.9709675312042236,0.07688888907432556
mirror_pair03_negative,3,negative,3,8,0.949931800365448,-0.9781917333602905,0.13749659061431885,-0.2934575378894806,1,0.4414796531200409,0.1889170368617598,-0.03625193359760398,338.0,1.0,1.0,1.0,1.0,0.18018843233585358,0.1318463832139969,0.1518770009279251,1.0,1.0,1.0,0.9378067851066589,-0.9731718301773071,0.17060349881649017,0.3101786971092224,0.950678288936615,0.10038889199495316
mirror_pair03_negative,3,negative,3,9,0.9416288137435913,-0.9759314656257629,0.13708144426345825,-0.29277944564819336,1,0.41157862544059753,0.21869830086618774,-0.04975668152591731,334.0,1.0,1.0,1.0,1.0,1.0,0.12613704800605774,0.12864114344120026,1.0,1.0,1.0,0.9483713507652283,-0.9774920344352722,0.16857734322547913,0.34709933400154114,0.9378283619880676,0.11283333599567413
mirror_pair03_negative,3,negative,3,10,0.9437497854232788,-0.9767526388168335,0.13718749582767487,-0.29302579164505005,1,0.3861488401889801,0.23928695151752813,-0.06060575687107722,331.0,1.0,1.0,1.0,1.0,1.0,0.11759389191865921,0.11983077228069305,1.0,1.0,1.0,0.949931800365448,-0.9781917333602905,0.16577476263046265,0.4180256426334381,0.9084352254867554,0.1372777819633484
mirror_pair03_negative,3,negative,3,11,0.9467949271202087,-0.9751164317131042,0.1373397558927536,-0.2925349473953247,1,0.33467212319374084,0.26725507346957933,-0.07746301217051332,327.0,1.0,1.0,1.0,1.0,1.0,0.11549492925405502,0.11032824218273163,0.14628145098686218,1.0,1.0,0.9416288137435913,-0.9759314656257629,0.16383984684944153,0.470241904258728,0.8825375437736511,0.15583333373069763
mirror_pair03_negative,3,negative,3,12,0.9488663077354431,-0.9758933782577515,0.13744331896305084,-0.29276803135871887,1,0.3094179630279541,0.29008514058957996,-0.09329095968513958,323.0,1.0,1.0,1.0,1.0,1.0,0.11282546818256378,0.09562060981988907,0.11461944133043289,1.0,1.0,0.9437497854232788,-0.9767526388168335,0.1612192839384079,0.5386237502098083,0.8425464034080505,0.18105556070804596
mirror_pair03_negative,3,negative,3,13,0.9506802558898926,-0.9766167402267456,0.1375340223312378,-0.2929850220680237,1,0.29676446318626404,0.308441454987093,-0.10761364350423407,321.0,1.0,1.0,1.0,1.0,1.0,0.11664115637540817,0.08840513229370117,0.09632723033428192,1.0,1.0,0.9467949271202087,-0.9751164317131042,0.15909144282341003,0.6034863591194153,0.7973732948303223,0.20622222125530243
mirror_pair03_negative,3,negative,3,14,0.9515970945358276,-0.976992130279541,0.13757985830307007,-0.2930976450443268,1,0.26764968037605286,0.3329799505023141,-0.12918001600666432,317.0,1.0,1.0,1.0,1.0,1.0,0.12398066371679306,0.08478984981775284,0.08852354437112808,1.0,1.0,0.9488663077354431,-0.9758933782577515,0.1573920100927353,0.6374239921569824,0.7705132365226746,0.2199999988079071
mirror_pair03_negative,3,negative,3,15,0.9192307591438293,-0.9665499925613403,0.13596154749393463,-0.2899650037288666,1,0.26764968037605286,0.3494028205036541,-0.14537426875348886,314.0,1.0,1.0,1.0,1.0,1.0,1.0,0.08169788867235184,0.07647133618593216,0.09563129395246506,1.0,0.9506802558898926,-0.9766167402267456,0.15514351427555084,0.6990395784378052,0.7150830030441284,0.24638888239860535
mirror_pair03_negative,3,negative,3,16,0.9214391708374023,-0.9673428535461426,0.13607196509838104,-0.2902028560638428,1,0.25017765164375305,0.3711850159380231,-0.16949443695585878,310.0,1.0,1.0,1.0,1.0,1.0,1.0,0.08035610616207123,0.07800712436437607,0.08160696923732758,1.0,0.9515970945358276,-0.976992130279541,0.15365931391716003,0.7423267960548401,0.6700380444526672,0.2662777900695801
mirror_pair03_negative,3,negative,3,17,0.9243223071098328,-0.9683570265769958,0.13621611893177032,-0.29050710797309875,1,0.22001200914382935,0.38823474305759986,-0.19102791190974178,307.0,1.0,1.0,1.0,1.0,1.0,1.0,0.07480509579181671,0.07202406972646713,0.07147932797670364,1.0,0.9192307591438293,-0.9665499925613403,0.15172700583934784,0.7965298891067505,0.604599118232727,0.2933333218097687
mirror_pair03_negative,3,negative,3,18,0.9351000785827637,-0.9706196784973145,0.13675500452518463,-0.2911859154701233,1,0.18544816970825195,0.401573471525569,-0.209824880772927,304.0,1.0,1.0,1.0,1.0,1.0,1.0,0.08856073766946793,0.06286057084798813,0.06768865883350372,0.08916310220956802,0.9214391708374023,-0.9673428535461426,0.15025493502616882,0.8348478674888611,0.5504807233810425,0.3144444525241852
mirror_pair04_positive,4,positive,1,1,0.8905451893806458,-0.9547964930534363,0.1345272660255432,-0.2864389717578888,1,0.622391402721405,0.010614598794968257,0.0010226634698657759,6.0,1.0,1.0,1.0,1.0,0.18624618649482727,0.18686972558498383,1.0,1.0,1.0,1.0,0.0,0.0,0.18614962697029114,-0.060177478939294815,0.9981877207756042,-0.019166667014360428
mirror_pair04_positive,4,positive,1,2,0.8900119662284851,-0.9544728994369507,0.13450060784816742,-0.2863418757915497,1,0.5793720483779907,0.037540297652042996,0.002995254017347877,3.0,1.0,1.0,1.0,1.0,0.17782612144947052,0.18788480758666992,1.0,1.0,1.0,1.0,0.0,0.0,0.18515878915786743,-0.07793710380792618,0.9969582557678223,-0.024833332747220993
mirror_pair04_positive,4,positive,1,3,0.9319048523902893,-0.9705356359481812,0.1365952491760254,-0.2911607027053833,1,0.559022843837738,0.06505996222683738,0.0035106214633917605,359.0,1.0,1.0,1.0,1.0,0.17261874675750732,0.1655348688364029,1.0,1.0,1.0,1.0,0.8905451893806458,-0.9547964930534363,0.1826496571302414,-0.02635142020881176,0.9996527433395386,-0.008388889022171497
mirror_pair04_positive,4,positive,1,4,0.9336691498756409,-0.971372127532959,0.13668346405029297,-0.2914116382598877,1,0.5143585205078125,0.09284441248396344,0.002428863773402585,356.0,1.0,1.0,1.0,1.0,0.17086802423000336,0.15972080826759338,1.0,1.0,1.0,1.0,0.8900119662284851,-0.9544728994369507,0.1800888478755951,0.04361938685178757,0.9990482330322266,0.013888888992369175
mirror_pair04_positive,4,positive,1,5,0.9354372620582581,-0.9721125960350037,0.13677187263965607,-0.2916337847709656,1,0.47830232977867126,0.12063675147087193,-0.00030807445041366576,353.0,1.0,1.0,1.0,1.0,0.1763657182455063,0.1469595730304718,1.0,1.0,1.0,1.0,0.9319048523902893,-0.9705356359481812,0.17750734090805054,0.09671436250209808,0.9953121542930603,0.030833333730697632
mirror_pair04_positive,4,positive,1,6,0.9463075399398804,-0.9766016006469727,0.13731537759304047,-0.29298049211502075,1,0.46871131658554077,0.14816649798325376,-0.00463285804928558,349.0,1.0,1.0,1.0,1.0,0.18756191432476044,0.13665780425071716,0.1692047417163849,1.0,1.0,1.0,0.9336691498756409,-0.971372127532959,0.174929678440094,0.15057069063186646,0.9885992407798767,0.04811111092567444
mirror_pair04_positive,4,positive,1,7,0.9379764199256897,-0.9744510650634766,0.13689883053302765,-0.2923353314399719,1,0.4558854103088379,0.17545380510951095,-0.010536501256804965,346.0,1.0,1.0,1.0,1.0,1.0,0.13391752541065216,0.14178745448589325,1.0,1.0,1.0,0.9354372620582581,-0.9721125960350037,0.17238163948059082,0.2217186838388443,0.975110650062561,0.07116666436195374
mirror_pair04_positive,4,positive,1,8,0.9396205544471741,-0.9751153588294983,0.1369810402393341,-0.29253461956977844,1,0.4131849706172943,0.20212216103275749,-0.01802885277704027,342.0,1.0,1.0,1.0,1.0,1.0,0.13025297224521637,0.1330946534872055,1.0,1.0,1.0,0.9463075399398804,-0.9766016006469727,0.16986264288425446,0.27614063024520874,0.9611172676086426,0.08905555307865143
mirror_pair04_positive,4,positive,1,9,0.9416298866271973,-0.9759330153465271,0.13708150386810303,-0.29277992248535156,1,0.36295053362846375,0.22841826966671747,-0.027171176006898633,339.0,1.0,1.0,1.0,1.0,1.0,0.1263350397348404,0.11805284768342972,1.0,1.0,1.0,0.9379764199256897,-0.9744510650634766,0.16740944981575012,0.3467719554901123,0.9379494786262512,0.11272222548723221
mirror_pair04_positive,4,positive,1,10,0.9447454214096069,-0.9742121696472168,0.1372372806072235,-0.2922636568546295,1,0.3458625376224518,0.2542155722555143,-0.03785328182267573,336.0,1.0,1.0,1.0,1.0,1.0,0.12591910362243652,0.10370015352964401,0.14181651175022125,1.0,1.0,0.9396205544471741,-0.9751153588294983,0.16500158607959747,0.4006688892841339,0.9162229299545288,0.1312222182750702
mirror_pair04_positive,4,positive,1,11,0.9462724328041077,-0.974795401096344,0.1373136341571808,-0.2924386262893677,1,0.3367997705936432,0.27948407365506106,-0.05008573947920088,332.0,1.0,1.0,1.0,1.0,1.0,0.12414125353097916,0.0988178700208664,0.11800280958414078,1.0,1.0,0.9416298866271973,-0.9759330153465271,0.1626531332731247,0.45414599776268005,0.890927255153656,0.15005555748939514
mirror_pair04_positive,4,positive,1,12,0.9479347467422485,-0.9755004048347473,0.13739673793315887,-0.29265013337135315,1,0.3317360281944275,0.3038177162769334,-0.06366924083489546,329.0,1.0,1.0,1.0,1.0,1.0,0.13643085956573486,0.09622850269079208,0.10145493596792221,1.0,1.0,0.9447454214096069,-0.9742121696472168,0.16037017107009888,0.5219031572341919,0.8530047535896301,0.1747777760028839
mirror_pair04_positive,4,positive,1,13,0.9131224155426025,-0.9643967747688293,0.13565611839294434,-0.2893190383911133,1,0.3001199960708618,0.32700253612845276,-0.07852284078905848,326.0,1.0,1.0,1.0,1.0,1.0,1.0,0.09478171914815903,0.09498309344053268,0.13417230546474457,1.0,0.9462724328041077,-0.974795401096344,0.15819278359413147,0.5731474757194519,0.8194522261619568,0.1942777782678604
mirror_pair04_positive,4,positive,1,14,0.9149516820907593,-0.9650254249572754,0.13574758172035217,-0.2895076274871826,1,0.2797759771347046,0.34939433007046294,-0.09478145049425435,322.0,1.0,1.0,1.0,1.0,1.0,1.0,0.09194950014352798,0.0857485681772232,0.10124728828668594,1.0,0.9479347467422485,-0.9755004048347473,0.15614396333694458,0.6229243278503418,0.7822821140289307,0.21405555307865143
mirror_pair04_positive,4,positive,1,15,0.9176485538482666,-0.9660153388977051,0.1358824372291565,-0.289804607629776,1,0.25746482610702515,0.37085626536944843,-0.11236782219880216,319.0,1.0,1.0,1.0,1.0,1.0,1.0,0.0920785665512085,0.07993599027395248,0.08551349490880966,1.0,0.9131224155426025,-0.9643967747688293,0.1541956514120102,0.6839107275009155,0.7295657396316528,0.23972222208976746
mirror_pair04_positive,4,positive,1,16,0.9290485978126526,-0.9684426188468933,0.13645243644714355,-0.29053279757499695,1,0.2536548376083374,0.3912494514552411,-0.13110797839510932,316.0,1.0,1.0,1.0,1.0,1.0,1.0,0.09307096898555756,0.07494733482599258,0.07356137782335281,0.11837516725063324,0.9149516820907593,-0.9650254249572754,0.15236453711986542,0.7293269634246826,0.6841652989387512,0.2601666748523712
mirror_pair04_positive,4,positive,1,17,0.9313620328903198,-0.9692367315292358,0.1365680992603302,-0.2907710373401642,1,0.22498133778572083,0.4104757326361236,-0.15095897601759994,312.0,1.0,1.0,1.0,1.0,1.0,1.0,0.11148463189601898,0.07255924493074417,0.07247281074523926,0.09049880504608154,0.9176485538482666,-0.9660153388977051,0.15066646039485931,0.7722902894020081,0.635269820690155,0.2808888852596283
mirror_pair04_positive,4,positive,1,18,0.9231159687042236,-0.9649387001991272,0.13615579903125763,-0.28948161005973816,1,0.21508556604385376,0.4285620232368533,-0.17205058849410718,309.0,1.0,1.0,1.0,1.0,1.0,1.0,1.0,0.07443724572658539,0.06428038328886032,0.07220740616321564,0.9290485978126526,-0.9684426188468933,0.1491144299507141,0.8226405382156372,0.568561851978302,0.3075000047683716
mirror_pair04_positive,4,positive,1,19,0.9258096218109131,-0.9659589529037476,0.13629049062728882,-0.2897877097129822,1,0.21063898503780365,0.4453084709474949,-0.19401799920403048,306.0,1.0,1.0,1.0,1.0,1.0,1.0,1.0,0.0741499736905098,0.061453018337488174,0.06365899741649628,0.9313620328903198,-0.9692367315292358,0.14771227538585663,0.8588705062866211,0.5121927857398987,0.32883334159851074
mirror_pair04_positive,4,positive,1,20,0.9282544255256653,-0.9669356346130371,0.13641272485256195,-0.2900806963443756,1,0.20343874394893646,0.4608831381064886,-0.21705608721866135,302.0,1.0,1.0,1.0,1.0,1.0,1.0,1.0,0.08214844018220901,0.060182567685842514,0.06294499337673187,0.9231159687042236,-0.9649387001991272,0.1464782953262329,0.8914814591407776,0.453057199716568,0.3503333330154419
mirror_pair04_positive,4,positive,2,1,0.8914299607276917,-0.955187201499939,0.13457150757312775,-0.2865561842918396,1,0.6195984482765198,0.0059715445871876775,0.0004985531372279894,5.0,1.0,1.0,1.0,1.0,0.1770281344652176,0.185959592461586,1.0,1.0,1.0,1.0,0.0,0.0,0.18592394888401031,-0.04292190819978714,0.9990784525871277,-0.01366666704416275
mirror_pair04_positive,4,positive,2,2,0.8907133340835571,-0.9548304080963135,0.13453567028045654,-0.286449134349823,1,0.5980051159858704,0.02701430074753008,0.002363678536049487,4.0,1.0,1.0,1.0,1.0,0.17830301821231842,0.18662938475608826,1.0,1.0,1.0,1.0,0.0,0.0,0.1855919361114502,-0.060351695865392685,0.998177170753479,-0.01922222226858139
mirror_pair04_positive,4,positive,2,3,0.9313877820968628,-0.970309853553772,0.13656939566135406,-0.29109296202659607,1,0.5777164697647095,0.05483365270331745,0.003645507423437686,1.0,1.0,1.0,1.0,1.0,0.1750870943069458,0.17085860669612885,1.0,1.0,1.0,1.0,0.8914299607276917,-0.955187201499939,0.18363019824028015,-0.04361938685178757,0.9990482330322266,-0.013888888992369175
mirror_pair04_positive,4,positive,2,4,0.9327213764190674,-0.9709374308586121,0.13663607835769653,-0.29128125309944153,1,0.5415215492248535,0.08259960330505103,0.0033189803936396253,358.0,1.0,1.0,1.0,1.0,0.17224928736686707,0.1650618463754654,1.0,1.0,1.0,1.0,0.8907133340835571,-0.9548304080963135,0.18103964626789093,0.008377482183277607,0.9999648928642273,0.0026666666381061077
mirror_pair04_positive,4,positive,2,5,0.9344539046287537,-0.971675455570221,0.13672269880771637,-0.2915026545524597,1,0.5044481158256531,0.11030990468896996,0.0014326261278899783,354.0,1.0,1.0,1.0,1.0,0.17475929856300354,0.15472044050693512,1.0,1.0,1.0,1.0,0.9313877820968628,-0.970309853553772,0.17845796048641205,0.06122274696826935,0.9981241226196289,0.019500000402331352
mirror_pair04_positive,4,positive,2,6,0.9457761645317078,-0.9763755798339844,0.13728880882263184,-0.29291269183158875,1,0.48613324761390686,0.13805144592099883,-0.002106421038859288,351.0,1.0,1.0,1.0,1.0,0.17798185348510742,0.14412803947925568,0.18469353020191193,1.0,1.0,1.0,0.9327213764190674,-0.9709374308586121,0.17588548362255096,0.13208338618278503,0.9912385940551758,0.04216666519641876
mirror_pair04_positive,4,positive,2,7,0.9368030428886414,-0.9739748239517212,0.13684016466140747,-0.2921924591064453,1,0.4423947334289551,0.16548677422359953,-0.007275095476487564,348.0,1.0,1.0,1.0,1.0,1.0,0.1388952136039734,0.15785643458366394,1.0,1.0,1.0,0.9344539046287537,-0.971675455570221,0.17331503331661224,0.18618108332157135,0.9825154542922974,0.059611111879348755
mirror_pair04_positive,4,positive,2,8,0.9387822151184082,-0.9747442603111267,0.13693910837173462,-0.292423278093338,1,0.4196498394012451,0.19253391635676873,-0.014005370717653258,344.0,1.0,1.0,1.0,1.0,1.0,0.1263984888792038,0.13040584325790405,1.0,1.0,1.0,0.9457761645317078,-0.9763755798339844,0.17077898979187012,0.24039746820926666,0.9706745147705078,0.0772777795791626
mirror_pair04_positive,4,positive,2,9,0.9406726956367493,-0.9755410552024841,0.1370336413383484,-0.2926623225212097,1,0.40233391523361206,0.21915599803594432,-0.02228489251559727,341.0,1.0,1.0,1.0,1.0,1.0,0.12641747295856476,0.11989995092153549,1.0,1.0,1.0,0.9368030428886414,-0.9739748239517212,0.16828633844852448,0.311671644449234,0.9501898884773254,0.10088888555765152
mirror_pair04_positive,4,positive,2,10,0.9438201785087585,-0.9738402962684631,0.1371910125017166,-0.2921521067619324,1,0.3782423734664917,0.2451383214698893,-0.032179918202346634,337.0,1.0,1.0,1.0,1.0,1.0,0.11890227347612381,0.11495254933834076,0.15898500382900238,1.0,1.0,0.9387822151184082,-0.9747442603111267,0.16584236919879913,0.36568915843963623,0.9307370185852051,0.11916666477918625
mirror_pair04_positive,4,positive,2,11,0.9457074403762817,-0.9745473861694336,0.13728538155555725,-0.292364239692688,1,0.3334686756134033,0.2705257559452187,-0.043603126430526204,334.0,1.0,1.0,1.0,1.0,1.0,0.12224454432725906,0.10806924849748611,0.11938140541315079,1.0,1.0,0.9406726956367493,-0.9755410552024841,0.16346979141235352,0.4353882372379303,0.900242805480957,0.14338888227939606
mirror_pair04_positive,4,positive,2,12,0.9471108317375183,-0.9751466512680054,0.13735555112361908,-0.29254400730133057,1,0.32256677746772766,0.29535819849875233,-0.056552831780538826,331.0,1.0,1.0,1.0,1.0,1.0,0.12901751697063446,0.09527676552534103,0.10922368615865707,1.0,1.0,0.9438201785087585,-0.9738402962684631,0.16116702556610107,0.4883166551589966,0.8726665377616882,0.1623888909816742
mirror_pair04_positive,4,positive,2,13,0.9483535885810852,-0.9756706357002258,0.13741768896579742,-0.29270121455192566,1,0.2826201915740967,0.3194817773169492,-0.07099355837490325,327.0,1.0,1.0,1.0,1.0,1.0,0.14456044137477875,0.09216193854808807,0.09343694150447845,1.0,1.0,0.9457074403762817,-0.9745473861694336,0.15893375873565674,0.5403872132301331,0.8414164781570435,0.1817222237586975
mirror_pair04_positive,4,positive,2,14,0.9140874743461609,-0.9646819829940796,0.1357043832540512,-0.28940460085868835,1,0.27485910058021545,0.34218166359809105,-0.08646291125197009,324.0,1.0,1.0,1.0,1.0,1.0,1.0,0.08997248113155365,0.08074862509965897,0.10474860668182373,1.0,0.9471108317375183,-0.9751466512680054,0.15678799152374268,0.6052939891815186,0.7960020303726196,0.20694445073604584
mirror_pair04_positive,4,positive,2,15,0.9163808822631836,-0.9655100107192993,0.13581904768943787,-0.2896530032157898,1,0.25099286437034607,0.36402740562777236,-0.10333733733625064,321.0,1.0,1.0,1.0,1.0,1.0,1.0,0.09094298630952835,0.0785311684012413,0.09081651270389557,1.0,0.9483535885810852,-0.9756706357002258,0.15479676425457,0.6539489030838013,0.7565386891365051,0.22688889503479004
mirror_pair04_positive,4,positive,2,16,0.9182777404785156,-0.9661905765533447,0.1359138935804367,-0.2898571789264679,1,0.24236367642879486,0.38496241951383825,-0.12156153417046425,317.0,1.0,1.0,1.0,1.0,1.0,1.0,0.09544416517019272,0.07171224802732468,0.07509731501340866,1.0,0.9140874743461609,-0.9646819829940796,0.152913898229599,0.7007847428321838,0.7133727669715881,0.24716666340827942
mirror_pair04_positive,4,positive,2,17,0.9305776357650757,-0.968961775302887,0.136528879404068,-0.29068854451179504,1,0.23323623836040497,0.4048036750787469,-0.14096295218083693,314.0,1.0,1.0,1.0,1.0,1.0,1.0,0.09499095380306244,0.06924676150083542,0.07165584713220596,0.1021328717470169,0.9163808822631836,-0.9655100107192993,0.1511489897966385,0.7569950819015503,0.653420627117157,0.273333340883255
mirror_pair04_positive,4,positive,2,18,0.9213520288467407,-0.9642490148544312,0.13606759905815125,-0.2892747223377228,1,0.2233174741268158,0.42349281018500895,-0.16141812235440645,311.0,1.0,1.0,1.0,1.0,1.0,1.0,1.0,0.07107660174369812,0.06663892418146133,0.07659880071878433,0.9182777404785156,-0.9661905765533447,0.14952217042446136,0.7983202934265137,0.6022331118583679,0.29427778720855713
mirror_pair04_positive,4,positive,2,19,0.9241620302200317,-0.9653385877609253,0.13620810210704803,-0.289601594209671,1,0.2071358859539032,0.440863206188664,-0.1828811052236125,307.0,1.0,1.0,1.0,1.0,1.0,1.0,1.0,0.07630910724401474,0.063804991543293,0.06722597777843475,0.9305776357650757,-0.968961775302887,0.1480419635772705,0.8365731239318848,0.5478552579879761,0.3154444396495819
mirror_pair04_positive,4,positive,2,20,0.9273476004600525,-0.9665653109550476,0.13636738061904907,-0.2899695932865143,1,0.2071358859539032,0.4569771725214629,-0.2053964308032674,304.0,1.0,1.0,1.0,1.0,1.0,1.0,1.0,0.07871077209711075,0.06107902526855469,0.059181682765483856,0.9213520288467407,-0.9642490148544312,0.1467275172472,0.8799803853034973,0.4750099778175354,0.34244444966316223
mirror_pair04_positive,4,positive,3,1,0.890577495098114,-0.9548060894012451,0.13452887535095215,-0.286441832780838,1,0.623383641242981,0.0013716791264481581,7.999064266404547e-05,3.0,1.0,1.0,1.0,1.0,0.18379755318164825,0.18759770691394806,1.0,1.0,1.0,1.0,0.0,0.0,0.186238095164299,-0.060177478939294815,0.9981877207756042,-0.019166667014360428
mirror_pair04_positive,4,positive,3,2,0.8921884298324585,-0.9555450677871704,0.1346094310283661,-0.2866635322570801,1,0.623383641242981,0.014282102643384479,0.000514477294872982,2.0,1.0,1.0,1.0,1.0,0.18569405376911163,0.17810961604118347,1.0,1.0,1.0,1.0,0.0,0.0,0.18602080643177032,-0.02530457265675068,0.9996798038482666,-0.008055555634200573
mirror_pair04_positive,4,positive,3,3,0.9319016337394714,-0.9706646203994751,0.13659508526325226,-0.29119938611984253,1,0.5699063539505005,0.040511927468520385,0.0009123802272448538,359.0,1.0,1.0,1.0,1.0,0.1846587359905243,0.1826447993516922,1.0,1.0,1.0,1.0,0.890577495098114,-0.9548060894012451,0.18481895327568054,-0.008028428070247173,0.9999677538871765,-0.0025555556640028954
mirror_pair04_positive,4,positive,3,4,0.9335739612579346,-0.971370279788971,0.13667869567871094,-0.2914111018180847,1,0.554429292678833,0.06844589972570239,-0.00020298235643608788,356.0,1.0,1.0,1.0,1.0,0.18131782114505768,0.1628303825855255,1.0,1.0,1.0,1.0,0.8921884298324585,-0.9555450677871704,0.18237841129302979,0.044491205364465714,0.9990097880363464,0.014166667126119137
mirror_pair04_positive,4,positive,3,5,0.9351587295532227,-0.9720669984817505,0.13675794005393982,-0.2916201055049896,1,0.5199869871139526,0.09607764713373702,-0.002903787000478803,353.0,1.0,1.0,1.0,1.0,0.18847624957561493,0.15840837359428406,1.0,1.0,1.0,1.0,0.9319016337394714,-0.9706646203994751,0.17978326976299286,0.09775660187005997,0.9952103495597839,0.031166667118668556
mirror_pair04_positive,4,positive,3,6,0.9460096955299377,-0.9765455722808838,0.1373004913330078,-0.2929636836051941,1,0.48398488759994507,0.11908096105932699,-0.006361822734397067,350.0,1.0,1.0,1.0,1.0,0.20325161516666412,0.14856770634651184,0.17317430675029755,1.0,1.0,1.0,0.9335739612579346,-0.971370279788971,0.17722076177597046,0.15143334865570068,0.9884674549102783,0.04838888719677925
mirror_pair04_positive,4,positive,3,7,0.9373087882995605,-0.9742003083229065,0.13686543703079224,-0.2922601103782654,1,0.46498629450798035,0.15092065195121077,-0.013103889127791694,346.0,1.0,1.0,1.0,1.0,1.0,0.13828139007091522,0.1618407517671585,1.0,1.0,1.0,0.9351587295532227,-0.9720669984817505,0.17509151995182037,0.2051793783903122,0.9787243604660034,0.06577777862548828
mirror_pair04_positive,4,positive,3,8,0.939585268497467,-0.9751193523406982,0.13697926700115204,-0.29253581166267395,1,0.4488874077796936,0.17778190341609437,-0.020614395052096782,343.0,1.0,1.0,1.0,1.0,1.0,0.13285322487354279,0.1380578577518463,1.0,1.0,1.0,0.9460096955299377,-0.9765455722808838,0.1721523106098175,0.2769792675971985,0.9608758687973022,0.08933333307504654
mirror_pair04_positive,4,positive,3,9,0.9410163760185242,-0.9757184386253357,0.1370508223772049,-0.29271554946899414,1,0.4064222276210785,0.20418625728345682,-0.029660547423156974,339.0,1.0,1.0,1.0,1.0,1.0,0.1342739462852478,0.12825354933738708,1.0,1.0,1.0,0.9373087882995605,-0.9742003083229065,0.16968195140361786,0.33133789896965027,0.9435121417045593,0.10750000178813934
mirror_pair04_positive,4,positive,3,10,0.9445673227310181,-0.9742122292518616,0.1372283697128296,-0.2922636866569519,1,0.39054638147354126,0.2299446438596001,-0.040194724720205376,336.0,1.0,1.0,1.0,1.0,1.0,0.1333809345960617,0.11612063646316528,0.15317213535308838,1.0,1.0,0.939585268497467,-0.9751193523406982,0.1672644317150116,0.40146827697753906,0.9158729314804077,0.1315000057220459
mirror_pair04_positive,4,positive,3,11,0.9460789561271667,-0.9747853875160217,0.13730394840240479,-0.2924356162548065,1,0.3732013702392578,0.255031962206554,-0.05233183697821563,332.0,1.0,1.0,1.0,1.0,1.0,0.13228482007980347,0.11158467829227448,0.1284240037202835,1.0,1.0,0.9410163760185242,-0.9757184386253357,0.1649196743965149,0.4547678828239441,0.8906099796295166,0.150277778506279
mirror_pair04_positive,4,positive,3,12,0.9477053880691528,-0.9754748940467834,0.1373852789402008,-0.2926424741744995,1,0.3413691818714142,0.27938923690728545,-0.06592231091411392,329.0,1.0,1.0,1.0,1.0,1.0,0.1483726054430008,0.10662896186113358,0.11005545407533646,1.0,1.0,0.9445673227310181,-0.9742122292518616,0.16265368461608887,0.5223497152328491,0.8527313470840454,0.1749444454908371
mirror_pair04_positive,4,positive,3,13,0.9310581088066101,-0.9708521366119385,0.13655291497707367,-0.2912556529045105,1,0.320565789937973,0.3029255767742083,-0.08090438617681,326.0,1.0,1.0,1.0,1.0,1.0,1.0,0.09753405302762985,0.10035576671361923,1.0,1.0,0.9460789561271667,-0.9747853875160217,0.16047468781471252,0.5734334588050842,0.8192521333694458,0.19438889622688293
mirror_pair04_positive,4,positive,3,14,0.9153476357460022,-0.9652108550071716,0.1357673853635788,-0.28956326842308044,1,0.2976486086845398,0.32546356843398,-0.09717636830814291,322.0,1.0,1.0,1.0,1.0,1.0,1.0,0.1016087755560875,0.09159022569656372,0.11859385669231415,1.0,0.9477053880691528,-0.9754748940467834,0.15839460492134094,0.6231973767280579,0.7820646166801453,0.21416667103767395
mirror_pair04_positive,4,positive,3,15,0.9180628657341003,-0.9661839008331299,0.13590314984321594,-0.2898551821708679,1,0.2916136384010315,0.3466720195535458,-0.11445760493604175,319.0,1.0,1.0,1.0,1.0,1.0,1.0,0.09892718493938446,0.08504246175289154,0.09598753601312637,1.0,0.9310581088066101,-0.9708521366119385,0.15643320977687836,0.6840380430221558,0.7294463515281677,0.23977777361869812
mirror_pair04_positive,4,positive,3,16,0.9201334714889526,-0.9669230580329895,0.1360066831111908,-0.29007694125175476,1,0.27149444818496704,0.36375459356463735,-0.12999212257802076,316.0,1.0,1.0,1.0,1.0,1.0,1.0,0.10692626982927322,0.08331818133592606,0.08459573984146118,1.0,0.9153476357460022,-0.9652108550071716,0.15462276339530945,0.7292075157165527,0.6842926144599915,0.26011112332344055
mirror_pair04_positive,4,positive,3,17,0.931279718875885,-0.9692452549934387,0.1365639865398407,-0.2907736003398895,1,0.2541528344154358,0.3864420090517072,-0.15320006424131788,312.0,1.0,1.0,1.0,1.0,1.0,1.0,0.1252823919057846,0.07756984233856201,0.07904528826475143,0.0972522646188736,0.9180628657341003,-0.9661839008331299,0.15319645404815674,0.7707356810569763,0.6371549963951111,0.2801111042499542
mirror_pair04_positive,4,positive,3,18,0.9232829809188843,-0.965040385723114,0.13616415858268738,-0.28951212763786316,1,0.23023268580436707,0.40453053311880915,-0.17417364397515156,309.0,1.0,1.0,1.0,1.0,1.0,1.0,1.0,0.07261509448289871,0.07541336864233017,0.08034778386354446,0.9201334714889526,-0.9669230580329895,0.15135887265205383,0.8223426938056946,0.5689924955368042,0.3073333203792572
mirror_pair04_positive,4,positive,3,19,0.925808846950531,-0.9660289883613586,0.13629044592380524,-0.2898087203502655,1,0.23023268580436707,0.421404804997528,-0.1961268314073471,306.0,1.0,1.0,1.0,1.0,1.0,1.0,1.0,0.07926628738641739,0.06578076630830765,0.07726442068815231,0.931279718875885,-0.9692452549934387,0.14995357394218445,0.8584232330322266,0.5129420757293701,0.32855555415153503
mirror_pair04_positive,4,positive,3,20,0.9283826351165771,-0.9670425653457642,0.1364191323518753,-0.29011279344558716,1,0.22378945350646973,0.4369501377879962,-0.21909416093259737,302.0,1.0,1.0,1.0,1.0,1.0,1.0,1.0,0.08985286206007004,0.06642790883779526,0.06586263328790665,0.9232829809188843,-0.965040385723114,0.14870551228523254,0.8910065293312073,0.45399048924446106,0.3499999940395355
mirror_pair04_negative,4,negative,1,1,0.8953819274902344,-0.957165002822876,0.13476909697055817,-0.2871495187282562,1,0.6251677870750427,0.009897294112477738,-0.0009306571447893442,354.0,1.0,1.0,1.0,1.0,0.18547272682189941,0.18170763552188873,1.0,1.0,1.0,1.0,0.0,0.0,0.18610841035842896,0.060177478939294815,0.9981877207756042,0.019166667014360428
mirror_pair04_negative,4,negative,1,2,0.896146297454834,-0.9575082659721375,0.13480731844902039,-0.2872524857521057,1,0.5770346522331238,0.036855284750003776,-0.004536597615090983,351.0,1.0,1.0,1.0,1.0,0.1866133213043213,0.1786193698644638,1.0,1.0,1.0,1.0,0.0,0.0,0.1852257251739502,0.07793710380792618,0.9969582557678223,0.024833332747220993
mirror_pair04_negative,4,negative,1,3,0.9356777667999268,-0.9723902344703674,0.1367838978767395,-0.2917170822620392,1,0.5374933481216431,0.0641006037551657,-0.009770578179615165,347.0,1.0,1.0,1.0,1.0,0.18677222728729248,0.16486704349517822,1.0,1.0,1.0,1.0,0.8953819274902344,-0.957165002822876,0.1827096939086914,0.13156436383724213,0.9913076162338257,0.041999999433755875
mirror_pair04_negative,4,negative,1,4,0.9375225901603699,-0.9732096791267395,0.13687613606452942,-0.2919629216194153,1,0.518516480922699,0.09108979950859573,-0.016570556839011985,344.0,1.0,1.0,1.0,1.0,0.19880999624729156,0.1535695344209671,1.0,1.0,1.0,1.0,0.896146297454834,-0.9575082659721375,0.18016381561756134,0.2026163786649704,0.9792581796646118,0.06494444608688354
mirror_pair04_negative,4,negative,1,5,0.9384299516677856,-0.9747350215911865,0.1369214951992035,-0.29242050647735596,1,0.5015246868133545,0.11751898138257622,-0.0250102187165099,341.0,1.0,1.0,1.0,1.0,1.0,0.1481475681066513,0.17317618429660797,1.0,1.0,1.0,0.9356777667999268,-0.9723902344703674,0.17763985693454742,0.2567954361438751,0.9664657711982727,0.08266666531562805
mirror_pair04_negative,4,negative,1,6,0.9401386380195618,-0.9754156470298767,0.137006938457489,-0.29262471199035645,1,0.47444161772727966,0.1434646852497661,-0.03502549429323675,337.0,1.0,1.0,1.0,1.0,1.0,0.14329276978969574,0.15366697311401367,1.0,1.0,1.0,0.9375225901603699,-0.9732096791267395,0.1751675009727478,0.3110082149505615,0.9504072070121765,0.10066666454076767
mirror_pair04_negative,4,negative,1,7,0.9422072768211365,-0.9762465953826904,0.1371103674173355,-0.29287397861480713,1,0.4437808394432068,0.16888920282691117,-0.04657009868621398,334.0,1.0,1.0,1.0,1.0,1.0,0.14364586770534515,0.1355547457933426,1.0,1.0,1.0,0.9384299516677856,-0.9747350215911865,0.17274177074432373,0.38123172521591187,0.9244794845581055,0.12449999898672104
mirror_pair04_negative,4,negative,1,8,0.943925678730011,-0.9768891334533691,0.13719628751277924,-0.29306674003601074,1,0.42332711815834045,0.19371916817170975,-0.05964468498138898,331.0,1.0,1.0,1.0,1.0,1.0,0.13238194584846497,0.12679453194141388,1.0,1.0,1.0,0.9401386380195618,-0.9754156470298767,0.17036862671375275,0.43475964665412903,0.9005465507507324,0.1431666612625122
mirror_pair04_negative,4,negative,1,9,0.9468624591827393,-0.9752436280250549,0.1373431235551834,-0.29257309436798096,1,0.3992043137550354,0.21744946458330794,-0.07399157357965547,327.0,1.0,1.0,1.0,1.0,1.0,0.13984337449073792,0.1209506019949913,0.1487487405538559,1.0,1.0,0.9422072768211365,-0.9762465953826904,0.1680578589439392,0.4875549077987671,0.8730922937393188,0.16211111843585968
mirror_pair04_negative,4,negative,1,10,0.9488403797149658,-0.9760164022445679,0.13744202256202698,-0.29280492663383484,1,0.3770100772380829,0.2404150235985535,-0.08984716516554095,324.0,1.0,1.0,1.0,1.0,1.0,0.1378590613603592,0.11405837535858154,0.12801609933376312,1.0,1.0,0.943925678730011,-0.9768891334533691,0.16585956513881683,0.5539728999137878,0.832534670829773,0.1868888884782791
mirror_pair04_negative,4,negative,1,11,0.9322908520698547,-0.9713729619979858,0.13661454617977142,-0.2914119064807892,1,0.34090447425842285,0.2624105216186198,-0.10702378898767143,320.0,1.0,1.0,1.0,1.0,1.0,1.0,0.10771716386079788,0.10817473381757736,1.0,1.0,0.9468624591827393,-0.9752436280250549,0.16374638676643372,0.6041819453239441,0.7968463897705078,0.20649999380111694
mirror_pair04_negative,4,negative,1,12,0.9185318946838379,-0.9664344787597656,0.13592660427093506,-0.2899303436279297,1,0.32439959049224854,0.2832304770652183,-0.12533778514631738,317.0,1.0,1.0,1.0,1.0,1.0,1.0,0.10194691270589828,0.09740127623081207,0.14701683819293976,1.0,0.9488403797149658,-0.9760164022445679,0.16174118220806122,0.6658816933631897,0.746057391166687,0.23194444179534912
mirror_pair04_negative,4,negative,1,13,0.9200748801231384,-0.9669685363769531,0.1360037475824356,-0.29009056091308594,1,0.2903501093387604,0.3029304034560595,-0.144739810268694,314.0,1.0,1.0,1.0,1.0,1.0,1.0,0.10794627666473389,0.09268559515476227,0.11284394562244415,1.0,0.9322908520698547,-0.9713729619979858,0.15986666083335876,0.7117809057235718,0.7024015784263611,0.2521111071109772
mirror_pair04_negative,4,negative,1,14,0.9220137596130371,-0.9676135182380676,0.13610069453716278,-0.29028406739234924,1,0.2762053310871124,0.32137382490877525,-0.1652110769815688,310.0,1.0,1.0,1.0,1.0,1.0,1.0,0.10830629616975784,0.08295717090368271,0.09338349848985672,1.0,0.9185318946838379,-0.9664344787597656,0.15812146663665771,0.7553961873054504,0.6552683115005493,0.27255555987358093
mirror_pair04_negative,4,negative,1,15,0.924943745136261,-0.968612790107727,0.1362471878528595,-0.29058384895324707,1,0.2718675434589386,0.33870704856292577,-0.18692486296914257,307.0,1.0,1.0,1.0,1.0,1.0,1.0,0.11168616265058517,0.07891581207513809,0.08369199931621552,1.0,0.9200748801231384,-0.9669685363769531,0.15652230381965637,0.8068572282791138,0.5907465219497681,0.29883334040641785
mirror_pair04_negative,4,negative,1,16,0.9248706102371216,-0.965787410736084,0.136243537068367,-0.28973624110221863,1,0.2677513659000397,0.3546772164385887,-0.20946856672626066,304.0,1.0,1.0,1.0,1.0,1.0,1.0,1.0,0.08533401787281036,0.0776764377951622,0.09984130412340164,0.9220137596130371,-0.9676135182380676,0.15506120026111603,0.8440472483634949,0.5362688302993774,0.31983333826065063
mirror_pair04_negative,4,negative,1,17,0.9275556206703186,-0.9667555689811707,0.13637778162956238,-0.2900266945362091,1,0.2330678105354309,0.3694444586151647,-0.23304891618304982,300.0,1.0,1.0,1.0,1.0,1.0,1.0,1.0,0.07922469079494476,0.07650039345026016,0.08580368757247925,0.924943745136261,-0.968612790107727,0.15376321971416473,0.8779829740524292,0.47869184613227844,0.34111112356185913
mirror_pair04_negative,4,negative,1,18,0.9304991960525513,-0.9678544402122498,0.136524960398674,-0.2903563380241394,1,0.23190708458423615,0.38279459826368245,-0.2574193686067421,297.0,1.0,1.0,1.0,1.0,1.0,1.0,1.0,0.08334159106016159,0.0665908008813858,0.07166862487792969,0.9248706102371216,-0.965787410736084,0.15261925756931305,0.9154520034790039,0.40242716670036316,0.36816665530204773
mirror_pair04_negative,4,negative,1,19,0.9330363869667053,-0.9688707590103149,0.046651821583509445,-0.2906612455844879,1,0.22637616097927094,0.39270859096438365,-0.27887969921115346,291.0,1.0,1.0,1.0,1.0,1.0,1.0,1.0,0.09974025934934616,0.07151977717876434,0.06625916808843613,0.9275556206703186,-0.9667555689811707,0.15165089070796967,0.940703272819519,0.3392305076122284,0.38983333110809326
mirror_pair04_negative,4,negative,1,20,0.9365056753158569,-0.973138153553009,0.046825286000967026,-0.29194146394729614,1,0.22637616097927094,0.39678394694982405,-0.2914324749527559,285.0,1.0,1.0,1.0,1.0,1.0,1.0,1.0,1.0,0.07777123153209686,0.06467889994382858,0.9304991960525513,-0.9678544402122498,0.15099942684173584,0.9742127656936646,0.2256312370300293,0.42755556106567383
mirror_pair04_negative,4,negative,2,1,0.8951951861381531,-0.9571225643157959,0.13475976884365082,-0.2871367931365967,1,0.6449029445648193,0.003081500346918135,-0.00015512792531873921,358.0,1.0,1.0,1.0,1.0,0.1899508684873581,0.18425798416137695,1.0,1.0,1.0,1.0,0.0,0.0,0.18619225919246674,0.060177478939294815,0.9981877207756042,0.019166667014360428
mirror_pair04_negative,4,negative,2,2,0.8930996656417847,-0.9561070203781128,0.13465498387813568,-0.28683212399482727,1,0.6068047285079956,0.017987290663267312,-0.0003189392361787278,359.0,1.0,1.0,1.0,1.0,0.18498484790325165,0.1884910762310028,1.0,1.0,1.0,1.0,0.0,0.0,0.18586158752441406,0.008028428070247173,0.9999677538871765,0.0025555556640028954
mirror_pair04_negative,4,negative,2,3,0.931972324848175,-0.9706781506538391,0.1365986168384552,-0.29120346903800964,1,0.5980393290519714,0.0448216586664883,-0.0020443046293086783,355.0,1.0,1.0,1.0,1.0,0.1733727753162384,0.1866372972726822,1.0,1.0,1.0,1.0,0.8951951861381531,-0.9571225643157959,0.1844748556613922,-0.009599163196980953,0.9999539256095886,-0.0030555555131286383
mirror_pair04_negative,4,negative,2,4,0.9339385628700256,-0.9715572595596313,0.1366969347000122,-0.29146718978881836,1,0.5433714985847473,0.07243358486072426,-0.005492207855921725,351.0,1.0,1.0,1.0,1.0,0.17168661952018738,0.170868381857872,1.0,1.0,1.0,1.0,0.8930996656417847,-0.9561070203781128,0.18197475373744965,0.06070012226700783,0.9981560707092285,0.019333332777023315
mirror_pair04_negative,4,negative,2,5,0.9362630248069763,-0.9725264310836792,0.13681316375732422,-0.2917579412460327,1,0.5052542686462402,0.09980107658572794,-0.010520845809120438,348.0,1.0,1.0,1.0,1.0,0.16961266100406647,0.1552489995956421,1.0,1.0,1.0,1.0,0.931972324848175,-0.9706781506538391,0.1793982982635498,0.13156436383724213,0.9913076162338257,0.041999999433755875
mirror_pair04_negative,4,negative,2,6,0.9467974305152893,-0.9768627882003784,0.13733987510204315,-0.293058842420578,1,0.4853998124599457,0.12701325280233663,-0.017158092200780288,345.0,1.0,1.0,1.0,1.0,0.17658552527427673,0.14435836672782898,0.1996234655380249,1.0,1.0,1.0,0.9339385628700256,-0.9715572595596313,0.17684149742126465,0.18549510836601257,0.9826452136039734,0.059388887137174606
mirror_pair04_negative,4,negative,2,7,0.9482002258300781,-0.9774773120880127,0.1374100148677826,-0.2932431995868683,1,0.4471604526042938,0.1535563352495343,-0.0253912533643237,341.0,1.0,1.0,1.0,1.0,0.191779226064682,0.1386856585741043,0.16071967780590057,1.0,1.0,1.0,0.9362630248069763,-0.9725264310836792,0.17429710924625397,0.23971974849700928,0.9708421230316162,0.07705555856227875
mirror_pair04_negative,4,negative,2,8,0.9405569434165955,-0.9755094051361084,0.13702785968780518,-0.29265284538269043,1,0.43749815225601196,0.17957234699471802,-0.035204665280365505,338.0,1.0,1.0,1.0,1.0,1.0,0.1277601271867752,0.140236034989357,1.0,1.0,1.0,0.9467974305152893,-0.9768627882003784,0.171814426779747,0.3108423352241516,0.9504615068435669,0.100611113011837
mirror_pair04_negative,4,negative,2,9,0.9421349167823792,-0.9761382937431335,0.1371067464351654,-0.29284149408340454,1,0.40310949087142944,0.20509977823635822,-0.046568250286471755,334.0,1.0,1.0,1.0,1.0,1.0,0.12499947100877762,0.12974748015403748,1.0,1.0,1.0,0.9482002258300781,-0.9774773120880127,0.16938228905200958,0.36503928899765015,0.9309921264648438,0.1189444437623024
mirror_pair04_negative,4,negative,2,10,0.9440758228302002,-0.9769161343574524,0.13720379769802094,-0.2930748462677002,1,0.38295578956604004,0.23003191599362585,-0.05947296859961522,331.0,1.0,1.0,1.0,1.0,1.0,0.12599970400333405,0.11517413705587387,1.0,1.0,1.0,0.9405569434165955,-0.9755094051361084,0.16699959337711334,0.43460243940353394,0.9006224274635315,0.14311110973358154
mirror_pair04_negative,4,negative,2,11,0.9471245408058167,-0.9752305746078491,0.137356236577034,-0.29256919026374817,1,0.3523326814174652,0.2538499352910132,-0.07361575076120644,327.0,1.0,1.0,1.0,1.0,1.0,0.12633533775806427,0.1094159409403801,0.12836802005767822,1.0,1.0,0.9421349167823792,-0.9761382937431335,0.16467924416065216,0.4875549077987671,0.8730922937393188,0.16211111843585968
mirror_pair04_negative,4,negative,2,12,0.9490717649459839,-0.9760209918022156,0.1374535858631134,-0.2928062975406647,1,0.33242475986480713,0.27692032919655934,-0.08928796511973537,324.0,1.0,1.0,1.0,1.0,1.0,0.1267077922821045,0.10066647827625275,0.11343030631542206,1.0,1.0,0.9440758228302002,-0.9769161343574524,0.1624726802110672,0.5539728999137878,0.832534670829773,0.1868888884782791
mirror_pair04_negative,4,negative,2,13,0.9503732919692993,-0.9765296578407288,0.13751867413520813,-0.29295891523361206,1,0.3025445342063904,0.29916605334587143,-0.10641079702385368,321.0,1.0,1.0,1.0,1.0,1.0,0.1344524770975113,0.09833461791276932,0.09497850388288498,1.0,1.0,0.9471245408058167,-0.9752305746078491,0.16034956276416779,0.6041819453239441,0.7968463897705078,0.20649999380111694
mirror_pair04_negative,4,negative,2,14,0.9173026084899902,-0.9659130573272705,0.13586513698101044,-0.28977394104003906,1,0.288852334022522,0.32007815070262186,-0.12453917833776314,317.0,1.0,1.0,1.0,1.0,1.0,1.0,0.08952359855175018,0.0864412933588028,0.12421047687530518,1.0,0.9490717649459839,-0.9760209918022156,0.1583212912082672,0.6528919339179993,0.757451057434082,0.22644443809986115
mirror_pair04_negative,4,negative,2,15,0.9199845194816589,-0.9668572545051575,0.13599923253059387,-0.2900571823120117,1,0.27204668521881104,0.3399471219822242,-0.14382912194714959,314.0,1.0,1.0,1.0,1.0,1.0,1.0,0.08880171924829483,0.08252923935651779,0.09759325534105301,1.0,0.9503732919692993,-0.9765296578407288,0.1564382165670395,0.712026059627533,0.7021530270576477,0.2522222101688385
mirror_pair04_negative,4,negative,2,16,0.921914279460907,-0.9675413966178894,0.13609571754932404,-0.2902624309062958,1,0.24372504651546478,0.3585661032020309,-0.16417835620709081,311.0,1.0,1.0,1.0,1.0,1.0,1.0,0.09349630028009415,0.07772762328386307,0.08426610380411148,1.0,0.9173026084899902,-0.9659130573272705,0.1546778380870819,0.7558534741401672,0.6547408103942871,0.2727777659893036
mirror_pair04_negative,4,negative,2,17,0.9328449368476868,-0.9698644876480103,0.1366422474384308,-0.29095935821533203,1,0.237900048494339,0.37602246048520205,-0.1857247699015457,307.0,1.0,1.0,1.0,1.0,1.0,1.0,0.09101686626672745,0.07405687123537064,0.06963572651147842,0.10663381963968277,0.9199845194816589,-0.9668572545051575,0.15306320786476135,0.7969518303871155,0.6040428876876831,0.2935555577278137
mirror_pair04_negative,4,negative,2,18,0.9355455636978149,-0.970782995223999,0.13677728176116943,-0.29123491048812866,1,0.2103220820426941,0.3922568075601224,-0.2082903034907003,304.0,1.0,1.0,1.0,1.0,1.0,1.0,0.1162232905626297,0.06797144562005997,0.06929235905408859,0.08367861062288284,0.921914279460907,-0.9675413966178894,0.15159161388874054,0.8447018265724182,0.535237193107605,0.32022222876548767
mirror_pair04_negative,4,negative,2,19,0.9273141026496887,-0.9665442109107971,0.13636571168899536,-0.2899632751941681,1,0.2103220820426941,0.407203290556358,-0.23181041925445287,301.0,1.0,1.0,1.0,1.0,1.0,1.0,1.0,0.06839507818222046,0.0600920245051384,0.07109139114618301,0.9328449368476868,-0.9698644876480103,0.15027214586734772,0.8786504864692688,0.47746551036834717,0.34155556559562683
mirror_pair04_negative,4,negative,2,20,0.9299695491790771,-0.9675754904747009,0.13649848103523254,-0.29027265310287476,1,0.21078750491142273,0.42073051389226107,-0.2561189216169811,297.0,1.0,1.0,1.0,1.0,1.0,1.0,1.0,0.07730044424533844,0.061458319425582886,0.06047265976667404,0.9355455636978149,-0.970782995223999,0.14911481738090515,0.9090180397033691,0.416756808757782,0.3631666600704193
mirror_pair04_negative,4,negative,3,1,0.8953043818473816,-0.957146942615509,0.13476522266864777,-0.28714409470558167,1,0.609740138053894,0.006844733920710415,-0.0005984741818334502,355.0,1.0,1.0,1.0,1.0,0.18674452602863312,0.18307213485240936,1.0,1.0,1.0,1.0,0.0,0.0,0.18606898188591003,0.060177478939294815,0.9981877207756042,0.019166667014360428
mirror_pair04_negative,4,negative,3,2,0.8955363035202026,-0.9571925401687622,0.13477681577205658,-0.2871577739715576,1,0.5867343544960022,0.03188705322028765,-0.00350620367771278,352.0,1.0,1.0,1.0,1.0,0.19002190232276917,0.17421147227287292,1.0,1.0,1.0,1.0,0.0,0.0,0.18551047146320343,0.060351695865392685,0.998177170753479,0.01922222226858139
mirror_pair04_negative,4,negative,3,3,0.9352067708969116,-0.9721788167953491,0.13676033914089203,-0.29165366291999817,1,0.565986156463623,0.05938402611049904,-0.008244343516160595,349.0,1.0,1.0,1.0,1.0,0.18493841588497162,0.1676383912563324,1.0,1.0,1.0,1.0,0.8953043818473816,-0.957146942615509,0.1831742227077484,0.11372343450784683,0.9935124516487122,0.03627777844667435
mirror_pair04_negative,4,negative,3,4,0.936607301235199,-0.9728025794029236,0.1368303745985031,-0.2918407917022705,1,0.5316300392150879,0.08648583395442686,-0.014537625502684202,345.0,1.0,1.0,1.0,1.0,0.18738648295402527,0.16171033680438995,1.0,1.0,1.0,1.0,0.8955363035202026,-0.9571925401687622,0.18060582876205444,0.16762912273406982,0.9858501553535461,0.053611110895872116
mirror_pair04_negative,4,negative,3,5,0.9476603269577026,-0.9773352146148682,0.13738301396369934,-0.2932005822658539,1,0.4897345006465912,0.11301620436985826,-0.022402447732622607,342.0,1.0,1.0,1.0,1.0,0.20872652530670166,0.15189430117607117,0.1890895664691925,1.0,1.0,1.0,0.9352067708969116,-0.9721788167953491,0.17807194590568542,0.2388724386692047,0.9710509777069092,0.07677777856588364
mirror_pair04_negative,4,negative,3,6,0.9396636486053467,-0.9752105474472046,0.13698318600654602,-0.29256317019462585,1,0.4640628397464752,0.13929141630527375,-0.03197344283186157,338.0,1.0,1.0,1.0,1.0,1.0,0.13992413878440857,0.15871015191078186,1.0,1.0,1.0,0.936607301235199,-0.9728025794029236,0.17559029161930084,0.2930392622947693,0.9561004042625427,0.09466666728258133
mirror_pair04_negative,4,negative,3,7,0.9419141411781311,-0.9760889410972595,0.13709571957588196,-0.29282668232917786,1,0.4581751823425293,0.1648624244401447,-0.04302679184126901,335.0,1.0,1.0,1.0,1.0,1.0,0.13258938491344452,0.14177188277244568,1.0,1.0,1.0,0.9476603269577026,-0.9773352146148682,0.17313314974308014,0.3635764420032501,0.9315643906593323,0.11844444274902344
mirror_pair04_negative,4,negative,3,8,0.9433635473251343,-0.9766761064529419,0.13716818392276764,-0.2930028438568115,1,0.4190889596939087,0.18984447951660055,-0.055574747517870386,332.0,1.0,1.0,1.0,1.0,1.0,0.13499556481838226,0.13090719282627106,1.0,1.0,1.0,0.9396636486053467,-0.9752105474472046,0.17074494063854218,0.4172327220439911,0.9087997078895569,0.13699999451637268
mirror_pair04_negative,4,negative,3,9,0.9464765191078186,-0.9750960469245911,0.13732382655143738,-0.29252883791923523,1,0.39688050746917725,0.21401322840030124,-0.06953688823913104,328.0,1.0,1.0,1.0,1.0,1.0,0.13435572385787964,0.11973970383405685,0.1590430736541748,1.0,1.0,0.9419141411781311,-0.9760889410972595,0.16841760277748108,0.470241904258728,0.8825375437736511,0.15583333373069763
mirror_pair04_negative,4,negative,3,10,0.9484001398086548,-0.975808322429657,0.13742001354694366,-0.292742520570755,1,0.35913315415382385,0.2371883402201738,-0.08491235866670241,325.0,1.0,1.0,1.0,1.0,1.0,0.13538599014282227,0.11339443176984787,0.12477852404117584,1.0,1.0,0.9433635473251343,-0.9766761064529419,0.16617514193058014,0.537299633026123,0.8433914184570312,0.1805555522441864
mirror_pair04_negative,4,negative,3,11,0.9496104717254639,-0.9763209819793701,0.13748052716255188,-0.2928963005542755,1,0.35913315415382385,0.2595337974785264,-0.10168650601395662,321.0,1.0,1.0,1.0,1.0,1.0,0.15351371467113495,0.10260947048664093,0.11146476119756699,1.0,1.0,0.9464765191078186,-0.9750960469245911,0.16403783857822418,0.5877852439880371,0.80901700258255,0.20000000298023224
mirror_pair04_negative,4,negative,3,12,0.9342070817947388,-0.9720748662948608,0.13671036064624786,-0.29162245988845825,1,0.32717365026474,0.2808722678196453,-0.11974312147022832,318.0,1.0,1.0,1.0,1.0,1.0,1.0,0.10696601867675781,0.10436554998159409,1.0,1.0,0.9484001398086548,-0.975808322429657,0.1619943529367447,0.650376558303833,0.759611964225769,0.22538888454437256
mirror_pair04_negative,4,negative,3,13,0.9195268750190735,-0.966761589050293,0.13597634434700012,-0.29002848267555237,1,0.3096451759338379,0.3009748885042726,-0.13887323485221,315.0,1.0,1.0,1.0,1.0,1.0,1.0,0.10483253747224808,0.09347818791866302,0.11878865957260132,1.0,0.9496104717254639,-0.9763209819793701,0.16006514430046082,0.6970399618148804,0.717032253742218,0.24549999833106995
mirror_pair04_negative,4,negative,3,14,0.9214642643928528,-0.9674354791641235,0.13607321679592133,-0.2902306616306305,1,0.2883452773094177,0.3197438796482781,-0.1589194121540842,311.0,1.0,1.0,1.0,1.0,1.0,1.0,0.10129325091838837,0.08847004920244217,0.0950133204460144,1.0,0.9342070817947388,-0.9720748662948608,0.15827497839927673,0.7415075898170471,0.6709444522857666,0.26588889956474304
mirror_pair04_negative,4,negative,3,15,0.9243012070655823,-0.9684116244316101,0.13621506094932556,-0.290523499250412,1,0.2739754915237427,0.33746286692550187,-0.1802506244078514,308.0,1.0,1.0,1.0,1.0,1.0,1.0,0.10466663539409637,0.08238436281681061,0.08730977773666382,1.0,0.9195268750190735,-0.966761589050293,0.1566360592842102,0.7940964698791504,0.6077917218208313,0.29205554723739624
mirror_pair04_negative,4,negative,3,16,0.9239798784255981,-0.9654244184494019,0.1361989974975586,-0.289627343416214,1,0.25731462240219116,0.3539443670889729,-0.2026537335893019,305.0,1.0,1.0,1.0,1.0,1.0,1.0,1.0,0.07827871292829514,0.07989776134490967,0.10614121705293655,0.9214642643928528,-0.9674354791641235,0.1551283448934555,0.8323412537574768,0.5542634725570679,0.31299999356269836
mirror_pair04_negative,4,negative,3,17,0.9266345500946045,-0.9664411544799805,0.1363317370414734,-0.28993237018585205,1,0.23760800063610077,0.36904484792041736,-0.22582720505159154,301.0,1.0,1.0,1.0,1.0,1.0,1.0,1.0,0.08613426238298416,0.07351846247911453,0.09054820239543915,0.9243012070655823,-0.9684116244316101,0.15377278625965118,0.8674182891845703,0.4975796639919281,0.3342222273349762
mirror_pair04_negative,4,negative,3,18,0.9296596050262451,-0.9675387144088745,0.13648298382759094,-0.2902616262435913,1,0.23760800063610077,0.38287391781791386,-0.2499260834986208,298.0,1.0,1.0,1.0,1.0,1.0,1.0,1.0,0.08050843328237534,0.06788799911737442,0.0789402574300766,0.9239798784255981,-0.9654244184494019,0.15258437395095825,0.9063815474510193,0.42246007919311523,0.36116665601730347
mirror_pair04_negative,4,negative,3,19,0.9322144389152527,-0.9685326218605042,0.1366107314825058,-0.2905597984790802,1,0.2304503172636032,0.3952279683019419,-0.27481631975322923,295.0,1.0,1.0,1.0,1.0,1.0,1.0,1.0,0.09191853553056717,0.07001497596502304,0.06912197917699814,0.9266345500946045,-0.9664411544799805,0.15155813097953796,0.9330163598060608,0.3598339855670929,0.382833331823349
mirror_pair04_negative,4,negative,3,20,0.9341503381729126,-0.9723863005638123,0.04670751839876175,-0.2917158901691437,1,0.2250186800956726,0.4037644097856202,-0.2958153931247407,287.0,1.0,1.0,1.0,1.0,1.0,1.0,1.0,1.0,0.06922430545091629,0.06584294885396957,0.9296596050262451,-0.9675387144088745,0.15071529150009155,0.9554330706596375,0.29520782828330994,0.40461111068725586
mirror_pair05_positive,5,positive,1,1,0.8894609808921814,-0.9539949893951416,0.13447305560112,-0.2861984968185425,1,0.5416170358657837,0.010456032934205415,0.0017367976933273701,9.0,1.0,1.0,1.0,1.0,0.16428843140602112,0.17972494661808014,1.0,1.0,1.0,1.0,0.0,0.0,0.18627090752124786,-0.1109485849738121,0.993826150894165,-0.03538889065384865
mirror_pair05_positive,5,positive,1,2,0.8897875547409058,-0.9540561437606812,0.13448938727378845,-0.2862168550491333,1,0.5199023485183716,0.037389336222302685,0.0055028912515675855,6.0,1.0,1.0,1.0,1.0,0.15474772453308105,0.17552080750465393,1.0,1.0,1.0,1.0,0.0,0.0,0.1852981150150299,-0.11146893352270126,0.9937679171562195,-0.035555556416511536
mirror_pair05_positive,5,positive,1,3,0.9315786361694336,-0.9702408313751221,0.13657893240451813,-0.2910722494125366,1,0.5030677914619446,0.06472000985202331,0.007766383820242241,3.0,1.0,1.0,1.0,1.0,0.14854352176189423,0.15485386550426483,1.0,1.0,1.0,1.0,0.8894609808921814,-0.9539949893951416,0.18277907371520996,-0.06070012226700783,0.9981560707092285,-0.019333332777023315
mirror_pair05_positive,5,positive,1,4,0.9329793453216553,-0.9708855152130127,0.1366489678621292,-0.29126566648483276,1,0.4669530391693115,0.09248294328771113,0.008477053890529253,0.0,1.0,1.0,1.0,1.0,0.14714837074279785,0.1437336504459381,1.0,1.0,1.0,1.0,0.8897875547409058,-0.9540561437606812,0.18022944033145905,-0.008901061490178108,0.9999603629112244,-0.00283333333209157
mirror_pair05_positive,5,positive,1,5,0.9347590208053589,-0.9716396927833557,0.13673795759677887,-0.29149192571640015,1,0.42666056752204895,0.12039402196931744,0.007551987296203076,356.0,1.0,1.0,1.0,1.0,0.14384664595127106,0.13341514766216278,1.0,1.0,1.0,1.0,0.9315786361694336,-0.9702408313751221,0.17764593660831451,0.043793752789497375,0.9990406036376953,0.013944444246590137
mirror_pair05_positive,5,positive,1,6,0.9462620615959167,-0.9764182567596436,0.137313112616539,-0.29292547702789307,1,0.39544641971588135,0.1481608655460054,0.005011291239431985,353.0,1.0,1.0,1.0,1.0,0.1367638111114502,0.12190301716327667,0.16432689130306244,1.0,1.0,1.0,0.9329793453216553,-0.9708855152130127,0.17505544424057007,0.11441700905561447,0.9934328198432922,0.0364999994635582
mirror_pair05_positive,5,positive,1,7,0.9476385712623596,-0.9770212173461914,0.13738194108009338,-0.2931063771247864,1,0.37432268261909485,0.17576075087690984,0.0009081834858264946,350.0,1.0,1.0,1.0,1.0,0.1428793966770172,0.11298469454050064,0.13650301098823547,1.0,1.0,1.0,0.9347590208053589,-0.9716396927833557,0.1724855601787567,0.16831733286380768,0.9857328534126282,0.053833331912755966
mirror_pair05_positive,5,positive,1,8,0.948986828327179,-0.9775992035865784,0.13744935393333435,-0.293279767036438,1,0.3490409255027771,0.20297246226471868,-0.004881187394820885,346.0,1.0,1.0,1.0,1.0,0.14398238062858582,0.1069493368268013,0.12109831720590591,1.0,1.0,1.0,0.9462620615959167,-0.9764182567596436,0.16993914544582367,0.2225695550441742,0.9749168157577515,0.07144444435834885
mirror_pair05_positive,5,positive,1,9,0.9408214688301086,-0.9754906892776489,0.13704107701778412,-0.29264721274375916,1,0.32699042558670044,0.22988259320599122,-0.012317994950140005,343.0,1.0,1.0,1.0,1.0,1.0,0.09972597658634186,0.10675349086523056,1.0,1.0,1.0,0.9476385712623596,-0.9770212173461914,0.16743867099285126,0.2937066853046417,0.9558956027030945,0.09488888829946518
mirror_pair05_positive,5,positive,1,10,0.9439558386802673,-0.9737085700035095,0.13719779253005981,-0.2921125888824463,1,0.28415045142173767,0.256300426226396,-0.021296220320679102,340.0,1.0,1.0,1.0,1.0,1.0,0.09631133824586868,0.09342583268880844,0.13518589735031128,1.0,1.0,0.948986828327179,-0.9775992035865784,0.16497784852981567,0.34808123111724854,0.9374643564224243,0.11316666752099991
mirror_pair05_positive,5,positive,1,11,0.9455553293228149,-0.9742790460586548,0.1372777670621872,-0.29228371381759644,1,0.2645317018032074,0.28228054920907725,-0.03183459375168697,336.0,1.0,1.0,1.0,1.0,1.0,0.08929090201854706,0.08118584007024765,0.09897465258836746,1.0,1.0,0.9408214688301086,-0.9754906892776489,0.16257624328136444,0.40226736664772034,0.9155222177505493,0.1317777782678604
mirror_pair05_positive,5,positive,1,12,0.9474217295646667,-0.9750715494155884,0.13737109303474426,-0.29252147674560547,1,0.23091083765029907,0.30739036210014875,-0.04380655907914413,333.0,1.0,1.0,1.0,1.0,1.0,0.08868879824876785,0.07558048516511917,0.08639079332351685,1.0,1.0,0.9439558386802673,-0.9737085700035095,0.16023170948028564,0.4713197648525238,0.8819624185562134,0.15622222423553467
mirror_pair05_positive,5,positive,1,13,0.9489338397979736,-0.9756903052330017,0.13744670152664185,-0.2927071154117584,1,0.20960663259029388,0.3317471381755283,-0.05728540553802846,329.0,1.0,1.0,1.0,1.0,1.0,0.08904653042554855,0.06597452610731125,0.07329299300909042,1.0,1.0,0.9455553293228149,-0.9742790460586548,0.15798676013946533,0.5238372683525085,0.8518183827400208,0.17550000548362732
mirror_pair05_positive,5,positive,1,14,0.9374110698699951,-0.9709424376487732,0.13687056303024292,-0.2912827432155609,1,0.20125329494476318,0.3553384606092235,-0.07219273219675346,326.0,1.0,1.0,1.0,1.0,1.0,0.08783139288425446,0.059887610375881195,0.060953378677368164,0.08738923072814941,1.0,0.9474217295646667,-0.9750715494155884,0.15583467483520508,0.5893373489379883,0.8078870177268982,0.20061111450195312
mirror_pair05_positive,5,positive,1,15,0.9388543367385864,-0.9715597033500671,0.13694271445274353,-0.29146793484687805,1,0.17514866590499878,0.37809868805854696,-0.08851864312446732,323.0,1.0,1.0,1.0,1.0,1.0,0.09579052776098251,0.057500939816236496,0.05884644016623497,0.07049182802438736,1.0,0.9489338397979736,-0.9756903052330017,0.15378014743328094,0.6387678384780884,0.7693995833396912,0.22055555880069733
mirror_pair05_positive,5,positive,2,1,0.8903764486312866,-0.9544024467468262,0.1345188319683075,-0.2863207459449768,1,0.5429048538208008,0.0013702952715010774,0.000234411262662023,9.0,1.0,1.0,1.0,1.0,0.15511567890644073,0.17768047749996185,1.0,1.0,1.0,1.0,0.0,0.0,0.18633659183979034,-0.09358702600002289,0.9956111311912537,-0.02983333356678486
mirror_pair05_positive,5,positive,2,2,0.8897338509559631,-0.9540582299232483,0.13448670506477356,-0.28621748089790344,1,0.5493074655532837,0.014144641152963003,0.0017304878686407522,4.0,1.0,1.0,1.0,1.0,0.15736427903175354,0.17657406628131866,1.0,1.0,1.0,1.0,0.0,0.0,0.18614892661571503,-0.1109485849738121,0.993826150894165,-0.03538889065384865
mirror_pair05_positive,5,positive,2,3,0.9322681427001953,-0.970652163028717,0.1366134136915207,-0.29119566082954407,1,0.5200194120407104,0.0410960396101347,0.0027015705839897224,0.0,1.0,1.0,1.0,1.0,0.15694499015808105,0.16054293513298035,1.0,1.0,1.0,1.0,0.8903764486312866,-0.9544024467468262,0.18495528399944305,-0.02443217858672142,0.9997014999389648,-0.007777777966111898
mirror_pair05_positive,5,positive,2,4,0.9341540336608887,-0.9715153574943542,0.13670770823955536,-0.29145461320877075,1,0.48575645685195923,0.06885533832181252,0.002066175437339916,357.0,1.0,1.0,1.0,1.0,0.15387080609798431,0.14857697486877441,1.0,1.0,1.0,1.0,0.8897338509559631,-0.9540582299232483,0.1824462115764618,0.04553734138607979,0.9989626407623291,0.014499999582767487
mirror_pair05_positive,5,positive,2,5,0.9359105229377747,-0.97225421667099,0.1367955356836319,-0.29167628288269043,1,0.44949233531951904,0.09662758906241625,-0.0001422035343345015,354.0,1.0,1.0,1.0,1.0,0.15523967146873474,0.13878755271434784,1.0,1.0,1.0,1.0,0.9322681427001953,-0.970652163028717,0.1798689365386963,0.098625048995018,0.9951246380805969,0.03144444525241852
mirror_pair05_positive,5,positive,2,6,0.9469147324562073,-0.9767828583717346,0.13734574615955353,-0.2930348813533783,1,0.43004491925239563,0.12433856444464454,-0.003961003185644838,350.0,1.0,1.0,1.0,1.0,0.15322111546993256,0.12842638790607452,0.15618909895420074,1.0,1.0,1.0,0.9341540336608887,-0.9715153574943542,0.17729763686656952,0.15246838331222534,0.9883083701133728,0.048722222447395325
mirror_pair05_positive,5,positive,2,7,0.9484876394271851,-0.97749263048172,0.13742437958717346,-0.293247789144516,1,0.4099976420402527,0.15180308485287072,-0.009445569450339704,347.0,1.0,1.0,1.0,1.0,0.1631089299917221,0.12286997586488724,0.14056624472141266,1.0,1.0,1.0,0.9359105229377747,-0.97225421667099,0.1747402399778366,0.2237604707479477,0.9746441841125488,0.07183333486318588
mirror_pair05_positive,5,positive,2,8,0.9400323033332825,-0.9752495884895325,0.1370016187429428,-0.2925748825073242,1,0.38869109749794006,0.17873455239458336,-0.01648450766237056,344.0,1.0,1.0,1.0,1.0,1.0,0.12024718523025513,0.11714218556880951,1.0,1.0,1.0,0.9469147324562073,-0.9767828583717346,0.1722155064344406,0.2779853343963623,0.9605852961540222,0.08966666460037231
mirror_pair05_positive,5,positive,2,9,0.9416166543960571,-0.9758791923522949,0.1370808333158493,-0.29276376962661743,1,0.3397543132305145,0.20534599459333755,-0.025114631888451176,340.0,1.0,1.0,1.0,1.0,1.0,0.11362218111753464,0.11105459928512573,1.0,1.0,1.0,0.9484876394271851,-0.97749263048172,0.16975128650665283,0.3323257565498352,0.9431646466255188,0.10783333331346512
mirror_pair05_positive,5,positive,2,10,0.9451723694801331,-0.9743018746376038,0.1372586190700531,-0.2922905683517456,1,0.3116788864135742,0.23147595288281442,-0.03532327867500904,337.0,1.0,1.0,1.0,1.0,1.0,0.10892708599567413,0.09707266092300415,0.12793059647083282,1.0,1.0,0.9400323033332825,-0.9752495884895325,0.16733013093471527,0.40242716670036316,0.9154520034790039,0.13183332979679108
mirror_pair05_positive,5,positive,2,11,0.9467533230781555,-0.9749117493629456,0.13733766973018646,-0.29247352480888367,1,0.2899472415447235,0.2565941670857198,-0.04690289365850135,333.0,1.0,1.0,1.0,1.0,1.0,0.10447467863559723,0.08905111253261566,0.10637684911489487,1.0,1.0,0.9416166543960571,-0.9758791923522949,0.16496968269348145,0.4558556079864502,0.8900537490844727,0.15066666901111603
mirror_pair05_positive,5,positive,2,12,0.9485425353050232,-0.9756648540496826,0.13742713630199432,-0.2926994562149048,1,0.26740625500679016,0.28123377466749877,-0.0601144565551337,330.0,1.0,1.0,1.0,1.0,1.0,0.10932983458042145,0.08284206688404083,0.09281712025403976,1.0,1.0,0.9451723694801331,-0.9743018746376038,0.16272076964378357,0.5232424139976501,0.8521838784217834,0.17527778446674347
mirror_pair05_positive,5,positive,2,13,0.936971127986908,-0.9709315299987793,0.1368485689163208,-0.29127946496009827,1,0.24068479239940643,0.3050792852080352,-0.07477274763027668,327.0,1.0,1.0,1.0,1.0,1.0,0.11384681612253189,0.07640178501605988,0.07765091955661774,0.12397994846105576,1.0,0.9467533230781555,-0.9749117493629456,0.16053929924964905,0.5744339227676392,0.8185509443283081,0.19477777183055878
mirror_pair05_positive,5,positive,2,14,0.9147653579711914,-0.9648850560188293,0.13573826849460602,-0.2894655168056488,1,0.23628583550453186,0.3277779582795465,-0.09060351628797145,323.0,1.0,1.0,1.0,1.0,1.0,1.0,0.08205326646566391,0.06876708567142487,0.08609060943126678,1.0,0.9485425353050232,-0.9756648540496826,0.15845715999603271,0.6241523623466492,0.7813026309013367,0.214555561542511
mirror_pair05_positive,5,positive,2,15,0.9180276393890381,-0.9660921692848206,0.13590139150619507,-0.2898276746273041,1,0.1981852799654007,0.34938855670278196,-0.1075806111082673,320.0,1.0,1.0,1.0,1.0,1.0,1.0,0.07049264013767242,0.06751023977994919,0.0801011323928833,1.0,0.936971127986908,-0.9709315299987793,0.15650853514671326,0.6849287152290344,0.728610098361969,0.24016666412353516
mirror_pair05_positive,5,positive,3,1,0.8895524144172668,-0.9540174007415771,0.1344776302576065,-0.2862052321434021,1,0.5469769835472107,0.00877752814186681,0.001311849794937535,7.0,1.0,1.0,1.0,1.0,0.15961457788944244,0.18011415004730225,1.0,1.0,1.0,1.0,0.0,0.0,0.18621377646923065,-0.1109485849738121,0.993826150894165,-0.03538889065384865
mirror_pair05_positive,5,positive,3,2,0.891348659992218,-0.9548000693321228,0.13456743955612183,-0.28644004464149475,1,0.5406772494316101,0.03890443827445858,0.004233987356175136,4.0,1.0,1.0,1.0,1.0,0.15627913177013397,0.1666346937417984,1.0,1.0,1.0,1.0,0.0,0.0,0.18545590341091156,-0.07654500752687454,0.9970661401748657,-0.024388888850808144
mirror_pair05_positive,5,positive,3,3,0.9323278069496155,-0.9706444144248962,0.13661639392375946,-0.2911933362483978,1,0.4917207956314087,0.06202504911214499,0.005229093964539191,1.0,1.0,1.0,1.0,1.0,0.15607261657714844,0.1544792205095291,1.0,1.0,1.0,1.0,0.8895524144172668,-0.9540174007415771,0.18264347314834595,-0.025130094960331917,0.99968421459198,-0.00800000037997961
mirror_pair05_positive,5,positive,3,4,0.9338905215263367,-0.9713287353515625,0.13669453561306,-0.29139864444732666,1,0.46779364347457886,0.09455473422891916,0.0047610861479204835,357.0,1.0,1.0,1.0,1.0,0.14996525645256042,0.14049164950847626,1.0,1.0,1.0,1.0,0.891348659992218,-0.9548000693321228,0.18049034476280212,0.027223773300647736,0.9996293783187866,0.008666666224598885
mirror_pair05_positive,5,positive,3,5,0.93563312292099,-0.972068727016449,0.13678166270256042,-0.2916206419467926,1,0.4366702139377594,0.11775800495334793,0.0030582158510706445,354.0,1.0,1.0,1.0,1.0,0.14531482756137848,0.13365532457828522,1.0,1.0,1.0,1.0,0.9323278069496155,-0.9706444144248962,0.17789648473262787,0.0803728923201561,0.9967648386955261,0.025611111894249916
mirror_pair05_positive,5,positive,3,6,0.9470499157905579,-0.9767975807189941,0.13735249638557434,-0.2930392920970917,1,0.40743452310562134,0.1452811732026118,-0.00042774361580357633,351.0,1.0,1.0,1.0,1.0,0.13703949749469757,0.12476291507482529,0.15626215934753418,1.0,1.0,1.0,0.9338905215263367,-0.9713287353515625,0.17531967163085938,0.15126082301139832,0.9884938597679138,0.04833333194255829
mirror_pair05_positive,5,positive,3,7,0.9484107494354248,-0.9773911237716675,0.13742053508758545,-0.29321736097335815,1,0.3876231908798218,0.17733910009570544,-0.006556361841382352,347.0,1.0,1.0,1.0,1.0,0.14551687240600586,0.11640986055135727,0.12803097069263458,1.0,1.0,1.0,0.93563312292099,-0.972068727016449,0.17277763783931732,0.20535019040107727,0.9786885380744934,0.06583333015441895
mirror_pair05_positive,5,positive,3,8,0.9401943683624268,-0.9752739071846008,0.13700972497463226,-0.2925821840763092,1,0.34783896803855896,0.20005488669438373,-0.012304393086030773,344.0,1.0,1.0,1.0,1.0,1.0,0.11081879585981369,0.11074948310852051,1.0,1.0,1.0,0.9470499157905579,-0.9767975807189941,0.16982853412628174,0.27714696526527405,0.9608275294303894,0.0893888920545578
mirror_pair05_positive,5,positive,3,9,0.9417985677719116,-0.9759120345115662,0.13708993792533875,-0.29277363419532776,1,0.3257753551006317,0.226560084399233,-0.020528073594037584,341.0,1.0,1.0,1.0,1.0,1.0,0.10430631786584854,0.09938256442546844,1.0,1.0,1.0,0.9484107494354248,-0.9773911237716675,0.16774824261665344,0.33067911863327026,0.9437432289123535,0.1072777807712555
mirror_pair05_positive,5,positive,3,10,0.944873034954071,-0.9740723967552185,0.13724365830421448,-0.29222172498703003,1,0.292104035615921,0.2567916219747401,-0.03214302666270437,337.0,1.0,1.0,1.0,1.0,1.0,0.09826125204563141,0.09307867288589478,0.11539777368307114,1.0,1.0,0.9401943683624268,-0.9752739071846008,0.16533303260803223,0.3847786486148834,0.9230088591575623,0.1257222294807434
mirror_pair05_positive,5,positive,3,11,0.9468960762023926,-0.9749146103858948,0.13734480738639832,-0.2924743890762329,1,0.27110978960990906,0.2781118217070645,-0.041823491984470634,334.0,1.0,1.0,1.0,1.0,1.0,0.09500901401042938,0.0834582969546318,0.10028142482042313,1.0,1.0,0.9417985677719116,-0.9759120345115662,0.16259919106960297,0.45507872104644775,0.890451192855835,0.15038888156414032
mirror_pair05_positive,5,positive,3,12,0.9483810663223267,-0.9754930138587952,0.13741905987262726,-0.29264792799949646,1,0.25116217136383057,0.3069290508661519,-0.056996102792814606,330.0,1.0,1.0,1.0,1.0,1.0,0.09010868519544601,0.07745993882417679,0.08238803595304489,1.0,1.0,0.944873034954071,-0.9740723967552185,0.1606878638267517,0.5066357851028442,0.8621602058410645,0.16911111772060394
mirror_pair05_positive,5,positive,3,13,0.9369378089904785,-0.9708079099655151,0.1368468999862671,-0.291242390871048,1,0.22321894764900208,0.3268960805773054,-0.0690119816503459,328.0,1.0,1.0,1.0,1.0,1.0,0.09175647795200348,0.07397247850894928,0.0717606171965599,0.1018499881029129,1.0,0.9468960762023926,-0.9749146103858948,0.15813234448432922,0.5740052461624146,0.8188515901565552,0.19461111724376678
mirror_pair05_positive,5,positive,3,14,0.9374427199363708,-0.9710413217544556,0.13687214255332947,-0.29131239652633667,1,0.20584139227867126,0.3535385701419751,-0.08729560512421079,323.0,1.0,1.0,1.0,1.0,1.0,0.10986630618572235,0.06970807164907455,0.06377684324979782,0.07627146691083908,1.0,0.9483810663223267,-0.9754930138587952,0.15638494491577148,0.6087614297866821,0.7933533191680908,0.2083333283662796
mirror_pair05_positive,5,positive,3,15,0.9167982339859009,-0.9655847549438477,0.13583990931510925,-0.28967544436454773,1,0.20584139227867126,0.37172661335432616,-0.10146898188248143,321.0,1.0,1.0,1.0,1.0,1.0,1.0,0.06624292582273483,0.05881182476878166,0.06510210782289505,1.0,0.9369378089904785,-0.9708079099655151,0.15440894663333893,0.6705561280250549,0.7418588399887085,0.23394444584846497
mirror_pair05_positive,5,positive,3,16,0.9287139773368835,-0.9681640863418579,0.13643570244312286,-0.29044923186302185,1,0.17500901222229004,0.3926645153329922,-0.11963048351520529,317.0,1.0,1.0,1.0,1.0,1.0,1.0,0.06730185449123383,0.06016189232468605,0.05990966036915779,0.0816788598895073,0.9374427199363708,-0.9710413217544556,0.1525602638721466,0.7165454626083374,0.6975404024124146,0.254277765750885
mirror_pair05_negative,5,negative,1,1,0.8983338475227356,-0.9583404064178467,0.13491669297218323,-0.28750213980674744,1,0.528789222240448,0.010092307733416628,-0.0017304243796061852,349.0,1.0,1.0,1.0,1.0,0.1796044260263443,0.15887269377708435,1.0,1.0,1.0,1.0,0.0,0.0,0.18628466129302979,0.1109485849738121,0.993826150894165,0.03538889065384865
mirror_pair05_negative,5,negative,1,2,0.8999335765838623,-0.9590334892272949,0.1349966824054718,-0.2877100706100464,1,0.5100632309913635,0.03661646249172457,-0.007599749963214102,346.0,1.0,1.0,1.0,1.0,0.18237340450286865,0.15108263492584229,1.0,1.0,1.0,1.0,0.0,0.0,0.18533194065093994,0.1460830271244049,0.9892723560333252,0.046666666865348816
mirror_pair05_negative,5,negative,1,3,0.9468833208084106,-0.9769972562789917,0.13734416663646698,-0.29309919476509094,1,0.4890192747116089,0.06310619896026208,-0.015169787156233747,342.0,1.0,1.0,1.0,1.0,0.20540544390678406,0.1457323580980301,0.17717067897319794,1.0,1.0,1.0,0.8983338475227356,-0.9583404064178467,0.1828424483537674,0.20005200803279877,0.9797852635383606,0.06411111354827881
mirror_pair05_negative,5,negative,1,4,0.9389208555221558,-0.9749459624290466,0.13694605231285095,-0.2924838066101074,1,0.4700694680213928,0.08941475104713559,-0.024411340506842186,339.0,1.0,1.0,1.0,1.0,1.0,0.13971979916095734,0.14992058277130127,1.0,1.0,1.0,0.8999335765838623,-0.9590334892272949,0.18035085499286652,0.27110448479652405,0.9625499248504639,0.08738888800144196
mirror_pair05_negative,5,negative,1,5,0.940979540348053,-0.9757209420204163,0.13704898953437805,-0.29271629452705383,1,0.43920353055000305,0.11525449173370786,-0.03523876701514466,336.0,1.0,1.0,1.0,1.0,1.0,0.1343860775232315,0.13430556654930115,1.0,1.0,1.0,0.9468833208084106,-0.9769972562789917,0.17787258327007294,0.32523807883262634,0.9456321597099304,0.10544444620609283
mirror_pair05_negative,5,negative,1,6,0.942509114742279,-0.9763290882110596,0.13712546229362488,-0.2928987443447113,1,0.4042196273803711,0.1403177358672236,-0.047497675555061264,332.0,1.0,1.0,1.0,1.0,1.0,0.13003739714622498,0.12548671662807465,1.0,1.0,1.0,0.9389208555221558,-0.9749459624290466,0.17543677985668182,0.3791331648826599,0.9253421425819397,0.12377777695655823
mirror_pair05_negative,5,negative,1,7,0.9460725784301758,-0.9748783111572266,0.13730363547801971,-0.2924635112285614,1,0.3734627366065979,0.16445249017756167,-0.06109694854566398,329.0,1.0,1.0,1.0,1.0,1.0,0.12716953456401825,0.11549132317304611,0.15083663165569305,1.0,1.0,0.940979540348053,-0.9757209420204163,0.17307496070861816,0.448227196931839,0.8939196467399597,0.14794445037841797
mirror_pair05_negative,5,negative,1,8,0.9475009441375732,-0.9754081964492798,0.13737505674362183,-0.29262247681617737,1,0.36227473616600037,0.18796291488615507,-0.07631459803030118,325.0,1.0,1.0,1.0,1.0,1.0,0.1327345222234726,0.10670363903045654,0.12136394530534744,1.0,1.0,0.942509114742279,-0.9763290882110596,0.17080412805080414,0.5006044507026672,0.8656761050224304,0.16688889265060425
mirror_pair05_negative,5,negative,1,9,0.9492345452308655,-0.9761276841163635,0.13746173679828644,-0.29283830523490906,1,0.338823139667511,0.21048241395538844,-0.09285788442391182,322.0,1.0,1.0,1.0,1.0,1.0,0.14061997830867767,0.10350706428289413,0.10748054832220078,1.0,1.0,0.9460725784301758,-0.9748783111572266,0.16859887540340424,0.566550076007843,0.8240272998809814,0.19172222912311554
mirror_pair05_negative,5,negative,1,10,0.9328700304031372,-0.971555769443512,0.13664349913597107,-0.29146674275398254,1,0.31905224919319153,0.2319478648620802,-0.11060429298016228,319.0,1.0,1.0,1.0,1.0,1.0,1.0,0.10260207951068878,0.0968066081404686,1.0,1.0,0.9475009441375732,-0.9754081964492798,0.1664973944425583,0.6160739660263062,0.7876883149147034,0.2112777829170227
mirror_pair05_negative,5,negative,1,11,0.9176855087280273,-0.9661069512367249,0.13588428497314453,-0.28983208537101746,1,0.30372998118400574,0.2522953448204534,-0.1294958594766242,315.0,1.0,1.0,1.0,1.0,1.0,1.0,0.09654359519481659,0.09115778654813766,0.11238288879394531,1.0,0.9492345452308655,-0.9761276841163635,0.1645093709230423,0.6639261841773987,0.7477980852127075,0.23111110925674438
mirror_pair05_negative,5,negative,1,12,0.9204806089401245,-0.9671049118041992,0.13602402806282043,-0.29013147950172424,1,0.26930466294288635,0.2712783516762826,-0.14939689472162468,312.0,1.0,1.0,1.0,1.0,1.0,1.0,0.09313642978668213,0.08677999675273895,0.094464011490345,1.0,0.9328700304031372,-0.971555769443512,0.16264459490776062,0.7221225500106812,0.6917651891708374,0.25683334469795227
mirror_pair05_negative,5,negative,1,13,0.922417402267456,-0.9677435159683228,0.13612087070941925,-0.29032307863235474,1,0.25296178460121155,0.2891439994812464,-0.17044283159114673,309.0,1.0,1.0,1.0,1.0,1.0,1.0,0.10246503353118896,0.07694418728351593,0.08114193379878998,1.0,0.9176855087280273,-0.9661069512367249,0.16092966496944427,0.7649214267730713,0.6441236138343811,0.277222216129303
mirror_pair05_negative,5,negative,1,14,0.9334898591041565,-0.9700866937637329,0.13667449355125427,-0.2910260260105133,1,0.25296178460121155,0.3059166508887013,-0.19268588221606248,305.0,1.0,1.0,1.0,1.0,1.0,1.0,0.11935365200042725,0.07227479666471481,0.08203257620334625,0.09291576594114304,0.9204806089401245,-0.9671049118041992,0.1593461036682129,0.8052043914794922,0.5929973721504211,0.29794445633888245
mirror_pair05_negative,5,negative,1,15,0.9256052374839783,-0.9659920930862427,0.13628026843070984,-0.2897976338863373,1,0.2208598554134369,0.3213817019069887,-0.21589902849563877,302.0,1.0,1.0,1.0,1.0,1.0,1.0,1.0,0.07548948377370834,0.07532169669866562,0.07936763018369675,0.922417402267456,-0.9677435159683228,0.15789653360843658,0.8517269492149353,0.5239859223365784,0.324444442987442
mirror_pair05_negative,5,negative,1,16,0.9279991388320923,-0.9669150114059448,0.13639995455741882,-0.29007452726364136,1,0.2205864042043686,0.33531724016733944,-0.2396366369852392,299.0,1.0,1.0,1.0,1.0,1.0,1.0,1.0,0.08265089988708496,0.06310281902551651,0.07394558191299438,0.9334898591041565,-0.9700866937637329,0.15660443902015686,0.8847437500953674,0.4660778343677521,0.34566667675971985
mirror_pair05_negative,5,negative,1,17,0.9304608702659607,-0.9678831696510315,0.1365230530500412,-0.29036495089530945,1,0.21760831773281097,0.34794279552453705,-0.26435673828104556,295.0,1.0,1.0,1.0,1.0,1.0,1.0,1.0,0.09464520215988159,0.06357689201831818,0.06302468478679657,0.9256052374839783,-0.9659920930862427,0.15549100935459137,0.9140416979789734,0.4056202471256256,0.3670555651187897
mirror_pair05_negative,5,negative,1,18,0.9331928491592407,-0.972093403339386,0.046659644693136215,-0.29162803292274475,1,0.21760831773281097,0.35505844347222715,-0.2803351141664905,292.0,1.0,1.0,1.0,1.0,1.0,1.0,1.0,1.0,0.06975966691970825,0.06217380613088608,0.9279991388320923,-0.9669150114059448,0.1545427143573761,0.9452910423278809,0.32622817158699036,0.394222229719162
mirror_pair05_negative,5,negative,1,19,0.9352197051048279,-0.9727470278739929,0.04676098749041557,-0.2918241322040558,1,0.2254199981689453,0.3584652473936715,-0.2896698998771478,288.0,1.0,1.0,1.0,1.0,1.0,1.0,1.0,1.0,0.07444500178098679,0.06603240966796875,0.9304608702659607,-0.9678831696510315,0.15404632687568665,0.9637702703475952,0.2667337954044342,0.41405555605888367
mirror_pair05_negative,5,negative,1,20,0.9375928640365601,-0.9734890460968018,0.04687964543700218,-0.2920467257499695,1,0.21876798570156097,0.36127943612410995,-0.29903960605906543,285.0,1.0,1.0,1.0,1.0,1.0,1.0,1.0,1.0,0.07667143642902374,0.06440571695566177,0.9331928491592407,-0.972093403339386,0.15383286774158478,0.9811917543411255,0.19303573668003082,0.43816667795181274
mirror_pair05_negative,5,negative,2,1,0.8985146284103394,-0.9583804607391357,0.1349257379770279,-0.2875141501426697,1,0.5400767922401428,0.0051782268553184655,-0.0007572783763921008,352.0,1.0,1.0,1.0,1.0,0.1784292310476303,0.15430764853954315,1.0,1.0,1.0,1.0,0.0,0.0,0.18628530204296112,0.1109485849738121,0.993826150894165,0.03538889065384865
mirror_pair05_negative,5,negative,2,2,0.897691011428833,-0.9580223560333252,0.1348845511674881,-0.28740671277046204,1,0.5395808219909668,0.02256237916105418,-0.0023774100409222005,355.0,1.0,1.0,1.0,1.0,0.17260324954986572,0.16149915754795074,1.0,1.0,1.0,1.0,0.0,0.0,0.18579278886318207,0.09376078844070435,0.9955947399139404,0.02988888882100582
mirror_pair05_negative,5,negative,2,3,0.9340391159057617,-0.9714874029159546,0.13670195639133453,-0.2914462387561798,1,0.49841609597206116,0.05005116126883325,-0.005324460240732745,352.0,1.0,1.0,1.0,1.0,0.15861472487449646,0.15416595339775085,1.0,1.0,1.0,1.0,0.8985146284103394,-0.9583804607391357,0.1841701865196228,0.04205003380775452,0.999115526676178,0.013388888910412788
mirror_pair05_negative,5,negative,2,4,0.9355243444442749,-0.9721384048461914,0.13677622377872467,-0.2916415333747864,1,0.4671076834201813,0.07756714722516164,-0.009899690318539212,349.0,1.0,1.0,1.0,1.0,0.15634892880916595,0.14240460097789764,1.0,1.0,1.0,1.0,0.897691011428833,-0.9580223560333252,0.18160288035869598,0.09515081346035004,0.9954628944396973,0.03033333271741867
mirror_pair05_negative,5,negative,2,5,0.9465202689170837,-0.9766529202461243,0.13732601702213287,-0.2929958999156952,1,0.4483073949813843,0.10453513716958436,-0.016094071867876935,345.0,1.0,1.0,1.0,1.0,0.16025987267494202,0.13345934450626373,0.1809631586074829,1.0,1.0,1.0,0.9340391159057617,-0.9714874029159546,0.17902670800685883,0.14884503185749054,0.988860547542572,0.047555554658174515
mirror_pair05_negative,5,negative,2,6,0.9482908248901367,-0.977431058883667,0.13741454482078552,-0.293229341506958,1,0.4211898148059845,0.13136999803418842,-0.02397199777403574,342.0,1.0,1.0,1.0,1.0,0.16382859647274017,0.1280878335237503,0.14852871000766754,1.0,1.0,1.0,0.9355243444442749,-0.9721384048461914,0.17649592459201813,0.2200164645910263,0.9754961729049683,0.07061111181974411
mirror_pair05_negative,5,negative,2,7,0.9398464560508728,-0.9751837849617004,0.13699233531951904,-0.29255515336990356,1,0.4064328670501709,0.15774653064540867,-0.03344037950674561,339.0,1.0,1.0,1.0,1.0,1.0,0.12033994495868683,0.12915197014808655,1.0,1.0,1.0,0.9465202689170837,-0.9766529202461243,0.17397303879261017,0.274294912815094,0.9616456031799316,0.08844444155693054
mirror_pair05_negative,5,negative,2,8,0.9413479566574097,-0.9758048057556152,0.13706740736961365,-0.29274144768714905,1,0.37234172224998474,0.18340184780837396,-0.04436824740281374,335.0,1.0,1.0,1.0,1.0,1.0,0.12241072207689285,0.11612367630004883,1.0,1.0,1.0,0.9482908248901367,-0.977431058883667,0.1714903712272644,0.3285369873046875,0.9444910883903503,0.10655555874109268
mirror_pair05_negative,5,negative,2,9,0.9450346231460571,-0.9743396043777466,0.13725173473358154,-0.29230189323425293,1,0.35089409351348877,0.20820375701350066,-0.05668411940522908,332.0,1.0,1.0,1.0,1.0,1.0,0.10824067145586014,0.10638334602117538,0.15224328637123108,1.0,1.0,0.9398464560508728,-0.9751837849617004,0.16907493770122528,0.39874908328056335,0.9170600771903992,0.13055555522441864
mirror_pair05_negative,5,negative,2,10,0.946485698223114,-0.9748460054397583,0.1373242884874344,-0.2924538254737854,1,0.2937994599342346,0.23246768780809487,-0.07065234208105858,328.0,1.0,1.0,1.0,1.0,1.0,0.11016793549060822,0.10025545209646225,0.11362340301275253,1.0,1.0,0.9413479566574097,-0.9758048057556152,0.16674165427684784,0.451967716217041,0.8920342922210693,0.14927777647972107
mirror_pair05_negative,5,negative,2,11,0.9485307335853577,-0.9756679534912109,0.13742654025554657,-0.2927004098892212,1,0.2937994599342346,0.25581030081267137,-0.0859922600471323,325.0,1.0,1.0,1.0,1.0,1.0,0.10477328300476074,0.0839427039027214,0.09694136679172516,1.0,1.0,0.9450346231460571,-0.9743396043777466,0.16446378827095032,0.5196682214736938,0.8543681502342224,0.17394444346427917
mirror_pair05_negative,5,negative,2,12,0.9498060345649719,-0.9762212634086609,0.13749030232429504,-0.29286637902259827,1,0.2722476124763489,0.2782862815343066,-0.10268461403597053,322.0,1.0,1.0,1.0,1.0,1.0,0.11466825008392334,0.0855240672826767,0.0899663195014,1.0,1.0,0.946485698223114,-0.9748460054397583,0.16228100657463074,0.5707135796546936,0.8211492300033569,0.19333332777023315
mirror_pair05_negative,5,negative,2,13,0.9150137305259705,-0.9650354981422424,0.1357506960630417,-0.28951066732406616,1,0.2635771632194519,0.2995942800576209,-0.12050310388102488,318.0,1.0,1.0,1.0,1.0,1.0,1.0,0.07978775352239609,0.07778503000736237,0.09912813454866409,1.0,0.9485307335853577,-0.9756679534912109,0.16019198298454285,0.6206005215644836,0.7841269373893738,0.21311111748218536
mirror_pair05_negative,5,negative,2,14,0.9180103540420532,-0.9661163687705994,0.13590052723884583,-0.2898349165916443,1,0.2169702649116516,0.3195418816937724,-0.13935749478815715,315.0,1.0,1.0,1.0,1.0,1.0,1.0,0.07843697816133499,0.07530776411294937,0.08321969956159592,1.0,0.9498060345649719,-0.9762212634086609,0.15822868049144745,0.6814876198768616,0.7318296432495117,0.23866666853427887
mirror_pair05_negative,5,negative,2,15,0.9200354218482971,-0.9668083786964417,0.13600178062915802,-0.290042519569397,1,0.2122335284948349,0.3384695476440767,-0.15944635980478603,312.0,1.0,1.0,1.0,1.0,1.0,1.0,0.07761868089437485,0.061991505324840546,0.07193446159362793,1.0,0.9150137305259705,-0.9650354981422424,0.15641263127326965,0.7268144488334656,0.6868338584899902,0.2590000033378601
mirror_pair05_negative,5,negative,2,16,0.9314581751823425,-0.9692490100860596,0.1365729123353958,-0.29077470302581787,1,0.18142065405845642,0.35635953351258837,-0.18077933528617857,308.0,1.0,1.0,1.0,1.0,1.0,1.0,0.07504159957170486,0.06167174130678177,0.060638152062892914,0.08199567347764969,0.9180103540420532,-0.9661163687705994,0.15471689403057098,0.7697339057922363,0.638364851474762,0.27961111068725586
mirror_pair05_negative,5,negative,3,1,0.898415744304657,-0.9583572745323181,0.13492079079151154,-0.28750720620155334,1,0.5424124598503113,0.004489642077915675,-0.0007374714397591971,350.0,1.0,1.0,1.0,1.0,0.1820356696844101,0.15497498214244843,1.0,1.0,1.0,1.0,0.0,0.0,0.18629170954227448,0.1109485849738121,0.993826150894165,0.03538889065384865
mirror_pair05_negative,5,negative,3,2,0.8990782499313354,-0.95867520570755,0.13495391607284546,-0.28760257363319397,1,0.5171977877616882,0.018889089022952485,-0.0033519010376868927,349.0,1.0,1.0,1.0,1.0,0.18161353468894958,0.1561291515827179,1.0,1.0,1.0,1.0,0.0,0.0,0.1858568787574768,0.1284494251012802,0.9917160868644714,0.04100000113248825
mirror_pair05_negative,5,negative,3,3,0.9364621043205261,-0.9726747870445251,0.1368231177330017,-0.29180243611335754,1,0.4978407025337219,0.04771923872737684,-0.010488276229718586,344.0,1.0,1.0,1.0,1.0,0.18368326127529144,0.14777079224586487,1.0,1.0,1.0,1.0,0.898415744304657,-0.9583572745323181,0.18450751900672913,0.14677363634109497,0.9891701340675354,0.046888887882232666
mirror_pair05_negative,5,negative,3,4,0.9378107786178589,-0.9744960069656372,0.13689054548740387,-0.29234880208969116,1,0.4978407025337219,0.06986477704981359,-0.017399082608841942,341.0,1.0,1.0,1.0,1.0,1.0,0.14224019646644592,0.1627654880285263,1.0,1.0,1.0,0.8990782499313354,-0.95867520570755,0.1817989945411682,0.23531174659729004,0.9719199538230896,0.07561111450195312
mirror_pair05_negative,5,negative,3,5,0.9395842552185059,-0.9752002954483032,0.13697922229766846,-0.2925601005554199,1,0.4662764370441437,0.10039512542696052,-0.028921272439725875,337.0,1.0,1.0,1.0,1.0,1.0,0.14382028579711914,0.15455126762390137,1.0,1.0,1.0,0.9364621043205261,-0.9726747870445251,0.1797144114971161,0.28886470198631287,0.9573699235916138,0.09327777475118637
mirror_pair05_negative,5,negative,3,6,0.9413865804672241,-0.9758971929550171,0.13706932961940765,-0.2927691638469696,1,0.43834733963012695,0.12156417692766268,-0.03832503635904125,335.0,1.0,1.0,1.0,1.0,1.0,0.1352148950099945,0.133221834897995,1.0,1.0,1.0,0.9378107786178589,-0.9744960069656372,0.17725062370300293,0.3428400456905365,0.9393938183784485,0.11138889193534851
mirror_pair05_negative,5,negative,3,7,0.9430540204048157,-0.9765333533287048,0.13715270161628723,-0.2929600179195404,1,0.39427340030670166,0.14624152596045747,-0.050973480496234236,331.0,1.0,1.0,1.0,1.0,1.0,0.12564344704151154,0.12524209916591644,1.0,1.0,1.0,0.9395842552185059,-0.9752002954483032,0.17484156787395477,0.3965070843696594,0.9180316925048828,0.12977777421474457
mirror_pair05_negative,5,negative,3,8,0.9464915990829468,-0.9750327467918396,0.13732458651065826,-0.2925098240375519,1,0.3782872259616852,0.17426064058914398,-0.06774717063956248,327.0,1.0,1.0,1.0,1.0,1.0,0.1317320317029953,0.11264954507350922,0.13928382098674774,1.0,1.0,0.9413865804672241,-0.9758971929550171,0.17251649498939514,0.4653055667877197,0.885150134563446,0.15405555069446564
mirror_pair05_negative,5,negative,3,9,0.9484095573425293,-0.9757741093635559,0.13742047548294067,-0.29273223876953125,1,0.3590357005596161,0.1934403721735784,-0.08079125993293929,324.0,1.0,1.0,1.0,1.0,1.0,0.13332489132881165,0.10808206349611282,0.11268623918294907,1.0,1.0,0.9430540204048157,-0.9765333533287048,0.1698823720216751,0.5334668755531311,0.845820963382721,0.17911110818386078
mirror_pair05_negative,5,negative,3,10,0.9315415024757385,-0.9710975885391235,0.1365770846605301,-0.2913292944431305,1,0.3255489766597748,0.21935194326004173,-0.10069992402033781,320.0,1.0,1.0,1.0,1.0,1.0,1.0,0.10258162766695023,0.10656552016735077,1.0,1.0,0.9464915990829468,-0.9750327467918396,0.16808617115020752,0.5828323364257812,0.8125924468040466,0.19805555045604706
mirror_pair05_negative,5,negative,3,11,0.9172778129577637,-0.9659753441810608,0.13586390018463135,-0.28979262709617615,1,0.3213045001029968,0.23668419457068252,-0.11571046523732564,318.0,1.0,1.0,1.0,1.0,1.0,1.0,0.09726262092590332,0.09301399439573288,0.1344495415687561,1.0,0.9484095573425293,-0.9757741093635559,0.1656741350889206,0.6465235352516174,0.7628940343856812,0.22377777099609375
mirror_pair05_negative,5,negative,3,12,0.9181931614875793,-0.9663114547729492,0.13590966165065765,-0.2898934483528137,1,0.27812591195106506,0.2564325687495465,-0.13479460148732209,314.0,1.0,1.0,1.0,1.0,1.0,1.0,0.09415741264820099,0.09180128574371338,0.10205905139446259,1.0,0.9315415024757385,-0.9710975885391235,0.16407443583011627,0.6790570020675659,0.7340855002403259,0.23761111497879028
mirror_pair05_negative,5,negative,3,13,0.9212033748626709,-0.9673435688018799,0.1360601782798767,-0.2902030944824219,1,0.27674004435539246,0.2752033125150787,-0.1551574076672959,311.0,1.0,1.0,1.0,1.0,1.0,1.0,0.09154267609119415,0.07946454733610153,0.09609895199537277,1.0,0.9172778129577637,-0.9659753441810608,0.16227112710475922,0.7362152338027954,0.6767475008964539,0.26338890194892883
mirror_pair05_negative,5,negative,3,14,0.931873619556427,-0.9695906043052673,0.13659368455410004,-0.29087719321250916,1,0.25949227809906006,0.29288705575037993,-0.17675146813529713,308.0,1.0,1.0,1.0,1.0,1.0,1.0,0.1070704385638237,0.07906858623027802,0.08239936828613281,0.12710750102996826,0.9181931614875793,-0.9663114547729492,0.16058343648910522,0.7782431244850159,0.6279630661010742,0.28388887643814087
mirror_pair05_negative,5,negative,3,15,0.9230066537857056,-0.9650156497955322,0.1361503303050995,-0.2895047068595886,1,0.2568647563457489,0.3118144611296157,-0.2030266397191632,304.0,1.0,1.0,1.0,1.0,1.0,1.0,1.0,0.0771634578704834,0.07414065301418304,0.08916201442480087,0.9212033748626709,-0.9673435688018799,0.15902625024318695,0.8175471425056458,0.5758616924285889,0.304666668176651
mirror_pair05_negative,5,negative,3,16,0.9264960289001465,-0.9663450717926025,0.13632480800151825,-0.28990352153778076,1,0.21965022385120392,0.32409523549177766,-0.2223393397547997,301.0,1.0,1.0,1.0,1.0,1.0,1.0,1.0,0.07771195471286774,0.073389932513237,0.08258862048387527,0.931873619556427,-0.9695906043052673,0.15740901231765747,0.8639234304428101,0.5036231875419617,0.3319999873638153
mirror_pair05_negative,5,negative,3,17,0.9287179708480835,-0.9671639204025269,0.13643589615821838,-0.29014918208122253,1,0.21965022385120392,0.3377215224622663,-0.24659677892712542,298.0,1.0,1.0,1.0,1.0,1.0,1.0,1.0,0.07990572601556778,0.062757208943367,0.06570135056972504,0.9230066537857056,-0.9650156497955322,0.1563979983329773,0.8945446610450745,0.4469786286354065,0.35249999165534973
mirror_pair05_negative,5,negative,3,18,0.9312441349029541,-0.9681758284568787,0.13656221330165863,-0.2904527485370636,1,0.20635665953159332,0.3498615601273401,-0.2715029876775364,294.0,1.0,1.0,1.0,1.0,1.0,1.0,1.0,0.092809297144413,0.06472168117761612,0.06485279649496078,0.9264960289001465,-0.9663450717926025,0.15532682836055756,0.9226727485656738,0.3855839967727661,0.37400001287460327
mirror_pair05_negative,5,negative,3,19,0.9339978098869324,-0.9723490476608276,0.0466998927295208,-0.2917047142982483,1,0.20635665953159332,0.3569921080761741,-0.2883451862794582,291.0,1.0,1.0,1.0,1.0,1.0,1.0,1.0,1.0,0.07427050918340683,0.05895904451608658,0.9287179708480835,-0.9671639204025269,0.1544356644153595,0.9521827101707458,0.3055291175842285,0.4011666774749756
mirror_pair05_negative,5,negative,3,20,0.9359182715415955,-0.9729607701301575,0.04679591581225395,-0.2918882369995117,1,0.22142887115478516,0.36070216240333824,-0.2992978032019256,287.0,1.0,1.0,1.0,1.0,1.0,1.0,1.0,1.0,0.0742093175649643,0.06326539069414139,0.9312441349029541,-0.9681758284568787,0.15395425260066986,0.9695309400558472,0.2449689656496048,0.4212222099304199
mirror_pair06_positive,6,positive,1,1,0.8877072334289551,-0.9535118341445923,0.1343853622674942,-0.2860535681247711,1,0.672781229019165,0.003590068151924035,0.0004178126052255082,6.0,1.0,1.0,1.0,1.0,0.19672302901744843,0.1999681442975998,1.0,1.0,1.0,1.0,0.0,0.0,0.1862073689699173,-0.11719074100255966,0.993109405040741,-0.037388887256383896
mirror_pair06_positive,6,positive,1,2,0.8891270756721497,-0.9542150497436523,0.13445636630058289,-0.2862645387649536,1,0.6413998603820801,0.022675972982916185,0.000708181284193372,357.0,1.0,1.0,1.0,1.0,0.20214557647705078,0.1922232061624527,1.0,1.0,1.0,1.0,0.0,0.0,0.18579144775867462,-0.08263427019119263,0.9965799450874329,-0.026333333924412727
mirror_pair06_positive,6,positive,1,3,0.9317087531089783,-0.9720689058303833,0.13658544421195984,-0.291620671749115,1,0.625714898109436,0.05014815610254765,-0.001498555931781471,354.0,1.0,1.0,1.0,1.0,1.0,0.1832571029663086,0.25277942419052124,1.0,1.0,1.0,0.8877072334289551,-0.9535118341445923,0.18401552736759186,0.07428254187107086,0.9972372651100159,0.023666666820645332
mirror_pair06_positive,6,positive,1,4,0.9338335990905762,-0.9729445576667786,0.13669168949127197,-0.2918833792209625,1,0.5852435827255249,0.07760346883022526,-0.005290403326577393,350.0,1.0,1.0,1.0,1.0,1.0,0.17877568304538727,0.1940145343542099,1.0,1.0,1.0,0.8891270756721497,-0.9542150497436523,0.18146483600139618,0.12775705754756927,0.9918054938316345,0.0407777763903141
mirror_pair06_positive,6,positive,1,5,0.936586320400238,-0.9740200042724609,0.13682931661605835,-0.2922060191631317,1,0.5579991936683655,0.10499613158766342,-0.010687825906477535,347.0,1.0,1.0,1.0,1.0,1.0,0.16721245646476746,0.17061857879161835,1.0,1.0,1.0,0.9317087531089783,-0.9720689058303833,0.17891982197761536,0.19902586936950684,0.9799942374229431,0.06377777457237244
mirror_pair06_positive,6,positive,1,6,0.9379878044128418,-0.9746316075325012,0.13689939677715302,-0.29238948225975037,1,0.5182270407676697,0.13180050821458467,-0.017669364432450083,344.0,1.0,1.0,1.0,1.0,1.0,0.17415127158164978,0.15942834317684174,1.0,1.0,1.0,0.9338335990905762,-0.9729445576667786,0.17638590931892395,0.25308260321617126,0.967444658279419,0.08144444227218628
mirror_pair06_positive,6,positive,1,7,0.9395828247070312,-0.9752772450447083,0.1369791477918625,-0.2925831973552704,1,0.5131683945655823,0.1582106141893224,-0.026291276455621574,340.0,1.0,1.0,1.0,1.0,1.0,0.17228958010673523,0.14806486666202545,1.0,1.0,1.0,0.936586320400238,-0.9740200042724609,0.17391337454319,0.3073566257953644,0.9515944123268127,0.0994444414973259
mirror_pair06_positive,6,positive,1,8,0.9427424073219299,-0.9736590385437012,0.13713712990283966,-0.29209771752357483,1,0.45778873562812805,0.1842033332831684,-0.03648363265858306,337.0,1.0,1.0,1.0,1.0,1.0,0.18680739402770996,0.1466195434331894,0.17029209434986115,1.0,1.0,0.9379878044128418,-0.9746316075325012,0.17148634791374207,0.3776791989803314,0.9259365200996399,0.12327777594327927
mirror_pair06_positive,6,positive,1,9,0.9253017902374268,-0.968849778175354,0.1362650990486145,-0.2906549572944641,1,0.45778873562812805,0.20954621835911053,-0.04817197692617399,334.0,1.0,1.0,1.0,1.0,1.0,1.0,0.13079677522182465,0.14695525169372559,1.0,1.0,0.9395828247070312,-0.9752772450447083,0.16910924017429352,0.4312985837459564,0.9022092223167419,0.14194443821907043
mirror_pair06_positive,6,positive,1,10,0.9272155165672302,-0.9695540070533752,0.1363607794046402,-0.2908662259578705,1,0.43593135476112366,0.23395655179648278,-0.061189223934289085,330.0,1.0,1.0,1.0,1.0,1.0,1.0,0.1327928602695465,0.13700644671916962,1.0,1.0,0.9427424073219299,-0.9736590385437012,0.1668062061071396,0.48404619097709656,0.8750424385070801,0.16083332896232605
mirror_pair06_positive,6,positive,1,11,0.929720938205719,-0.9704805612564087,0.13648605346679688,-0.2911441922187805,1,0.4069978594779968,0.257447044105865,-0.07559946677495451,327.0,1.0,1.0,1.0,1.0,1.0,1.0,0.13003088533878326,0.12455181777477264,1.0,1.0,0.9253017902374268,-0.968849778175354,0.16460584104061127,0.5507721304893494,0.8346556425094604,0.18566666543483734
mirror_pair06_positive,6,positive,1,12,0.914360761642456,-0.9649998545646667,0.13571804761886597,-0.289499968290329,1,0.3822918236255646,0.28017339443776657,-0.09145716620907048,323.0,1.0,1.0,1.0,1.0,1.0,1.0,0.13308431208133698,0.11628510057926178,0.14462952315807343,1.0,0.9272155165672302,-0.9695540070533752,0.1625107079744339,0.600838840007782,0.7993701696395874,0.20516666769981384
mirror_pair06_positive,6,positive,1,13,0.9168189764022827,-0.965846061706543,0.13584095239639282,-0.28975382447242737,1,0.3822918236255646,0.301882415827632,-0.10857090763023437,320.0,1.0,1.0,1.0,1.0,1.0,1.0,0.15279261767864227,0.10922623425722122,0.11879996210336685,1.0,0.929720938205719,-0.9704805612564087,0.1605105996131897,0.662750780582428,0.7488400340080261,0.23061111569404602
mirror_pair06_positive,6,positive,1,14,0.9044570326805115,-0.9602912068367004,0.13522285223007202,-0.2880873680114746,1,0.35811421275138855,0.3225287499309022,-0.12682234476870397,317.0,1.0,1.0,1.0,1.0,1.0,1.0,1.0,0.11276484280824661,0.11372695863246918,1.0,0.914360761642456,-0.9649998545646667,0.15863189101219177,0.7088324427604675,0.7053768634796143,0.2507777810096741
mirror_pair06_positive,6,positive,1,15,0.9187228679656982,-0.963625967502594,0.13593614101409912,-0.28908780217170715,1,0.34896883368492126,0.3420727187112837,-0.14621706904254,313.0,1.0,1.0,1.0,1.0,1.0,1.0,1.0,0.11013130843639374,0.10231834650039673,0.13943897187709808,0.9168189764022827,-0.965846061706543,0.15688194334506989,0.7526447772979736,0.6584267616271973,0.27122223377227783
mirror_pair06_positive,6,positive,1,16,0.9222500324249268,-0.9649807810783386,0.1361125111579895,-0.28949424624443054,1,0.34188249707221985,0.36053113495893485,-0.16689672537980157,310.0,1.0,1.0,1.0,1.0,1.0,1.0,1.0,0.11781914532184601,0.09970538318157196,0.11344440281391144,0.9044570326805115,-0.9602912068367004,0.1552686244249344,0.8043756484985352,0.5941210389137268,0.29750001430511475
mirror_pair06_positive,6,positive,1,17,0.9250594973564148,-0.9661205410957336,0.1362529844045639,-0.28983616828918457,1,0.33050307631492615,0.3777067467050492,-0.1885187585490829,307.0,1.0,1.0,1.0,1.0,1.0,1.0,1.0,0.13641460239887238,0.0976807102560997,0.10582561045885086,0.9187228679656982,-0.963625967502594,0.1537964940071106,0.8418877124786377,0.5396527051925659,0.3185555636882782
mirror_pair06_positive,6,positive,1,18,0.9273824691772461,-0.9702969193458557,0.13636912405490875,-0.29108908772468567,1,0.33050307631492615,0.393736674096356,-0.21125683095632766,303.0,1.0,1.0,1.0,1.0,1.0,1.0,1.0,1.0,0.09442944824695587,0.09806699305772781,0.9222500324249268,-0.9649807810783386,0.15248435735702515,0.8759701251983643,0.48236533999443054,0.33977776765823364
mirror_pair06_positive,6,positive,1,19,0.9306913614273071,-0.9713824987411499,0.13653457164764404,-0.2914147675037384,1,0.3273439407348633,0.4084635146536524,-0.2349761066040288,300.0,1.0,1.0,1.0,1.0,1.0,1.0,1.0,1.0,0.10659651458263397,0.09572325646877289,0.9250594973564148,-0.9661205410957336,0.15132607519626617,0.9138292074203491,0.40609878301620483,0.3668888807296753
mirror_pair06_positive,6,positive,1,20,0.9333352446556091,-0.9722413420677185,0.13666677474975586,-0.29167240858078003,1,0.3273439407348633,0.4216111342841302,-0.259211718270623,297.0,1.0,1.0,1.0,1.0,1.0,1.0,1.0,1.0,0.12012285739183426,0.09352684020996094,0.9273824691772461,-0.9702969193458557,0.15033863484859467,0.9393938183784485,0.3428400456905365,0.3886111080646515
mirror_pair06_positive,6,positive,2,1,0.8872230052947998,-0.9532005786895752,0.1343611478805542,-0.28596019744873047,1,0.6507667899131775,0.00561131394623449,0.000977067016614261,10.0,1.0,1.0,1.0,1.0,0.1986950933933258,0.19498251378536224,1.0,1.0,1.0,1.0,0.0,0.0,0.18613369762897491,-0.13450504839420319,0.990912914276123,-0.042944446206092834
mirror_pair06_positive,6,positive,2,2,0.8866298794746399,-0.9528622627258301,0.13433149456977844,-0.285858690738678,1,0.6334008574485779,0.02747736558858775,0.005489759589084331,13.0,1.0,1.0,1.0,1.0,0.18593336641788483,0.20142392814159393,1.0,1.0,1.0,1.0,0.0,0.0,0.1856023073196411,-0.15229588747024536,0.9883349537849426,-0.04866666719317436
mirror_pair06_positive,6,positive,2,3,0.9269963502883911,-0.9681641459465027,0.13634982705116272,-0.29044926166534424,1,0.6117836833000183,0.053603393239121326,0.01082803918258951,10.0,1.0,1.0,1.0,1.0,0.1809716671705246,0.19834132492542267,1.0,1.0,1.0,1.0,0.8872230052947998,-0.9532005786895752,0.18389207124710083,-0.20535019040107727,0.9786885380744934,-0.06583333015441895
mirror_pair06_positive,6,positive,2,4,0.9284510016441345,-0.9688321352005005,0.1364225596189499,-0.2906496524810791,1,0.5912620425224304,0.07643463795876204,0.014262127024297843,7.0,1.0,1.0,1.0,1.0,0.17479534447193146,0.18158502876758575,1.0,1.0,1.0,1.0,0.8866298794746399,-0.9528622627258301,0.1811201274394989,-0.1567792296409607,0.9876336455345154,-0.050111111253499985
mirror_pair06_positive,6,positive,2,5,0.9301835298538208,-0.9695981740951538,0.13650918006896973,-0.2908794581890106,1,0.5543524622917175,0.10870573290878975,0.01719481891139611,3.0,1.0,1.0,1.0,1.0,0.17324617505073547,0.1689320057630539,1.0,1.0,1.0,1.0,0.9269963502883911,-0.9681641459465027,0.17899096012115479,-0.10643761605024338,0.9943193793296814,-0.03394444286823273
mirror_pair06_positive,6,positive,2,6,0.931919276714325,-0.9704371690750122,0.1365959644317627,-0.2911311686038971,1,0.5281023979187012,0.13176367054541763,0.017976096609081012,1.0,1.0,1.0,1.0,1.0,0.17507027089595795,0.15838642418384552,1.0,1.0,1.0,1.0,0.9284510016441345,-0.9688321352005005,0.1759846955537796,-0.03803899884223938,0.9992762804031372,-0.012111111544072628
mirror_pair06_positive,6,positive,2,7,0.9328610897064209,-0.9708667397499084,0.13664305210113525,-0.2912600338459015,1,0.5016242861747742,0.1644310849471724,0.01719747514299051,357.0,1.0,1.0,1.0,1.0,0.17538045346736908,0.1508864015340805,1.0,1.0,1.0,1.0,0.9301835298538208,-0.9695981740951538,0.1738385558128357,-0.003316119546070695,0.9999945163726807,-0.0010555555345490575
mirror_pair06_positive,6,positive,2,8,0.9444373250007629,-0.9757278561592102,0.13722187280654907,-0.29271838068962097,1,0.45709508657455444,0.1921492900982388,0.014771563274586001,353.0,1.0,1.0,1.0,1.0,0.19012515246868134,0.143321231007576,0.16419683396816254,1.0,1.0,1.0,0.931919276714325,-0.9704371690750122,0.171241894364357,0.06679634004831314,0.9977666139602661,0.0212777778506279
mirror_pair06_positive,6,positive,2,9,0.9357826709747314,-0.9734601974487305,0.13678914308547974,-0.29203808307647705,1,0.43733081221580505,0.21497124955177438,0.011557486482130754,351.0,1.0,1.0,1.0,1.0,1.0,0.13059858977794647,0.1408083140850067,1.0,1.0,1.0,0.9328610897064209,-0.9708667397499084,0.16822543740272522,0.1379631608724594,0.990437388420105,0.04405555501580238
mirror_pair06_positive,6,positive,2,10,0.9370300769805908,-0.9739605188369751,0.136851504445076,-0.2921881675720215,1,0.4087131917476654,0.24697657519878063,0.0051242591558772815,347.0,1.0,1.0,1.0,1.0,1.0,0.12495166063308716,0.12824243307113647,1.0,1.0,1.0,0.9444373250007629,-0.9757278561592102,0.16610756516456604,0.1745075136423111,0.9846558570861816,0.05583333224058151
mirror_pair06_positive,6,positive,2,11,0.9389178156852722,-0.9747767448425293,0.136945903301239,-0.2924330234527588,1,0.3745375871658325,0.26946608524545806,-0.0007935610427539563,344.0,1.0,1.0,1.0,1.0,1.0,0.12476564943790436,0.11677519977092743,1.0,1.0,1.0,0.9357826709747314,-0.9734601974487305,0.16314253211021423,0.2466607540845871,0.9691019058227539,0.0793333351612091
mirror_pair06_positive,6,positive,2,12,0.9419917464256287,-0.9728913307189941,0.13709959387779236,-0.2918674051761627,1,0.35417643189430237,0.2959811637185841,-0.00927994857494825,341.0,1.0,1.0,1.0,1.0,1.0,0.1215910091996193,0.10701073706150055,0.13665026426315308,1.0,1.0,0.9370300769805908,-0.9739605188369751,0.161064013838768,0.3005393445491791,0.9537694454193115,0.09716666489839554
mirror_pair06_positive,6,positive,2,13,0.9434049129486084,-0.9734601974487305,0.13717025518417358,-0.29203808307647705,1,0.3387826085090637,0.32614871316582106,-0.021171051774534547,336.0,1.0,1.0,1.0,1.0,1.0,0.125962495803833,0.10119326412677765,0.1124064102768898,1.0,1.0,0.9389178156852722,-0.9747767448425293,0.1586207002401352,0.3551069498062134,0.9348256587982178,0.11555555462837219
mirror_pair06_positive,6,positive,2,14,0.9455052614212036,-0.9744064807891846,0.13727526366710663,-0.29232195019721985,1,0.3122604489326477,0.3472352014846103,-0.03098074684657763,334.0,1.0,1.0,1.0,1.0,1.0,0.1403212696313858,0.09679502993822098,0.09857571125030518,1.0,1.0,0.9419917464256287,-0.9728913307189941,0.15585459768772125,0.4421321451663971,0.8969499468803406,0.14577777683734894
mirror_pair06_positive,6,positive,2,15,0.9079568982124329,-0.9623631834983826,0.13539785146713257,-0.28870895504951477,1,0.2796940207481384,0.3756728898739421,-0.04627813483892344,330.0,1.0,1.0,1.0,1.0,1.0,1.0,0.0947224348783493,0.08921726793050766,0.13279372453689575,1.0,0.9434049129486084,-0.9734601974487305,0.15393301844596863,0.47884508967399597,0.8778994083404541,0.15894444286823273
mirror_pair06_positive,6,positive,2,16,0.910725474357605,-0.9633752703666687,0.1355362832546234,-0.2890125811100006,1,0.27412673830986023,0.39521940387338783,-0.05826699754005072,327.0,1.0,1.0,1.0,1.0,1.0,1.0,0.09289687871932983,0.07991258054971695,0.10385753214359283,1.0,0.9455052614212036,-0.9744064807891846,0.15136246383190155,0.547417163848877,0.8368598818778992,0.1843888908624649
mirror_pair06_positive,6,positive,2,17,0.9125698804855347,-0.9641062617301941,0.13562849164009094,-0.28923189640045166,1,0.251211941242218,0.41786317219673824,-0.07386789555832939,324.0,1.0,1.0,1.0,1.0,1.0,1.0,0.0910184383392334,0.0783219262957573,0.08541877567768097,1.0,0.9079568982124329,-0.9623631834983826,0.1496136635541916,0.5969252586364746,0.8022968769073486,0.2036111056804657
mirror_pair06_positive,6,positive,2,18,0.9245483875274658,-0.9666538238525391,0.13622742891311646,-0.2899961471557617,1,0.2272430956363678,0.44319051884153005,-0.09390794143050575,320.0,1.0,1.0,1.0,1.0,1.0,1.0,0.09786646068096161,0.07522797584533691,0.07177484035491943,0.1153557077050209,0.910725474357605,-0.9633752703666687,0.14761216938495636,0.6463903784751892,0.763006865978241,0.22372221946716309
mirror_pair06_positive,6,positive,2,19,0.92753666639328,-0.9677184820175171,0.13637684285640717,-0.29031556844711304,1,0.2272430956363678,0.4603843931422565,-0.10919603255248192,317.0,1.0,1.0,1.0,1.0,1.0,1.0,0.11669360846281052,0.07016836106777191,0.06492660194635391,0.08921672403812408,0.9125698804855347,-0.9641062617301941,0.1454152762889862,0.707970142364502,0.7062423825263977,0.25038889050483704
mirror_pair06_positive,6,positive,2,20,0.9181479215621948,-0.9629349112510681,0.1359073966741562,-0.28888049721717834,1,0.2221580594778061,0.4833872431848482,-0.13215892734438747,313.0,1.0,1.0,1.0,1.0,1.0,1.0,1.0,0.07526718825101852,0.06808251142501831,0.06741417944431305,0.9245483875274658,-0.9666538238525391,0.14395597577095032,0.7511489391326904,0.6601327657699585,0.2705000042915344
mirror_pair06_positive,6,positive,3,1,0.8872798681259155,-0.953216016292572,0.13436399400234222,-0.28596481680870056,1,0.6682165265083313,0.0031114292056641556,0.0004176798928664083,7.0,1.0,1.0,1.0,1.0,0.1961996853351593,0.19513846933841705,1.0,1.0,1.0,1.0,0.0,0.0,0.18622571229934692,-0.13450504839420319,0.990912914276123,-0.042944446206092834
mirror_pair06_positive,6,positive,3,2,0.88851398229599,-0.9538805484771729,0.13442569971084595,-0.28616416454315186,1,0.6422253847122192,0.014205665356362682,0.001689888736754525,6.0,1.0,1.0,1.0,1.0,0.2031182050704956,0.19091901183128357,1.0,1.0,1.0,1.0,0.0,0.0,0.18583597242832184,-0.10001440346240997,0.9949859976768494,-0.03188888728618622
mirror_pair06_positive,6,positive,3,3,0.929853618144989,-0.9696834683418274,0.13649268448352814,-0.29090505838394165,1,0.6134014129638672,0.0398101713265537,0.004061292096628539,4.0,1.0,1.0,1.0,1.0,0.20075877010822296,0.183492973446846,1.0,1.0,1.0,1.0,0.8872798681259155,-0.953216016292572,0.18480142951011658,-0.08315607160329819,0.9965365529060364,-0.026499999687075615
mirror_pair06_positive,6,positive,3,4,0.9308440685272217,-0.970125675201416,0.1365422010421753,-0.2910377085208893,1,0.5848034024238586,0.06770856499073842,0.005125910312285048,0.0,1.0,1.0,1.0,1.0,0.19647376239299774,0.17525754868984222,1.0,1.0,1.0,1.0,0.88851398229599,-0.9538805484771729,0.18241508305072784,-0.04937273636460304,0.9987804293632507,-0.01572222262620926
mirror_pair06_positive,6,positive,3,5,0.9328348636627197,-0.971041738986969,0.1366417407989502,-0.2913125455379486,1,0.5421890020370483,0.09544418079233011,0.004589653144918417,357.0,1.0,1.0,1.0,1.0,0.20839563012123108,0.16708669066429138,1.0,1.0,1.0,1.0,0.929853618144989,-0.9696834683418274,0.17981791496276855,0.020244436338543892,0.9997950792312622,0.006444444414228201
mirror_pair06_positive,6,positive,3,6,0.933259129524231,-0.9724947214126587,0.13666296005249023,-0.29174843430519104,1,0.5421890020370483,0.1231568809267099,0.002490047859613406,354.0,1.0,1.0,1.0,1.0,1.0,0.15491114556789398,0.19179414212703705,1.0,1.0,1.0,0.9308440685272217,-0.970125675201416,0.17723895609378815,0.07306413352489471,0.9973272681236267,0.023277778178453445
mirror_pair06_positive,6,positive,3,7,0.9348617792129517,-0.9731981158256531,0.13674309849739075,-0.2919594347476959,1,0.5178388953208923,0.15078852271222562,-0.0012538046334874845,351.0,1.0,1.0,1.0,1.0,1.0,0.15672801434993744,0.1645587980747223,1.0,1.0,1.0,0.9328348636627197,-0.971041738986969,0.17466536164283752,0.1265452355146408,0.9919608235359192,0.040388889610767365
mirror_pair06_positive,6,positive,3,8,0.936550498008728,-0.97389155626297,0.1368275284767151,-0.2921674847602844,1,0.4635891020298004,0.1781290496780094,-0.006621108953410226,347.0,1.0,1.0,1.0,1.0,1.0,0.14795397222042084,0.15215592086315155,1.0,1.0,1.0,0.933259129524231,-0.9724947214126587,0.17210336029529572,0.18069081008434296,0.9835399389266968,0.05783333256840706
mirror_pair06_positive,6,positive,3,9,0.9386049509048462,-0.9747567772865295,0.13693025708198547,-0.29242703318595886,1,0.4635891020298004,0.20513064803014477,-0.013557393078567752,344.0,1.0,1.0,1.0,1.0,1.0,0.1474069356918335,0.1324540227651596,1.0,1.0,1.0,0.9348617792129517,-0.9731981158256531,0.169573575258255,0.252069354057312,0.9677091836929321,0.0811111107468605
mirror_pair06_positive,6,positive,3,10,0.9415374994277954,-0.9729592800140381,0.13707688450813293,-0.2918877899646759,1,0.4161675274372101,0.2317646878625366,-0.022065871528825776,341.0,1.0,1.0,1.0,1.0,1.0,0.14694641530513763,0.13427546620368958,0.17398051917552948,1.0,1.0,0.936550498008728,-0.97389155626297,0.16708184778690338,0.3063599467277527,0.9519157409667969,0.09911110997200012
mirror_pair06_positive,6,positive,3,11,0.9430111050605774,-0.9734972715377808,0.13715055584907532,-0.29204919934272766,1,0.39599254727363586,0.2575906652585412,-0.03211472039473387,337.0,1.0,1.0,1.0,1.0,1.0,0.1537129431962967,0.11890500783920288,0.136057510972023,1.0,1.0,0.9386049509048462,-0.9747567772865295,0.1646328717470169,0.3608108162879944,0.9326390027999878,0.11749999970197678
mirror_pair06_positive,6,positive,3,12,0.9252277612686157,-0.9686532616615295,0.13626138865947723,-0.29059597849845886,1,0.3882494568824768,0.2827553148366552,-0.04365248668015319,334.0,1.0,1.0,1.0,1.0,1.0,1.0,0.11314072459936142,0.11815780401229858,1.0,1.0,0.9415374994277954,-0.9729592800140381,0.1622699648141861,0.4306686222553253,0.9025101065635681,0.14172221720218658
mirror_pair06_positive,6,positive,3,13,0.9272321462631226,-0.9694079160690308,0.13636161386966705,-0.2908223867416382,1,0.3642035722732544,0.30732660541260265,-0.0566864817079511,330.0,1.0,1.0,1.0,1.0,1.0,1.0,0.11494170129299164,0.11092841625213623,1.0,1.0,0.9430111050605774,-0.9734972715377808,0.15998218953609467,0.4837407171726227,0.8752113580703735,0.16072222590446472
mirror_pair06_positive,6,positive,3,14,0.9114267826080322,-0.9638194441795349,0.13557134568691254,-0.2891458570957184,1,0.3600817322731018,0.3310548745391399,-0.07110588746920644,327.0,1.0,1.0,1.0,1.0,1.0,1.0,0.11182058602571487,0.1040581613779068,0.1306973397731781,1.0,0.9252277612686157,-0.9686532616615295,0.15776664018630981,0.5506264567375183,0.8347517848014832,0.18561111390590668
mirror_pair06_positive,6,positive,3,15,0.9134854078292847,-0.9645770192146301,0.13567426800727844,-0.28937312960624695,1,0.32449498772621155,0.3535599136795545,-0.0866139243288171,324.0,1.0,1.0,1.0,1.0,1.0,1.0,0.11418601125478745,0.10288049280643463,0.10778963565826416,1.0,0.9272321462631226,-0.9694079160690308,0.15564966201782227,0.6011178493499756,0.799160361289978,0.20527777075767517
mirror_pair06_positive,6,positive,3,16,0.9155066013336182,-0.9652762413024902,0.13577532768249512,-0.28958287835121155,1,0.3060453534126282,0.3753078220840846,-0.10360425087846097,320.0,1.0,1.0,1.0,1.0,1.0,1.0,0.1232677474617958,0.09271285682916641,0.09466443955898285,1.0,0.9114267826080322,-0.9638194441795349,0.15366841852664948,0.649978756904602,0.7599523663520813,0.22522221505641937
mirror_pair06_positive,6,positive,3,17,0.9155100584030151,-0.9621492028236389,0.13577550649642944,-0.2886447608470917,1,0.2721213102340698,0.3961188736386553,-0.12192609008864155,317.0,1.0,1.0,1.0,1.0,1.0,1.0,1.0,0.08744152635335922,0.08746812492609024,0.12231022864580154,0.9134854078292847,-0.9645770192146301,0.15178652107715607,0.7095707654953003,0.7046341896057129,0.25111111998558044
mirror_pair06_positive,6,positive,3,18,0.9184224605560303,-0.9632650017738342,0.13592112064361572,-0.28897950053215027,1,0.2721213102340698,0.4157592272421753,-0.1413256053587558,314.0,1.0,1.0,1.0,1.0,1.0,1.0,1.0,0.09428349882364273,0.07774894684553146,0.09655313938856125,0.9155066013336182,-0.9652762413024902,0.1500243842601776,0.7536781430244446,0.6572437286376953,0.2717222273349762
mirror_pair06_positive,6,positive,3,19,0.9212020039558411,-0.9643372893333435,0.13606010377407074,-0.28930118680000305,1,0.2696901261806488,0.43435019692207905,-0.16187754013211833,310.0,1.0,1.0,1.0,1.0,1.0,1.0,1.0,0.09451521188020706,0.07846774905920029,0.08849507570266724,0.9155100584030151,-0.9621492028236389,0.1484060138463974,0.7952619194984436,0.6062660217285156,0.2926666736602783
mirror_pair06_positive,6,positive,3,20,0.9249060750007629,-0.9658284783363342,0.13624531030654907,-0.28974854946136475,1,0.2688349485397339,0.45163523132610844,-0.18343128319043503,307.0,1.0,1.0,1.0,1.0,1.0,1.0,1.0,0.11082453280687332,0.08317602425813675,0.07705432176589966,0.9184224605560303,-0.9632650017738342,0.14692552387714386,0.8433914184570312,0.537299633026123,0.3194444477558136
mirror_pair06_negative,6,negative,1,1,0.8978261351585388,-0.9584560394287109,0.1348913162946701,-0.2875368297100067,1,0.6615539789199829,0.008475947010003508,-0.0013308863708165895,351.0,1.0,1.0,1.0,1.0,0.19934208691120148,0.18901541829109192,1.0,1.0,1.0,1.0,0.0,0.0,0.1860962212085724,0.13450504839420319,0.990912914276123,0.042944446206092834
mirror_pair06_negative,6,negative,1,2,0.8976644277572632,-0.9584194421768188,0.13488322496414185,-0.28752583265304565,1,0.6453465223312378,0.034692587436755525,-0.005932591733999536,348.0,1.0,1.0,1.0,1.0,0.20040857791900635,0.19320537149906158,1.0,1.0,1.0,1.0,0.0,0.0,0.18533512949943542,0.13519680500030518,0.9908187389373779,0.043166667222976685
mirror_pair06_negative,6,negative,1,3,0.9367184042930603,-0.9729653596878052,0.13683593273162842,-0.29188960790634155,1,0.5940895676612854,0.061871764678446135,-0.012301654266066497,345.0,1.0,1.0,1.0,1.0,0.1951398402452469,0.18438471853733063,1.0,1.0,1.0,1.0,0.8978261351585388,-0.9584560394287109,0.18288764357566833,0.1887526661157608,0.9820246696472168,0.06044444441795349
mirror_pair06_negative,6,negative,1,4,0.9383173584938049,-0.973623514175415,0.1369158774614334,-0.2920870780944824,1,0.5584097504615784,0.08827109620398654,-0.02017385523901045,342.0,1.0,1.0,1.0,1.0,0.19792577624320984,0.16973987221717834,1.0,1.0,1.0,1.0,0.8976644277572632,-0.9584194421768188,0.18034863471984863,0.2429378479719162,0.9700418710708618,0.07811111211776733
mirror_pair06_negative,6,negative,1,5,0.9485941529273987,-0.9777955412864685,0.13742971420288086,-0.29333868622779846,1,0.5227493643760681,0.11452858984573616,-0.029759048357117547,338.0,1.0,1.0,1.0,1.0,0.21606838703155518,0.1595456451177597,0.209853857755661,1.0,1.0,1.0,0.9367184042930603,-0.9729653596878052,0.17788204550743103,0.2970415949821472,0.9548645615577698,0.09600000083446503
mirror_pair06_negative,6,negative,1,6,0.941378116607666,-0.9759559631347656,0.13706891238689423,-0.2927868068218231,1,0.5039574503898621,0.14023579364035443,-0.04091380604386227,335.0,1.0,1.0,1.0,1.0,1.0,0.14935696125030518,0.17618568241596222,1.0,1.0,1.0,0.9383173584938049,-0.973623514175415,0.17543011903762817,0.36747536063194275,0.930033266544342,0.11977777630090714
mirror_pair06_negative,6,negative,1,7,0.9432141184806824,-0.9766510725021362,0.13716071844100952,-0.2929953336715698,1,0.4980294108390808,0.1651331512186841,-0.05347725579846945,332.0,1.0,1.0,1.0,1.0,1.0,0.14398784935474396,0.1531590223312378,1.0,1.0,1.0,0.9485941529273987,-0.9777955412864685,0.17303341627120972,0.4210358262062073,0.907043993473053,0.13833333551883698
mirror_pair06_negative,6,negative,1,8,0.9446396827697754,-0.9772217273712158,0.1372319906949997,-0.29316651821136475,1,0.46231335401535034,0.18921384344398176,-0.06741542727387362,328.0,1.0,1.0,1.0,1.0,1.0,0.14926175773143768,0.14229412376880646,1.0,1.0,1.0,0.941378116607666,-0.9759559631347656,0.17071884870529175,0.473934531211853,0.8805601000785828,0.15716665983200073
mirror_pair06_negative,6,negative,1,9,0.9466661810874939,-0.9779825210571289,0.13733331859111786,-0.2933947741985321,1,0.42985883355140686,0.21245191588566129,-0.08287152727059238,325.0,1.0,1.0,1.0,1.0,1.0,0.1463107317686081,0.1320895254611969,1.0,1.0,1.0,0.9432141184806824,-0.9766510725021362,0.16849000751972198,0.5406808853149414,0.8412277698516846,0.18183332681655884
mirror_pair06_negative,6,negative,1,10,0.9497635364532471,-0.9765160083770752,0.13748818635940552,-0.29295480251312256,1,0.40367019176483154,0.23473367379397356,-0.0996766775264279,321.0,1.0,1.0,1.0,1.0,1.0,0.14557099342346191,0.12281680852174759,0.15099979937076569,1.0,1.0,0.9446396827697754,-0.9772217273712158,0.16635295748710632,0.5911688804626465,0.8065478205680847,0.20133332908153534
mirror_pair06_negative,6,negative,1,11,0.9513937830924988,-0.9771484732627869,0.13756969571113586,-0.293144553899765,1,0.39802786707878113,0.25608714215244305,-0.1178021717498298,318.0,1.0,1.0,1.0,1.0,1.0,0.16475501656532288,0.11533433943986893,0.12444905936717987,1.0,1.0,0.9466661810874939,-0.9779825210571289,0.16432200372219086,0.653420627117157,0.7569950819015503,0.2266666740179062
mirror_pair06_negative,6,negative,1,12,0.9362555146217346,-0.9728788733482361,0.13681277632713318,-0.29186367988586426,1,0.35285237431526184,0.27634433070700026,-0.1371323537308426,315.0,1.0,1.0,1.0,1.0,1.0,1.0,0.11874952167272568,0.11372224986553192,1.0,1.0,0.9497635364532471,-0.9765160083770752,0.1623985767364502,0.6999126672744751,0.7142283916473389,0.24677777290344238
mirror_pair06_negative,6,negative,1,13,0.9229969382286072,-0.9680536389350891,0.13614985346794128,-0.29041609168052673,1,0.32971230149269104,0.29511017870173156,-0.15729131939506905,311.0,1.0,1.0,1.0,1.0,1.0,1.0,0.11029873043298721,0.10081496089696884,0.150594562292099,1.0,0.9513937830924988,-0.9771484732627869,0.16060228645801544,0.7440783977508545,0.6680923104286194,0.2671111226081848
mirror_pair06_negative,6,negative,1,14,0.9253013134002686,-0.9688267707824707,0.13626506924629211,-0.29064804315567017,1,0.3286636173725128,0.31274943432556906,-0.17859833783074155,308.0,1.0,1.0,1.0,1.0,1.0,1.0,0.11546533554792404,0.09420351684093475,0.1209409236907959,1.0,0.9362555146217346,-0.9728788733482361,0.15897193551063538,0.796424388885498,0.6047381162643433,0.293277770280838
mirror_pair06_negative,6,negative,1,15,0.9271829724311829,-0.969473659992218,0.13635915517807007,-0.29084211587905884,1,0.2888171970844269,0.3292103782784506,-0.20101877883956598,305.0,1.0,1.0,1.0,1.0,1.0,1.0,0.11195317655801773,0.09390389174222946,0.09946392476558685,1.0,0.9229969382286072,-0.9680536389350891,0.15747937560081482,0.8343671560287476,0.5512090921401978,0.3141666650772095
mirror_pair06_negative,6,negative,1,16,0.9291526079177856,-0.9700716137886047,0.1364576369524002,-0.2910214960575104,1,0.2732693552970886,0.34436180574944225,-0.22440832580455014,301.0,1.0,1.0,1.0,1.0,1.0,1.0,0.1308397799730301,0.08251919597387314,0.09129629284143448,1.0,0.9253013134002686,-0.9688267707824707,0.156133770942688,0.8691498637199402,0.4945487678050995,0.33533334732055664
mirror_pair06_negative,6,negative,1,17,0.9299942851066589,-0.9677714705467224,0.13649971783161163,-0.2903314530849457,1,0.2732693552970886,0.3580713811315777,-0.24843815129611554,298.0,1.0,1.0,1.0,1.0,1.0,1.0,1.0,0.08919235318899155,0.07807695865631104,0.10092952102422714,0.9271829724311829,-0.969473659992218,0.1549506038427353,0.9078506827354431,0.4192936420440674,0.3622777760028839
mirror_pair06_negative,6,negative,1,18,0.9325082898139954,-0.9687048196792603,0.13662542402744293,-0.2906114459037781,1,0.2624860107898712,0.37036472087898914,-0.2732885600552309,295.0,1.0,1.0,1.0,1.0,1.0,1.0,1.0,0.09166599810123444,0.08029011636972427,0.08938270807266235,0.9291526079177856,-0.9700716137886047,0.1539425104856491,0.9341421723365784,0.35690104961395264,0.3838333189487457
mirror_pair06_negative,6,negative,1,19,0.9346901774406433,-0.9695205092430115,0.046734508126974106,-0.29085615277290344,1,0.25659868121147156,0.3775062719663299,-0.28993834330124557,291.0,1.0,1.0,1.0,1.0,1.0,1.0,1.0,0.09963767975568771,0.07499600201845169,0.07773496210575104,0.9299942851066589,-0.9677714705467224,0.15311220288276672,0.9563047289848328,0.2923716902732849,0.4055555462837219
mirror_pair06_negative,6,negative,1,20,0.93729567527771,-0.9705870747566223,0.04686478525400162,-0.2911761403083801,1,0.25659868121147156,0.38076610306723657,-0.2993105302982588,287.0,1.0,1.0,1.0,1.0,1.0,1.0,1.0,0.12855371832847595,0.07601014524698257,0.07331390678882599,0.9325082898139954,-0.9687048196792603,0.1526784896850586,0.9767097234725952,0.21456485986709595,0.4311666786670685
mirror_pair06_negative,6,negative,2,1,0.8977627158164978,-0.9584438800811768,0.13488814234733582,-0.287533164024353,1,0.6560574769973755,0.010503088468669802,-0.001809095446294907,349.0,1.0,1.0,1.0,1.0,0.19581769406795502,0.19306084513664246,1.0,1.0,1.0,1.0,0.0,0.0,0.18613006174564362,0.13450504839420319,0.990912914276123,0.042944446206092834
mirror_pair06_negative,6,negative,2,2,0.899276852607727,-0.959115207195282,0.13496384024620056,-0.2877345681190491,1,0.6305199861526489,0.03729727986657516,-0.007720683888732591,346.0,1.0,1.0,1.0,1.0,0.20139741897583008,0.1874449998140335,1.0,1.0,1.0,1.0,0.0,0.0,0.18514561653137207,0.16986551880836487,0.985467255115509,0.05433333292603493
mirror_pair06_negative,6,negative,2,3,0.937623143196106,-0.9733693599700928,0.13688115775585175,-0.2920108139514923,1,0.5804693698883057,0.06366506952544741,-0.015179728306447548,342.0,1.0,1.0,1.0,1.0,0.20209750533103943,0.18014857172966003,1.0,1.0,1.0,1.0,0.8977627158164978,-0.9584438800811768,0.18264219164848328,0.2237604707479477,0.9746441841125488,0.07183333486318588
mirror_pair06_negative,6,negative,2,4,0.9395014047622681,-0.9741745591163635,0.13697507977485657,-0.29225239157676697,1,0.5661906599998474,0.08996330425820126,-0.02439555387938711,339.0,1.0,1.0,1.0,1.0,0.22250492870807648,0.16584838926792145,1.0,1.0,1.0,1.0,0.899276852607727,-0.959115207195282,0.18017759919166565,0.2947075366973877,0.9555875062942505,0.09522221982479095
mirror_pair06_negative,6,negative,2,5,0.9406101107597351,-0.9756936430931091,0.13703051209449768,-0.2927080988883972,1,0.5454496145248413,0.11579566311919871,-0.035202848500822045,336.0,1.0,1.0,1.0,1.0,1.0,0.16176876425743103,0.18276987969875336,1.0,1.0,1.0,0.937623143196106,-0.9733693599700928,0.1777200996875763,0.3485720455646515,0.9372819662094116,0.1133333370089531
mirror_pair06_negative,6,negative,2,6,0.9423350095748901,-0.976356029510498,0.13711676001548767,-0.29290682077407837,1,0.5225538015365601,0.1408556220152058,-0.04744233901351648,332.0,1.0,1.0,1.0,1.0,1.0,0.15584275126457214,0.16674908995628357,1.0,1.0,1.0,0.9395014047622681,-0.9741745591163635,0.17530909180641174,0.40242716670036316,0.9154520034790039,0.13183332979679108
mirror_pair06_negative,6,negative,2,7,0.9444243907928467,-0.9771640300750732,0.13722121715545654,-0.2931492328643799,1,0.48644790053367615,0.16510302212515468,-0.061056380536685606,329.0,1.0,1.0,1.0,1.0,1.0,0.15546658635139465,0.14930108189582825,1.0,1.0,1.0,0.9406101107597351,-0.9756936430931091,0.17297571897506714,0.4710118770599365,0.8821268677711487,0.15611110627651215
mirror_pair06_negative,6,negative,2,8,0.9461143016815186,-0.9777824282646179,0.13730572164058685,-0.2933347523212433,1,0.44959166646003723,0.18853868709354918,-0.07620217381570157,325.0,1.0,1.0,1.0,1.0,1.0,0.1468411535024643,0.13898511230945587,1.0,1.0,1.0,0.9423350095748901,-0.976356029510498,0.17072665691375732,0.5229449272155762,0.8523664474487305,0.17516666650772095
mirror_pair06_negative,6,negative,2,9,0.9494710564613342,-0.9764690399169922,0.13747355341911316,-0.29294073581695557,1,0.41911250352859497,0.21104590604974724,-0.09272012778088136,322.0,1.0,1.0,1.0,1.0,1.0,0.1572340875864029,0.1284547597169876,0.1625179499387741,1.0,1.0,0.9444243907928467,-0.9771640300750732,0.16856525838375092,0.58792644739151,0.8089144229888916,0.2000555545091629
mirror_pair06_negative,6,negative,2,10,0.9508383274078369,-0.9769971370697021,0.13754191994667053,-0.29309916496276855,1,0.4046252965927124,0.2326257499537635,-0.11055620650562613,319.0,1.0,1.0,1.0,1.0,1.0,0.16729216277599335,0.11974643170833588,0.14426060020923615,1.0,1.0,0.9461143016815186,-0.9777824282646179,0.1665060669183731,0.6367513537406921,0.7710692286491394,0.2197222262620926
mirror_pair06_negative,6,negative,2,11,0.9356474280357361,-0.9727059006690979,0.13678237795829773,-0.2918117940425873,1,0.4034897983074188,0.25312640935655395,-0.12960667469569184,315.0,1.0,1.0,1.0,1.0,1.0,1.0,0.11560722440481186,0.12426052987575531,1.0,1.0,0.9494710564613342,-0.9764690399169922,0.16455288231372833,0.6839107275009155,0.7295657396316528,0.23972222208976746
mirror_pair06_negative,6,negative,2,12,0.9381298422813416,-0.9735836982727051,0.13690650463104248,-0.29207512736320496,1,0.34814175963401794,0.2722269459195681,-0.14960603445949724,312.0,1.0,1.0,1.0,1.0,1.0,1.0,0.11528279632329941,0.11707047373056412,1.0,1.0,0.9508383274078369,-0.9769971370697021,0.16272372007369995,0.7408046126365662,0.671720564365387,0.26555556058883667
mirror_pair06_negative,6,negative,2,13,0.9247344732284546,-0.9686698913574219,0.13623672723770142,-0.29060098528862,1,0.34814175963401794,0.29013160223818946,-0.17070098700225245,309.0,1.0,1.0,1.0,1.0,1.0,1.0,0.11320334672927856,0.09946907311677933,0.1307404488325119,1.0,0.9356474280357361,-0.9727059006690979,0.16105128824710846,0.7824994921684265,0.622651219367981,0.2860555648803711
mirror_pair06_negative,6,negative,2,14,0.9266511797904968,-0.9693138599395752,0.13633257150650024,-0.29079416394233704,1,0.33265629410743713,0.3068607668647573,-0.19290526723119944,305.0,1.0,1.0,1.0,1.0,1.0,1.0,0.12242178618907928,0.09963846951723099,0.11144229024648666,1.0,0.9381298422813416,-0.9735836982727051,0.15952131152153015,0.8214479088783264,0.5702835321426392,0.30683332681655884
mirror_pair06_negative,6,negative,2,15,0.9290010333061218,-0.9700932502746582,0.13645005226135254,-0.2910279929637909,1,0.3099837899208069,0.32231313360145153,-0.21612655409647547,302.0,1.0,1.0,1.0,1.0,1.0,1.0,0.13920746743679047,0.09778956323862076,0.09504465758800507,1.0,0.9247344732284546,-0.9686698913574219,0.15813639760017395,0.8661999106407166,0.49969765543937683,0.3334444463253021
mirror_pair06_negative,6,negative,2,16,0.9292144179344177,-0.9675592184066772,0.13646072149276733,-0.2902677655220032,1,0.2964632511138916,0.33630260078726254,-0.23996496070727422,299.0,1.0,1.0,1.0,1.0,1.0,1.0,1.0,0.09406251460313797,0.08856679499149323,0.12170509248971939,0.9266511797904968,-0.9693138599395752,0.15690971910953522,0.8976433277130127,0.44072267413139343,0.3547222316265106
mirror_pair06_negative,6,negative,2,17,0.931693971157074,-0.9684475064277649,0.13658469915390015,-0.29053425788879395,1,0.2886108458042145,0.34889469737131135,-0.2646490757575946,295.0,1.0,1.0,1.0,1.0,1.0,1.0,1.0,0.09349166601896286,0.08470378816127777,0.1033492237329483,0.9290010333061218,-0.9700932502746582,0.15585853159427643,0.9252759218215942,0.37929466366767883,0.3761666715145111
mirror_pair06_negative,6,negative,2,18,0.9345696568489075,-0.9695249199867249,0.04672848433256149,-0.2908574938774109,1,0.2771778702735901,0.3561315293961087,-0.2809021333740285,292.0,1.0,1.0,1.0,1.0,1.0,1.0,1.0,0.10321874916553497,0.08246023952960968,0.08712620288133621,0.9292144179344177,-0.9675592184066772,0.15498216450214386,0.9542403221130371,0.2990407943725586,0.4033333361148834
mirror_pair06_negative,6,negative,2,19,0.9366355538368225,-0.9703249335289001,0.046831779181957245,-0.291097491979599,1,0.27108269929885864,0.3595494142776978,-0.2902299214214279,288.0,1.0,1.0,1.0,1.0,1.0,1.0,1.0,0.1164819598197937,0.08281905949115753,0.07919367402791977,0.931693971157074,-0.9684475064277649,0.15452302992343903,0.9710926413536072,0.2387029528617859,0.42327776551246643
mirror_pair06_negative,6,negative,2,20,0.9383201003074646,-0.9737395644187927,0.04691600427031517,-0.29212188720703125,1,0.26703810691833496,0.3623539698054946,-0.29951349864714283,285.0,1.0,1.0,1.0,1.0,1.0,1.0,1.0,1.0,0.08033633977174759,0.07745219767093658,0.9345696568489075,-0.9695249199867249,0.15433458983898163,0.9863718748092651,0.1645311713218689,0.4473888874053955
mirror_pair06_negative,6,negative,3,1,0.8963958621025085,-0.957796573638916,0.13481980562210083,-0.2873389720916748,1,0.6588684916496277,0.0038523921972012177,-0.0005120170613229814,353.0,1.0,1.0,1.0,1.0,0.19010627269744873,0.19530628621578217,1.0,1.0,1.0,1.0,0.0,0.0,0.1860615760087967,0.10001440346240997,0.9949859976768494,0.03188888728618622
mirror_pair06_negative,6,negative,3,2,0.8961679935455322,-0.9577458500862122,0.13480840623378754,-0.2873237729072571,1,0.6399922370910645,0.019401671493389276,-0.0019312692538206058,355.0,1.0,1.0,1.0,1.0,0.1882481426000595,0.2028743028640747,1.0,1.0,1.0,1.0,0.0,0.0,0.18576686084270477,0.10018806159496307,0.9949685335159302,0.03194444626569748
mirror_pair06_negative,6,negative,3,3,0.9334476590156555,-0.9714920520782471,0.13667239248752594,-0.29144763946533203,1,0.6384366154670715,0.04681027512994599,-0.004819212818249195,352.0,1.0,1.0,1.0,1.0,0.18285492062568665,0.20066949725151062,1.0,1.0,1.0,1.0,0.8963958621025085,-0.957796573638916,0.18431763350963593,0.06592559814453125,0.9978245496749878,0.020999999716877937
mirror_pair06_negative,6,negative,3,4,0.9350231885910034,-0.9721617102622986,0.13675116002559662,-0.2916485369205475,1,0.603661835193634,0.07441766869635902,-0.009364111736594497,349.0,1.0,1.0,1.0,1.0,0.18241046369075775,0.18577532470226288,1.0,1.0,1.0,1.0,0.8961679935455322,-0.9577458500862122,0.1817624866962433,0.11909715831279755,0.9928826093673706,0.03799999877810478
mirror_pair06_negative,6,negative,3,5,0.936847448348999,-0.9728999733924866,0.13684237003326416,-0.29186999797821045,1,0.5442755818367004,0.1012667314001667,-0.015425880870629355,345.0,1.0,1.0,1.0,1.0,0.18441949784755707,0.17247481644153595,1.0,1.0,1.0,1.0,0.9334476590156555,-0.9714920520782471,0.17918625473976135,0.17296060919761658,0.9849287271499634,0.05533333495259285
mirror_pair06_negative,6,negative,3,6,0.9389675259590149,-0.9737770557403564,0.1369483768939972,-0.2921331226825714,1,0.5255770087242126,0.12801580043696945,-0.023202175041303116,342.0,1.0,1.0,1.0,1.0,0.18240611255168915,0.15550731122493744,1.0,1.0,1.0,1.0,0.9350231885910034,-0.9721617102622986,0.17667917907238007,0.24412280321121216,0.9697443246841431,0.07850000262260437
mirror_pair06_negative,6,negative,3,7,0.949076235294342,-0.9779137969017029,0.1374538242816925,-0.2933741509914398,1,0.5004375576972961,0.15444961150436953,-0.0326208677736369,339.0,1.0,1.0,1.0,1.0,0.1871137171983719,0.15016485750675201,0.19467505812644958,1.0,1.0,1.0,0.936847448348999,-0.9728999733924866,0.17418108880519867,0.2983745336532593,0.9544488787651062,0.09644444286823273
mirror_pair06_negative,6,negative,3,8,0.9411664009094238,-0.9758309721946716,0.1370583176612854,-0.2927493155002594,1,0.4789993464946747,0.18014593993664632,-0.043503225103100625,335.0,1.0,1.0,1.0,1.0,1.0,0.14298215508460999,0.16061343252658844,1.0,1.0,1.0,0.9389675259590149,-0.9737770557403564,0.17171409726142883,0.3524950444698334,0.9358136653900146,0.1146666631102562
mirror_pair06_negative,6,negative,3,9,0.9433920383453369,-0.9766866564750671,0.13716959953308105,-0.2930060029029846,1,0.4593179523944855,0.20518909135937724,-0.055843227856041185,332.0,1.0,1.0,1.0,1.0,1.0,0.13685695827007294,0.14428529143333435,1.0,1.0,1.0,0.949076235294342,-0.9779137969017029,0.16931989789009094,0.42230188846588135,0.9064552783966064,0.13877777755260468
mirror_pair06_negative,6,negative,3,10,0.9449965357780457,-0.9772980809211731,0.13724982738494873,-0.2931894361972809,1,0.40381577610969543,0.22931328591155378,-0.06964056449000681,328.0,1.0,1.0,1.0,1.0,1.0,0.13123370707035065,0.13138572871685028,1.0,1.0,1.0,0.9411664009094238,-0.9758309721946716,0.16699334979057312,0.4751635491847992,0.8798974752426147,0.15761111676692963
mirror_pair06_negative,6,negative,3,11,0.947028398513794,-0.9780667424201965,0.13735142350196838,-0.29342004656791687,1,0.386502742767334,0.25264826386903294,-0.08490829349898008,325.0,1.0,1.0,1.0,1.0,1.0,0.13038364052772522,0.11537593603134155,1.0,1.0,1.0,0.9433920383453369,-0.9766866564750671,0.16476230323314667,0.5420016050338745,0.8403774499893188,0.1823333352804184
mirror_pair06_negative,6,negative,3,12,0.9501318335533142,-0.9765633344650269,0.1375066041946411,-0.2929690182209015,1,0.3766477108001709,0.27513808046261023,-0.10155540896161423,322.0,1.0,1.0,1.0,1.0,1.0,0.127011239528656,0.11042935401201248,0.1368408501148224,1.0,1.0,0.9449965357780457,-0.9772980809211731,0.16261827945709229,0.5924350619316101,0.805618166923523,0.2018333375453949
mirror_pair06_negative,6,negative,3,13,0.951545000076294,-0.9770886898040771,0.13757725059986115,-0.2931266129016876,1,0.35206377506256104,0.2967318209585488,-0.11957637613497805,318.0,1.0,1.0,1.0,1.0,1.0,0.13070175051689148,0.10761363059282303,0.11477535218000412,1.0,1.0,0.947028398513794,-0.9780667424201965,0.16057035326957703,0.6414496302604675,0.7671651244163513,0.22166666388511658
mirror_pair06_negative,6,negative,3,14,0.9363979697227478,-0.9728639721870422,0.13681989908218384,-0.2918592095375061,1,0.30929458141326904,0.3169099641139324,-0.13854918106184613,315.0,1.0,1.0,1.0,1.0,1.0,1.0,0.10250752419233322,0.10058964788913727,1.0,1.0,0.9501318335533142,-0.9765633344650269,0.15862764418125153,0.7012826204299927,0.7128833532333374,0.24738888442516327
mirror_pair06_negative,6,negative,3,15,0.9226298928260803,-0.9678430557250977,0.13613149523735046,-0.2903529405593872,1,0.3000781834125519,0.33589607258356013,-0.15865249436338058,312.0,1.0,1.0,1.0,1.0,1.0,1.0,0.09839539974927902,0.08836988359689713,0.12935419380664825,1.0,0.951545000076294,-0.9770886898040771,0.1568409502506256,0.7455922961235046,0.6664023399353027,0.26783332228660583
mirror_pair06_negative,6,negative,3,16,0.9245038032531738,-0.9684913158416748,0.13622519373893738,-0.2905474007129669,1,0.28040942549705505,0.35375821858276585,-0.17991992182446007,308.0,1.0,1.0,1.0,1.0,1.0,1.0,0.09751580655574799,0.08573662489652634,0.10577516257762909,1.0,0.9363979697227478,-0.9728639721870422,0.15519435703754425,0.787257969379425,0.6166237592697144,0.28850001096725464
mirror_pair06_negative,6,negative,3,17,0.9270006418228149,-0.9693281054496765,0.13635003566741943,-0.29079845547676086,1,0.25763896107673645,0.3703946216827288,-0.2022613667288828,305.0,1.0,1.0,1.0,1.0,1.0,1.0,0.10043040663003922,0.08011697977781296,0.08561842143535614,1.0,0.9226298928260803,-0.9678430557250977,0.1536862850189209,0.8359031677246094,0.548876941204071,0.3150555491447449
mirror_pair06_negative,6,negative,3,18,0.9372254014015198,-0.9715133905410767,0.13686127960681915,-0.291454017162323,1,0.25312143564224243,0.3856811155051518,-0.22541576370263747,302.0,1.0,1.0,1.0,1.0,1.0,1.0,0.10438020527362823,0.07794003933668137,0.07361113280057907,0.11172641813755035,0.9245038032531738,-0.9684913158416748,0.15233026444911957,0.8706992864608765,0.49181580543518066,0.33633333444595337
mirror_pair06_negative,6,negative,3,19,0.9294030666351318,-0.967424213886261,0.13647015392780304,-0.2902272641658783,1,0.24481582641601562,0.39955780720410666,-0.24937245993398519,298.0,1.0,1.0,1.0,1.0,1.0,1.0,1.0,0.07554386556148529,0.07232040911912918,0.08330802619457245,0.9270006418228149,-0.9693281054496765,0.15113979578018188,0.9018325209617615,0.4320857524871826,0.35777777433395386
mirror_pair06_negative,6,negative,3,20,0.9324246048927307,-0.9685304760932922,0.13662123680114746,-0.29055914282798767,1,0.23096445202827454,0.41206603147018234,-0.274277744887198,295.0,1.0,1.0,1.0,1.0,1.0,1.0,1.0,0.07084596902132034,0.06994737684726715,0.07894150167703629,0.9372254014015198,-0.9715133905410767,0.15012389421463013,0.9354440569877625,0.35347485542297363,0.38499999046325684
